"species","gestation_length","longevity","invasiveness","interdigitation","taxonomic_order"
"acerodon_jubatus",166.65,7320.34,"Hemochorial","Labyrinthine","Chiroptera"
"acinonyx_jubatus",90.12,7482.5,"Endotheliochorial","Labyrinthine","Carnivora"
"acomys_cahirinus",38,2731.42,"Hemochorial","Labyrinthine","Rodentia"
"addax_nasomaculatus",276,10293,"Epitheliochorial","Villous","Artiodactyla"
"aepyceros_melampus",196.74,9344,"Epitheliochorial","Villous","Artiodactyla"
"ailuropoda_melanoleuca",131.18,13432,"Endotheliochorial","Labyrinthine","Carnivora"
"ailurus_fulgens",123.44,6935,"Endotheliochorial","Labyrinthine","Carnivora"
"alcelaphus_buselaphus",240.64,5828.85,"Epitheliochorial","Villous","Artiodactyla"
"alces_alces",241.98,9855,"Epitheliochorial","Villous","Artiodactyla"
"allenopithecus_nigroviridis",165.59,10019.25,"Hemochorial","Labyrinthine","Primates"
"alouatta_caraya",187,11826,"Hemochorial","Villous","Primates"
"alouatta_palliata",186,9125,"Hemochorial","Villous","Primates"
"alouatta_seniculus",190,9125,"Hemochorial","Trabecular","Primates"
"ammospermophilus_harrisii",29.36,3869,"Hemochorial","Labyrinthine","Rodentia"
"ammospermophilus_leucurus",29.19,4088,"Hemochorial","Labyrinthine","Rodentia"
"ammotragus_lervia",151.81,7920.5,"Epitheliochorial","Villous","Artiodactyla"
"anathana_ellioti",46.31,2851.09,"Endotheliochorial","Labyrinthine","Scandentia"
"antidorcas_marsupialis",169.49,7300,"Epitheliochorial","Villous","Artiodactyla"
"antilocapra_americana",247.45,5657.5,"Epitheliochorial","Villous","Artiodactyla"
"antilope_cervicapra",167.7,8723.5,"Epitheliochorial","Villous","Artiodactyla"
"aonyx_capensis",63,5183,"Endotheliochorial","Labyrinthine","Carnivora"
"aotus_trivirgatus",142,10986.5,"Hemochorial","Villous","Primates"
"aplodontia_rufa",29.91,3650,"Hemochorial","Labyrinthine","Rodentia"
"arctictis_binturong",92,9928,"Endotheliochorial","Labyrinthine","Carnivora"
"arctocebus_aureus",133.74,4745,"Epitheliochorial","Villous","Primates"
"arctocephalus_pusillus",357.83,11716.5,"Endotheliochorial","Labyrinthine","Carnivora"
"arctocephalus_townsendi",246.38,11169,"Endotheliochorial","Labyrinthine","Carnivora"
"artibeus_jamaicensis",106.54,7014.08,"Endotheliochorial","Labyrinthine","Chiroptera"
"artibeus_lituratus",106.54,7014.08,"Endotheliochorial","Labyrinthine","Chiroptera"
"atelerix_albiventris",35.5,4161,"Hemochorial","Labyrinthine","Eulipotyphla"
"ateles_fusciceps",227,17520,"Hemochorial","Trabecular","Primates"
"ateles_geoffroyi",229.19,17520,"Hemochorial","Trabecular","Primates"
"ateles_paniscus",228.18,16790,"Hemochorial","Trabecular","Primates"
"atherurus_africanus",106.53,8364.58,"Hemochorial","Labyrinthine","Rodentia"
"axis_axis",226.75,7592,"Epitheliochorial","Villous","Artiodactyla"
"babyrousa_babyrussa",156.5,8760,"Epitheliochorial","Villous","Artiodactyla"
"babyrousa_celebensis",156.5,8760,"Epitheliochorial","Villous","Artiodactyla"
"bandicota_indica",22,1533,"Hemochorial","Labyrinthine","Rodentia"
"bassariscus_astutus",54.23,6935,"Endotheliochorial","Labyrinthine","Carnivora"
"bassariscus_sumichrasti",64.72,8760,"Endotheliochorial","Labyrinthine","Carnivora"
"bathyergus_janetta",68.41,547.5,"Hemochorial","Labyrinthine","Rodentia"
"blarina_brevicauda",20.09,1003.75,"Hemochorial","Labyrinthine","Eulipotyphla"
"blastocerus_dichotomus",270.58,5000.5,"Epitheliochorial","Villous","Artiodactyla"
"bos_gaurus",274.77,9563,"Epitheliochorial","Villous","Artiodactyla"
"bos_javanicus",295.89,9891.5,"Epitheliochorial","Villous","Artiodactyla"
"boselaphus_tragocamelus",255,7920.5,"Epitheliochorial","Villous","Artiodactyla"
"brachylagus_idahoensis",33.04,1578.63,"Hemochorial","Labyrinthine","Lagomorpha"
"bradypus_pygmaeus",160.36,9120.93,"Endotheliochorial","Trabecular","Pilosa"
"bradypus_torquatus",150,4380,"Endotheliochorial","Labyrinthine","Pilosa"
"bradypus_tridactylus",126.96,14600,"Endotheliochorial","Trabecular","Pilosa"
"bradypus_variegatus",170.84,9866.91,"Endotheliochorial","Trabecular","Pilosa"
"bubalus_depressicornis",300,13176.5,"Epitheliochorial","Villous","Artiodactyla"
"bubalus_mindorensis",302.93,10220,"Epitheliochorial","Villous","Artiodactyla"
"budorcas_taxicolor",235.6,7993.5,"Epitheliochorial","Villous","Artiodactyla"
"cacajao_calvus",182,13781.79,"Hemochorial","Villous","Primates"
"callimico_goeldii",153.5,8103,"Hemochorial","Trabecular","Primates"
"callithrix_geoffroyi",144,8318.96,"Hemochorial","Trabecular","Primates"
"callithrix_jacchus",144,8318.96,"Hemochorial","Trabecular","Primates"
"callithrix_kuhlii",144,8318.96,"Hemochorial","Trabecular","Primates"
"callithrix_penicillata",144,8318.96,"Hemochorial","Trabecular","Primates"
"callorhinus_ursinus",254.75,12775,"Endotheliochorial","Labyrinthine","Carnivora"
"callosciurus_prevostii",47.79,7701.5,"Hemochorial","Villous","Rodentia"
"callospermophilus_lateralis",30.44,3796,"Hemochorial","Labyrinthine","Rodentia"
"calomys_callosus",22.01,416.83,"Hemochorial","Labyrinthine","Rodentia"
"camelus_dromedarius",395.76,14600,"Epitheliochorial","Villous","Artiodactyla"
"canis_latrans",62.39,7969.17,"Endotheliochorial","Labyrinthine","Carnivora"
"canis_lupus",62.2,10767.5,"Endotheliochorial","Labyrinthine","Carnivora"
"canis_rufus",67.81,5847.27,"Endotheliochorial","Labyrinthine","Carnivora"
"capra_cylindricornis",161,7373,"Epitheliochorial","Villous","Artiodactyla"
"capra_falconeri",163.07,6971.5,"Epitheliochorial","Villous","Artiodactyla"
"capra_ibex",169,8139.5,"Epitheliochorial","Villous","Artiodactyla"
"capra_nubiana",169,8139.5,"Epitheliochorial","Villous","Artiodactyla"
"capreolus_capreolus",153,6387.5,"Epitheliochorial","Villous","Artiodactyla"
"capricornis_crispus",215,8760,"Epitheliochorial","Villous","Artiodactyla"
"capromys_pilorides",125,5040.04,"Hemochorial","Labyrinthine","Rodentia"
"caracal_caracal",73.96,7409.5,"Endotheliochorial","Labyrinthine","Carnivora"
"carollia_perspicillata",95,6205,"Endotheliochorial","Labyrinthine","Chiroptera"
"castor_canadensis",114.44,8541,"Hemochorial","Labyrinthine","Rodentia"
"catagonus_wagneri",152.08,5344.21,"Epitheliochorial","Villous","Artiodactyla"
"cavia_fulgida",73.39,2401.99,"Hemochorial","Labyrinthine","Rodentia"
"cavia_tschudii",63,3650,"Hemochorial","Labyrinthine","Rodentia"
"cebus_albifrons",158,16060,"Hemochorial","Trabecular","Primates"
"cebus_capucinus",162,20075,"Hemochorial","Trabecular","Primates"
"cephalophus_dorsalis",236,6387.5,"Epitheliochorial","Villous","Artiodactyla"
"cephalophus_jentinki",205.76,7771.46,"Epitheliochorial","Villous","Artiodactyla"
"cephalophus_niger",127.83,5402,"Epitheliochorial","Villous","Artiodactyla"
"cephalophus_rufilatus",233.99,5548,"Epitheliochorial","Villous","Artiodactyla"
"cephalophus_silvicultor",165.27,8212.5,"Epitheliochorial","Villous","Artiodactyla"
"cephalorhynchus_commersonii",365.23,9417,"Epitheliochorial","Villous","Artiodactyla"
"ceratotherium_simum",515,18250,"Epitheliochorial","Villous","Perissodactyla"
"cercocebus_agilis",169.86,16790,"Hemochorial","Trabecular","Primates"
"cercocebus_chrysogaster",169.86,16790,"Hemochorial","Trabecular","Primates"
"cercocebus_torquatus",167.99,16790,"Hemochorial","Trabecular","Primates"
"cercopithecus_cephus",172,13140,"Hemochorial","Trabecular","Primates"
"cercopithecus_diana",168.99,13614.5,"Hemochorial","Trabecular","Primates"
"cercopithecus_hamlyni",170.74,10439,"Hemochorial","Trabecular","Primates"
"cercopithecus_mitis",136.96,13797,"Hemochorial","Trabecular","Primates"
"cercopithecus_mona",172.73,11202.46,"Hemochorial","Trabecular","Primates"
"cercopithecus_neglectus",176,11242,"Hemochorial","Trabecular","Primates"
"cervus_elaphus",244.4,11497.5,"Epitheliochorial","Villous","Artiodactyla"
"cervus_nippon",223.66,9599.5,"Epitheliochorial","Villous","Artiodactyla"
"chaerephon_plicatus",88.64,2467,"Hemochorial","Labyrinthine","Chiroptera"
"chaetodipus_fallax",25,3041.67,"Hemochorial","Labyrinthine","Rodentia"
"chaetophractus_vellerosus",93.07,5919.08,"Hemochorial","Trabecular","Cingulata"
"chaetophractus_villosus",67,9198,"Hemochorial","Trabecular","Cingulata"
"cheirogaleus_medius",63.77,8471.04,"Epitheliochorial","Villous","Primates"
"chinchilla_lanigera",112.47,7300,"Hemochorial","Labyrinthine","Rodentia"
"chlorocebus_aethiops",167.99,16790,"Hemochorial","Trabecular","Primates"
"chlorocebus_pygerythrus",167.99,16790,"Hemochorial","Trabecular","Primates"
"chlorocebus_sabaeus",167.99,16790,"Hemochorial","Trabecular","Primates"
"choloepus_didactylus",274.32,13432,"Endotheliochorial","Trabecular","Pilosa"
"choloepus_hoffmanni",344.89,13505,"Endotheliochorial","Trabecular","Pilosa"
"chrotopterus_auritus",153.05,5894.62,"Endotheliochorial","Labyrinthine","Chiroptera"
"chrysochloris_asiatica",67.67,879.04,"Hemochorial","Labyrinthine","Afrosoricida"
"chrysocyon_brachyurus",64,6132,"Endotheliochorial","Labyrinthine","Carnivora"
"coendou_mexicanus",137.09,6095.5,"Hemochorial","Labyrinthine","Rodentia"
"coendou_prehensilis",203,9709,"Hemochorial","Labyrinthine","Rodentia"
"colobus_angolensis",190.53,12884.5,"Hemochorial","Trabecular","Primates"
"colobus_guereza",180,12775,"Hemochorial","Trabecular","Primates"
"connochaetes_gnou",258.72,7957,"Epitheliochorial","Villous","Artiodactyla"
"connochaetes_taurinus",253,9015.5,"Epitheliochorial","Villous","Artiodactyla"
"crateromys_heaneyi",36.66,3218.08,"Hemochorial","Labyrinthine","Rodentia"
"cricetomys_gambianus",34,3066,"Hemochorial","Labyrinthine","Rodentia"
"cricetulus_barabensis",20.55,1934.5,"Hemochorial","Labyrinthine","Rodentia"
"cricetulus_longicaudatus",22.12,60.83,"Hemochorial","Labyrinthine","Rodentia"
"crocuta_crocuta",110,15001.5,"Hemochorial","Labyrinthine","Carnivora"
"crossarchus_obscurus",68.48,4854.5,"Endotheliochorial","Labyrinthine","Carnivora"
"cryptoprocta_ferox",91.31,8431.5,"Endotheliochorial","Labyrinthine","Carnivora"
"ctenodactylus_gundi",74,2117,"Hemochorial","Labyrinthine","Rodentia"
"cuniculus_paca",116,6132,"Hemochorial","Labyrinthine","Rodentia"
"cyclopes_didactylus",215.75,839.5,"Hemochorial","Trabecular","Pilosa"
"cynocephalus_volans",105,6387.5,"Hemochorial","Labyrinthine","Dermoptera"
"cynomys_ludovicianus",35.42,6570,"Hemochorial","Labyrinthine","Rodentia"
"cynopterus_sphinx",120,3686.5,"Hemochorial","Labyrinthine","Chiroptera"
"cystophora_cristata",334.58,12775,"Endotheliochorial","Labyrinthine","Carnivora"
"dama_dama",233,9125,"Epitheliochorial","Villous","Artiodactyla"
"damaliscus_lunatus",238,8614,"Epitheliochorial","Villous","Artiodactyla"
"dasyprocta_leporina",106.39,5803.5,"Hemochorial","Labyrinthine","Rodentia"
"dasyprocta_punctata",109.83,5037,"Hemochorial","Labyrinthine","Rodentia"
"dasypus_hybridus",124.07,4950.86,"Hemochorial","Trabecular","Cingulata"
"dasypus_novemcinctus",133,8151.67,"Hemochorial","Trabecular","Cingulata"
"daubentonia_madagascariensis",167,8869.5,"Epitheliochorial","Villous","Primates"
"delphinapterus_leucas",409.06,14600,"Epitheliochorial","Villous","Artiodactyla"
"delphinus_delphis",296.89,10594.12,"Epitheliochorial","Villous","Artiodactyla"
"dendrogale_murina",49.74,4380,"Endotheliochorial","Labyrinthine","Scandentia"
"desmodus_rotundus",189,10658,"Endotheliochorial","Labyrinthine","Chiroptera"
"dicerorhinus_sumatrensis",236,12775,"Epitheliochorial","Villous","Perissodactyla"
"diceros_bicornis",474,17973.21,"Epitheliochorial","Villous","Perissodactyla"
"dicrostonyx_groenlandicus",20.84,1204.5,"Hemochorial","Labyrinthine","Rodentia"
"dinomys_branickii",253,4745,"Hemochorial","Labyrinthine","Rodentia"
"dipodomys_deserti",30.5,3285,"Hemochorial","Labyrinthine","Rodentia"
"dipodomys_merriami",27.85,3540.5,"Endotheliochorial","Labyrinthine","Rodentia"
"dipodomys_ordii",29.91,3613.5,"Endotheliochorial","Labyrinthine","Rodentia"
"dipodomys_panamintinus",30.13,1974.04,"Endotheliochorial","Labyrinthine","Rodentia"
"dolichotis_patagonum",91,5256,"Hemochorial","Labyrinthine","Rodentia"
"echinops_telfairi",57.83,6935,"Hemochorial","Labyrinthine","Afrosoricida"
"eira_barbara",66.66,8139.5,"Endotheliochorial","Labyrinthine","Carnivora"
"elaphodus_cephalophus",181.24,8285.5,"Epitheliochorial","Villous","Artiodactyla"
"elaphurus_davidianus",286.45,10037.5,"Epitheliochorial","Villous","Artiodactyla"
"elephantulus_brachyrhynchus",59.56,1517.79,"Hemochorial","Labyrinthine","Macroscelidea"
"elephantulus_myurus",55.39,1517.79,"Hemochorial","Labyrinthine","Macroscelidea"
"elephantulus_rufescens",58.74,2883.5,"Hemochorial","Labyrinthine","Macroscelidea"
"elephas_maximus",642.84,29200,"Endotheliochorial","Labyrinthine","Proboscidea"
"enhydra_lutris",216.1,10950,"Endotheliochorial","Labyrinthine","Carnivora"
"epomophorus_wahlbergi",156.43,3686.5,"Hemochorial","Labyrinthine","Chiroptera"
"equus_grevyi",405.71,11384.96,"Epitheliochorial","Villous","Perissodactyla"
"equus_hemionus",346,14162,"Epitheliochorial","Villous","Perissodactyla"
"equus_kiang",304.4,14162,"Epitheliochorial","Trabecular","Perissodactyla"
"equus_zebra",363.49,12118,"Epitheliochorial","Villous","Perissodactyla"
"erethizon_dorsatum",210,8541,"Hemochorial","Labyrinthine","Rodentia"
"erinaceus_europaeus",36.07,5110,"Hemochorial","Labyrinthine","Eulipotyphla"
"erythrocebus_patas",167.2,10329.5,"Hemochorial","Trabecular","Primates"
"eudorcas_thomsonii",170.75,7300,"Epitheliochorial","Villous","Artiodactyla"
"eulemur_albifrons",124.68,14235,"Epitheliochorial","Villous","Primates"
"eulemur_collaris",119.42,13505,"Epitheliochorial","Villous","Primates"
"eulemur_coronatus",125.4,10950,"Epitheliochorial","Villous","Primates"
"eulemur_mongoz",128.5,13213,"Epitheliochorial","Villous","Primates"
"eulemur_rubriventer",130,7497.71,"Epitheliochorial","Villous","Primates"
"eulemur_rufus",119.42,13505,"Epitheliochorial","Villous","Primates"
"eulemur_sanfordi",119.42,13505,"Epitheliochorial","Villous","Primates"
"eumetopias_jubatus",308.05,11972,"Endotheliochorial","Labyrinthine","Carnivora"
"euphractus_sexcinctus",64.66,8066.5,"Hemochorial","Trabecular","Cingulata"
"felis_chaus",62.39,7300,"Endotheliochorial","Labyrinthine","Carnivora"
"felis_margarita",66.96,5073.5,"Endotheliochorial","Labyrinthine","Carnivora"
"felis_nigripes",66.96,5694,"Endotheliochorial","Labyrinthine","Carnivora"
"felis_silvestris",64.72,10220,"Endotheliochorial","Labyrinthine","Carnivora"
"fukomys_damarensis",92.83,5657.5,"Hemochorial","Villous","Rodentia"
"funambulus_pennantii",40.48,1852.38,"Hemochorial","Labyrinthine","Rodentia"
"furipterus_horrens",133.61,5768.69,"Hemochorial","Labyrinthine","Chiroptera"
"galago_moholi",126,6874.17,"Epitheliochorial","Villous","Primates"
"galago_senegalensis",126.49,6874.17,"Epitheliochorial","Villous","Primates"
"galea_musteloides",54,1277.5,"Hemochorial","Labyrinthine","Rodentia"
"gazella_cuvieri",170.87,6533.5,"Epitheliochorial","Villous","Artiodactyla"
"gazella_dorcas",156,8650.5,"Epitheliochorial","Villous","Artiodactyla"
"gazella_leptoceros",167.29,5329,"Epitheliochorial","Villous","Artiodactyla"
"gazella_marica",169.22,7300,"Epitheliochorial","Villous","Artiodactyla"
"gazella_spekei",187.91,5405.04,"Epitheliochorial","Villous","Artiodactyla"
"gazella_subgutturosa",169.22,7300,"Epitheliochorial","Villous","Artiodactyla"
"genetta_tigrina",70.61,7774.5,"Endotheliochorial","Labyrinthine","Carnivora"
"geomys_bursarius",26.78,4380,"Hemochorial","Labyrinthine","Rodentia"
"giraffa_camelopardalis",456.13,14417.5,"Epitheliochorial","Villous","Artiodactyla"
"glaucomys_sabrinus",40,5183,"Hemochorial","Labyrinthine","Rodentia"
"glaucomys_volans",40,6935,"Hemochorial","Labyrinthine","Rodentia"
"glossophaga_soricina",107.26,4015,"Endotheliochorial","Labyrinthine","Chiroptera"
"gorilla_gorilla",257,20221,"Hemochorial","Villous","Primates"
"gulo_gulo",51.44,7117.5,"Endotheliochorial","Labyrinthine","Carnivora"
"halichoerus_grypus",291.23,17035.46,"Endotheliochorial","Labyrinthine","Carnivora"
"hapalemur_griseus",141.24,8504.5,"Epitheliochorial","Villous","Primates"
"helarctos_malayanus",98.34,13103.5,"Endotheliochorial","Labyrinthine","Carnivora"
"helogale_hirtula",57.18,3522.25,"Endotheliochorial","Labyrinthine","Carnivora"
"hemicentetes_semispinosus",53.78,1000.71,"Hemochorial","Labyrinthine","Afrosoricida"
"hemigalus_derbyanus",69.99,6570,"Endotheliochorial","Labyrinthine","Carnivora"
"hemitragus_jemlahicus",183,7957,"Epitheliochorial","Villous","Artiodactyla"
"heterocephalus_glaber",70,10329.5,"Hemochorial","Labyrinthine","Rodentia"
"heterohyrax_brucei",228.21,5110,"Hemochorial","Labyrinthine","Hyracoidea"
"hippopotamus_amphibius",234.69,22338,"Epitheliochorial","Villous","Artiodactyla"
"hippotragus_equinus",283.83,9453.5,"Epitheliochorial","Villous","Artiodactyla"
"hippotragus_niger",271,8121.25,"Epitheliochorial","Villous","Artiodactyla"
"hyaena_hyaena",90.5,9125,"Endotheliochorial","Labyrinthine","Carnivora"
"hydrictis_maculicollis",60.88,8358.5,"Endotheliochorial","Labyrinthine","Carnivora"
"hydrochoerus_hydrochaeris",150.73,5511.5,"Hemochorial","Labyrinthine","Rodentia"
"hydropotes_inermis",190,5079.58,"Epitheliochorial","Villous","Artiodactyla"
"hydrurga_leptonyx",289.14,9490,"Endotheliochorial","Labyrinthine","Carnivora"
"hylobates_agilis",216.24,20805,"Hemochorial","Villous","Primates"
"hylobates_lar",216.24,20805,"Hemochorial","Villous","Primates"
"hylobates_pileatus",216.24,20805,"Hemochorial","Villous","Primates"
"hystrix_africaeaustralis",93.49,8431.5,"Hemochorial","Labyrinthine","Rodentia"
"hystrix_cristata",71.05,10411.63,"Hemochorial","Labyrinthine","Rodentia"
"ictidomys_tridecemlineatus",27.75,2883.5,"Hemochorial","Labyrinthine","Rodentia"
"indri_indri",142.06,9231.94,"Epitheliochorial","Villous","Primates"
"inia_geoffrensis",299.19,11424.5,"Epitheliochorial","Villous","Artiodactyla"
"jaculus_jaculus",38,2664.5,"Hemochorial","Labyrinthine","Rodentia"
"kerodon_rupestris",75.89,4708.5,"Hemochorial","Labyrinthine","Rodentia"
"kobus_ellipsiprymnus",270,11080.79,"Epitheliochorial","Villous","Artiodactyla"
"kobus_leche",229.4,9271,"Epitheliochorial","Villous","Artiodactyla"
"kobus_megaceros",235,7701.5,"Epitheliochorial","Villous","Artiodactyla"
"lagostomus_maximus",155.73,3942,"Hemochorial","Labyrinthine","Rodentia"
"lama_guanicoe",337.55,22435.33,"Epitheliochorial","Villous","Artiodactyla"
"lemmus_lemmus",20.11,1213.63,"Hemochorial","Labyrinthine","Rodentia"
"lemur_catta",134.84,13614.5,"Epitheliochorial","Villous","Artiodactyla"
"leontopithecus_chrysomelas",132.4,11534,"Hemochorial","Trabecular","Primates"
"leontopithecus_rosalia",132.4,11534,"Hemochorial","Trabecular","Primates"
"leopardus_geoffroyi",74.78,8471.04,"Endotheliochorial","Labyrinthine","Carnivora"
"leopardus_pardalis",80.35,10293,"Endotheliochorial","Labyrinthine","Carnivora"
"leopardus_wiedii",81.26,8775.21,"Endotheliochorial","Labyrinthine","Carnivora"
"leptailurus_serval",71.83,8395,"Endotheliochorial","Labyrinthine","Carnivora"
"leptonychotes_weddellii",312.01,9125,"Endotheliochorial","Labyrinthine","Carnivora"
"leptonycteris_nivalis",121.66,3650,"Endotheliochorial","Labyrinthine","Chiroptera"
"leptonycteris_yerbabuenae",121.83,3686.5,"Endotheliochorial","Labyrinthine","Chiroptera"
"lepus_americanus",36.85,2920,"Hemochorial","Labyrinthine","Lagomorpha"
"limnogale_mergulus",68.48,2210.79,"Hemochorial","Labyrinthine","Afrosoricida"
"lissodelphis_borealis",365.28,15330,"Epitheliochorial","Villous","Artiodactyla"
"litocranius_walleri",204.15,6314.5,"Epitheliochorial","Villous","Artiodactyla"
"lobodon_carcinophaga",269.81,14235,"Endotheliochorial","Labyrinthine","Carnivora"
"lontra_canadensis",61.18,9855,"Endotheliochorial","Labyrinthine","Carnivora"
"lophocebus_aterrimus",181.7,13389.42,"Hemochorial","Villous","Primates"
"loris_tardigradus",167.61,7044.5,"Epitheliochorial","Villous","Primates"
"loxodonta_africana",669.68,29200,"Endotheliochorial","Labyrinthine","Proboscidea"
"lycaon_pictus",72,6205,"Endotheliochorial","Labyrinthine","Carnivora"
"lynx_canadensis",63,9782,"Endotheliochorial","Labyrinthine","Carnivora"
"lynx_lynx",66.5,9782,"Endotheliochorial","Labyrinthine","Carnivora"
"lynx_rufus",66,11801.67,"Endotheliochorial","Labyrinthine","Carnivora"
"macaca_fascicularis",165,14235,"Hemochorial","Trabecular","Primates"
"macaca_fuscata",174,14052.5,"Hemochorial","Trabecular","Primates"
"macaca_mulatta",165,14600,"Hemochorial","Trabecular","Primates"
"macaca_nigra",175.96,12410,"Hemochorial","Trabecular","Primates"
"macaca_radiata",161.56,10959.13,"Hemochorial","Trabecular","Primates"
"macaca_silenus",176,14663.88,"Hemochorial","Trabecular","Primates"
"macroscelides_proboscideus",65,3175.5,"Hemochorial","Labyrinthine","Macroscelidea"
"madoqua_guentheri",177.75,6387.5,"Epitheliochorial","Villous","Artiodactyla"
"madoqua_kirkii",172,6314.5,"Epitheliochorial","Villous","Artiodactyla"
"mandrillus_sphinx",173.99,16910.45,"Hemochorial","Trabecular","Primates"
"marmota_flaviventris",30.2,7738,"Hemochorial","Labyrinthine","Rodentia"
"marmota_monax",32.35,5110,"Hemochorial","Labyrinthine","Rodentia"
"martes_americana",28,6935,"Endotheliochorial","Labyrinthine","Carnivora"
"martes_zibellina",30.4,8030,"Endotheliochorial","Labyrinthine","Carnivora"
"mastomys_natalensis",23.54,1061.54,"Hemochorial","Labyrinthine","Rodentia"
"mazama_americana",225,6241.5,"Epitheliochorial","Villous","Artiodactyla"
"megaptera_novaeangliae",348.84,34675,"Epitheliochorial","Villous","Artiodactyla"
"melursus_ursinus",198,14600,"Hemochorial","Labyrinthine","Carnivora"
"meriones_shawi",25.49,1700.29,"Hemochorial","Labyrinthine","Rodentia"
"meriones_unguiculatus",25.09,2299.5,"Hemochorial","Labyrinthine","Rodentia"
"mesocricetus_auratus",16,3650,"Hemochorial","Labyrinthine","Rodentia"
"microcebus_murinus",60.34,6643,"Epitheliochorial","Villous","Primates"
"microdipodops_megacephalus",25.95,1977.08,"Endotheliochorial","Labyrinthine","Rodentia"
"microtus_xanthognathus",23.44,1000.25,"Hemochorial","Labyrinthine","Rodentia"
"miopithecus_talapoin",164.38,11278.5,"Hemochorial","Trabecular","Primates"
"mirounga_angustirostris",290.63,7406.46,"Endotheliochorial","Labyrinthine","Carnivora"
"mirza_coquereli",89,6351,"Epitheliochorial","Villous","Primates"
"mormoops_megalophylla",103.24,2728.03,"Hemochorial","Labyrinthine","Chiroptera"
"mungos_mungo",60.91,6351,"Endotheliochorial","Labyrinthine","Carnivora"
"muntiacus_muntjak",210,6862,"Epitheliochorial","Villous","Artiodactyla"
"muntiacus_reevesi",208.79,8468,"Epitheliochorial","Villous","Artiodactyla"
"mus_musculus",19.6,2190,"Hemochorial","Labyrinthine","Rodentia"
"mustela_putorius",41.49,5110,"Endotheliochorial","Labyrinthine","Carnivora"
"myocastor_coypus",131.86,4380,"Endotheliochorial","Labyrinthine","Carnivora"
"myodes_glareolus",20,1794.58,"Hemochorial","Labyrinthine","Rodentia"
"myodes_rutilus",23.71,1085.32,"Hemochorial","Labyrinthine","Rodentia"
"myoprocta_pratti",99.33,5402,"Hemochorial","Villous","Rodentia"
"myotis_lucifugus",57.4,12410,"Hemochorial","Labyrinthine","Chiroptera"
"myrmecophaga_tridactyla",184,11506.63,"Hemochorial","Trabecular","Pilosa"
"myzopoda_aurita",104.53,5044.91,"Endotheliochorial","Labyrinthine","Chiroptera"
"naemorhedus_goral",215,6916.75,"Epitheliochorial","Villous","Artiodactyla"
"nandinia_binotata",64.83,7741.04,"Endotheliochorial","Labyrinthine","Carnivora"
"nanger_dama",208,7044.5,"Epitheliochorial","Villous","Artiodactyla"
"nanger_granti",196,7190.5,"Epitheliochorial","Villous","Artiodactyla"
"nasalis_larvatus",167.16,9161.5,"Hemochorial","Trabecular","Primates"
"nasua_narica",77.92,9636,"Endotheliochorial","Labyrinthine","Carnivora"
"nasua_nasua",74.03,8650.5,"Endotheliochorial","Labyrinthine","Carnivora"
"natalus_tumidirostris",121.11,4590.07,"Endotheliochorial","Labyrinthine","Chiroptera"
"neofelis_nebulosa",93.13,7227,"Endotheliochorial","Labyrinthine","Carnivora"
"neotoma_albigula",36.22,3467.5,"Hemochorial","Labyrinthine","Rodentia"
"neotoma_floridana",35.53,3467.5,"Hemochorial","Labyrinthine","Rodentia"
"neotoma_fuscipes",32.13,304.17,"Hemochorial","Labyrinthine","Rodentia"
"neotoma_lepida",33,3832.5,"Hemochorial","Labyrinthine","Rodentia"
"neotragus_pygmaeus",188,5803.5,"Epitheliochorial","Villous","Artiodactyla"
"neovison_vison",36.22,4161,"Endotheliochorial","Labyrinthine","Carnivora"
"nomascus_gabriellae",207.59,16826.5,"Hemochorial","Villous","Primates"
"nycticebus_coucang",189.55,9672.5,"Epitheliochorial","Villous","Primates"
"nycticebus_pygmaeus",188,9672.5,"Epitheliochorial","Villous","Primates"
"ochotona_princeps",30.44,2670.58,"Hemochorial","Labyrinthine","Lagomorpha"
"octodon_degus",90.09,5110,"Hemochorial","Labyrinthine","Rodentia"
"odobenus_rosmarus",353.7,14600,"Endotheliochorial","Labyrinthine","Carnivora"
"odocoileus_hemionus",207,8030,"Epitheliochorial","Villous","Artiodactyla"
"odocoileus_virginianus",201.39,8395,"Epitheliochorial","Villous","Artiodactyla"
"okapia_johnstoni",452.58,12227.5,"Epitheliochorial","Villous","Artiodactyla"
"ondatra_zibethicus",27.78,3650,"Hemochorial","Labyrinthine","Rodentia"
"orcinus_orca",454.72,36500,"Epitheliochorial","Villous","Artiodactyla"
"oreamnos_americanus",182.62,7592,"Epitheliochorial","Villous","Artiodactyla"
"oreotragus_oreotragus",206.66,9453.5,"Epitheliochorial","Villous","Artiodactyla"
"orycteropus_afer",222.05,10877,"Endotheliochorial","Labyrinthine","Tubulidentata"
"oryctolagus_cuniculus",30.6,6570,"Hemochorial","Labyrinthine","Lagomorpha"
"oryx_dammah",247,10037.5,"Epitheliochorial","Villous","Artiodactyla"
"oryx_gazella",168,8723.5,"Epitheliochorial","Villous","Artiodactyla"
"oryx_leucoryx",243,8723.5,"Epitheliochorial","Villous","Artiodactyla"
"otocolobus_manul",72.13,5803.5,"Endotheliochorial","Labyrinthine","Carnivora"
"otocyon_megalotis",68,6527.42,"Endotheliochorial","Labyrinthine","Carnivora"
"otolemur_garnettii",128.74,6874.17,"Epitheliochorial","Villous","Primates"
"otospermophilus_beecheyi",28.5,1974.04,"Hemochorial","Labyrinthine","Rodentia"
"ovibos_moschatus",258,10001,"Epitheliochorial","Villous","Artiodactyla"
"ovis_canadensis",180,8760,"Epitheliochorial","Villous","Artiodactyla"
"ovis_dalli",175.25,8760,"Epitheliochorial","Villous","Artiodactyla"
"ovis_vignei",158.89,8322,"Epitheliochorial","Villous","Artiodactyla"
"pan_paniscus",235.32,20075,"Hemochorial","Villous","Primates"
"pan_troglodytes",229,27010,"Hemochorial","Villous","Primates"
"panthera_leo",109,10950,"Endotheliochorial","Labyrinthine","Carnivora"
"panthera_onca",100.75,10353.83,"Endotheliochorial","Labyrinthine","Carnivora"
"panthera_tigris",105.19,9599.5,"Endotheliochorial","Labyrinthine","Carnivora"
"panthera_uncia",97.92,7738,"Endotheliochorial","Labyrinthine","Carnivora"
"papio_anubis",178.96,16425,"Hemochorial","Trabecular","Primates"
"papio_hamadryas",179.28,16425,"Hemochorial","Villous","Primates"
"papio_papio",179.28,16425,"Hemochorial","Trabecular","Primates"
"paradoxurus_hermaphroditus",60,9125,"Endotheliochorial","Labyrinthine","Carnivora"
"paraxerus_cepapi",56.87,3491.83,"Hemochorial","Labyrinthine","Rodentia"
"pecari_tajacu",143.36,11497.5,"Epitheliochorial","Villous","Artiodactyla"
"pedetes_capensis",78.02,7315.21,"Hemochorial","Labyrinthine","Rodentia"
"perodicticus_potto",193,9782,"Epitheliochorial","Villous","Primates"
"perognathus_parvus",24,2117,"Hemochorial","Labyrinthine","Rodentia"
"peromyscus_eremicus",26,2701,"Hemochorial","Labyrinthine","Rodentia"
"peromyscus_leucopus",25.26,2920,"Hemochorial","Labyrinthine","Rodentia"
"peromyscus_maniculatus",26,3041.67,"Hemochorial","Labyrinthine","Rodentia"
"peromyscus_polionotus",24,2007.5,"Hemochorial","Labyrinthine","Rodentia"
"petrodromus_tetradactylus",76.67,2609.75,"Hemochorial","Labyrinthine","Macroscelidea"
"petromus_typicus",86.11,2579.33,"Hemochorial","Labyrinthine","Rodentia"
"phacochoerus_aethiopicus",166.86,6862,"Epitheliochorial","Villous","Artiodactyla"
"phacochoerus_africanus",168.25,7628.5,"Epitheliochorial","Villous","Artiodactyla"
"philantomba_monticola",195.7,5803.5,"Epitheliochorial","Villous","Artiodactyla"
"phoca_largha",270.77,17374,"Endotheliochorial","Labyrinthine","Carnivora"
"phoca_vitulina",253.57,17374,"Endotheliochorial","Labyrinthine","Carnivora"
"phocoena_phocoena",307.01,7446,"Epitheliochorial","Villous","Artiodactyla"
"phodopus_campbelli",20,1426.54,"Hemochorial","Labyrinthine","Rodentia"
"phodopus_sungorus",19.89,1426.54,"Hemochorial","Labyrinthine","Rodentia"
"phyllostomus_discolor",105,3285,"Endotheliochorial","Labyrinthine","Chiroptera"
"pithecia_pithecia",159.57,13206.92,"Hemochorial","Villous","Primates"
"platanista_gangetica",313.88,10220,"Epitheliochorial","Villous","Artiodactyla"
"poecilogale_albinucha",32.25,2278.21,"Endotheliochorial","Labyrinthine","Carnivora"
"pongo_abelii",259.42,21900,"Hemochorial","Villous","Primates"
"pongo_pygmaeus",259.42,21900,"Hemochorial","Villous","Primates"
"potamochoerus_porcus",120,8227.71,"Epitheliochorial","Villous","Artiodactyla"
"potamogale_velox",74.57,3004.09,"Hemochorial","Labyrinthine","Afrosoricida"
"potos_flavus",115.9,14016,"Endotheliochorial","Labyrinthine","Carnivora"
"prionailurus_bengalensis",66.05,6314.5,"Endotheliochorial","Labyrinthine","Carnivora"
"prionailurus_viverrinus",71.43,6278,"Endotheliochorial","Labyrinthine","Carnivora"
"procavia_capensis",226.45,5405.04,"Hemochorial","Villous","Hyracoidea"
"procyon_lotor",63.91,7665,"Endotheliochorial","Labyrinthine","Carnivora"
"propithecus_coquereli",145.53,11132.5,"Epitheliochorial","Villous","Primates"
"propithecus_diadema",166.28,4036.29,"Hemochorial","Villous","Primates"
"propithecus_tattersalli",147.93,7467.29,"Hemochorial","Villous","Primates"
"propithecus_verreauxi",148,11132.5,"Epitheliochorial","Villous","Primates"
"pseudois_nayaur",159.74,8760,"Epitheliochorial","Villous","Artiodactyla"
"pteronotus_davyi",60,2682.75,"Hemochorial","Labyrinthine","Chiroptera"
"pteronotus_parnellii",107.97,5135.41,"Hemochorial","Labyrinthine","Chiroptera"
"pteronura_brasiliensis",68.79,6314.5,"Endotheliochorial","Labyrinthine","Carnivora"
"pteropus_giganteus",155.8,14907.21,"Hemochorial","Labyrinthine","Chiroptera"
"pteropus_hypomelanus",156.43,7409.5,"Hemochorial","Labyrinthine","Chiroptera"
"pteropus_poliocephalus",187.72,8614,"Hemochorial","Labyrinthine","Chiroptera"
"pteropus_rodricensis",198,10950,"Hemochorial","Labyrinthine","Chiroptera"
"pudu_puda",205.75,7665,"Epitheliochorial","Villous","Artiodactyla"
"puma_concolor",92.3,8687,"Endotheliochorial","Labyrinthine","Carnivora"
"pusa_hispida",251,16790,"Endotheliochorial","Labyrinthine","Carnivora"
"pygathrix_nemaeus",182.88,9775.92,"Hemochorial","Trabecular","Primates"
"rangifer_tarandus",222.5,7920.5,"Epitheliochorial","Villous","Artiodactyla"
"raphicerus_campestris",198.75,5110,"Epitheliochorial","Villous","Artiodactyla"
"rattus_norvegicus",21.61,1825,"Hemochorial","Labyrinthine","Rodentia"
"ratufa_affinis",55.79,3522.25,"Hemochorial","Labyrinthine","Rodentia"
"rhinoceros_unicornis",479,17885,"Epitheliochorial","Villous","Perissodactyla"
"rhinolophus_rouxii",123.54,1825,"Endotheliochorial","Labyrinthine","Chiroptera"
"rhinopoma_hardwickii",98.28,4935.28,"Endotheliochorial","Labyrinthine","Chiroptera"
"rhynchocyon_petersi",64.48,1639.46,"Hemochorial","Labyrinthine","Macroscelidea"
"rousettus_aegyptiacus",116,8358.5,"Hemochorial","Labyrinthine","Chiroptera"
"rousettus_leschenaultii",118.33,5110,"Hemochorial","Labyrinthine","Chiroptera"
"rucervus_duvaucelii",249.94,8942.5,"Epitheliochorial","Villous","Artiodactyla"
"rucervus_eldii",240.19,7482.5,"Epitheliochorial","Villous","Artiodactyla"
"saccopteryx_bilineata",111.48,2190,"Endotheliochorial","Labyrinthine","Chiroptera"
"saguinus_bicolor",160,6935,"Hemochorial","Trabecular","Primates"
"saguinus_geoffroyi",172.12,9563,"Hemochorial","Trabecular","Primates"
"saguinus_imperator",145,8650.5,"Hemochorial","Trabecular","Primates"
"saguinus_midas",132.62,7665,"Hemochorial","Trabecular","Primates"
"saguinus_oedipus",177.87,9563,"Hemochorial","Trabecular","Primates"
"saiga_tatarica",149.42,4380,"Epitheliochorial","Villous","Artiodactyla"
"saimiri_boliviensis",162.55,11059.5,"Hemochorial","Trabecular","Primates"
"scalopus_aquaticus",41.54,2263,"Hemochorial","Labyrinthine","Eulipotyphla"
"sciurus_carolinensis",44,8760,"Hemochorial","Labyrinthine","Rodentia"
"sciurus_niger",44.34,5840,"Hemochorial","Labyrinthine","Rodentia"
"sciurus_vulgaris",38,5402,"Hemochorial","Labyrinthine","Rodentia"
"sekeetamys_calurus",29.8,2664.5,"Hemochorial","Labyrinthine","Rodentia"
"semnopithecus_entellus",192,10685.38,"Hemochorial","Trabecular","Primates"
"setifer_setosus",57.52,5146.5,"Hemochorial","Labyrinthine","Afrosoricida"
"solenodon_paradoxus",64.8,4416.5,"Hemochorial","Labyrinthine","Eulipotyphla"
"sorex_araneus",21,1168,"Hemochorial","Labyrinthine","Eulipotyphla"
"sorex_fumeus",18.87,517.08,"Hemochorial","Labyrinthine","Eulipotyphla"
"sorex_minutus",23.62,730,"Hemochorial","Labyrinthine","Eulipotyphla"
"sotalia_fluviatilis",330.25,12775,"Epitheliochorial","Villous","Artiodactyla"
"speothos_venaticus",67.89,5146.5,"Endotheliochorial","Labyrinthine","Carnivora"
"spermophilus_citellus",27.41,2445.5,"Hemochorial","Labyrinthine","Rodentia"
"stenella_coeruleoalba",368.28,20987.5,"Epitheliochorial","Villous","Artiodactyla"
"suncus_murinus",30,1183.21,"Hemochorial","Labyrinthine","Eulipotyphla"
"suricata_suricatta",77,7519,"Endotheliochorial","Labyrinthine","Carnivora"
"sus_cebifrons",121.7,6205,"Epitheliochorial","Villous","Artiodactyla"
"sus_scrofa",115.2,9855,"Epitheliochorial","Villous","Artiodactyla"
"sylvilagus_aquaticus",37.8,3250.1,"Hemochorial","Labyrinthine","Lagomorpha"
"sylvilagus_audubonii",28.61,2853.08,"Hemochorial","Labyrinthine","Lagomorpha"
"sylvilagus_floridanus",28.7,3577,"Epitheliochorial","Labyrinthine","Lagomorpha"
"sylvilagus_transitionalis",28,3577,"Hemochorial","Labyrinthine","Lagomorpha"
"symphalangus_syndactylus",231,15695,"Hemochorial","Villous","Primates"
"syncerus_caffer",333.36,10877,"Epitheliochorial","Villous","Artiodactyla"
"tadarida_brasiliensis",84,5475,"Endotheliochorial","Labyrinthine","Chiroptera"
"talpa_europaea",31.34,2555,"Endotheliochorial","Labyrinthine","Eulipotyphla"
"tamandua_tetradactyla",160,7135.75,"Hemochorial","Trabecular","Pilosa"
"tamias_striatus",31.25,3467.5,"Hemochorial","Labyrinthine","Rodentia"
"tamiasciurus_hudsonicus",37,4380,"Hemochorial","Labyrinthine","Rodentia"
"taphozous_melanopogon",121.76,7300,"Endotheliochorial","Labyrinthine","Chiroptera"
"tapirus_bairdii",400.84,10804,"Epitheliochorial","Villous","Perissodactyla"
"tapirus_indicus",392,13322.5,"Epitheliochorial","Villous","Perissodactyla"
"tapirus_pinchaque",393.99,10402.5,"Epitheliochorial","Villous","Perissodactyla"
"tapirus_terrestris",396.86,14454,"Epitheliochorial","Trabecular","Perissodactyla"
"tasmacetus_shepherdi",370.68,20382.01,"Epitheliochorial","Villous","Artiodactyla"
"taxidea_taxus",43.8,9490,"Endotheliochorial","Labyrinthine","Carnivora"
"tenrec_ecaudatus",60.24,3175.5,"Hemochorial","Labyrinthine","Afrosoricida"
"theropithecus_gelada",172.42,13140,"Hemochorial","Trabecular","Primates"
"thomomys_bottae",23.87,2226.5,"Hemochorial","Labyrinthine","Rodentia"
"thyroptera_tricolor",154.24,5421.74,"Hemochorial","Labyrinthine","Chiroptera"
"tolypeutes_tricinctus",99.97,2427.25,"Endotheliochorial","Trabecular","Cingulata"
"trachypithecus_auratus",169.87,11351.5,"Hemochorial","Villous","Primates"
"trachypithecus_cristatus",149.75,12373.5,"Hemochorial","Villous","Primates"
"trachypithecus_delacouri",165.24,9599.5,"Hemochorial","Villous","Primates"
"trachypithecus_francoisi",168.2,9599.5,"Hemochorial","Villous","Primates"
"trachypithecus_germaini",149.75,12373.5,"Hemochorial","Villous","Primates"
"trachypithecus_obscurus",146.63,12373.5,"Hemochorial","Villous","Primates"
"trachypithecus_vetulus",211,9526.5,"Hemochorial","Villous","Primates"
"tragelaphus_angasii",224,6752.5,"Epitheliochorial","Villous","Artiodactyla"
"tragelaphus_eurycerus",288,7993.5,"Epitheliochorial","Villous","Artiodactyla"
"tragelaphus_imberbis",235,7227,"Epitheliochorial","Villous","Artiodactyla"
"tragelaphus_oryx",271,9526.5,"Epitheliochorial","Villous","Artiodactyla"
"tragelaphus_scriptus",187.79,5584.5,"Epitheliochorial","Villous","Artiodactyla"
"tragelaphus_spekii",242,8249,"Epitheliochorial","Villous","Artiodactyla"
"tragelaphus_strepsiceros",225.54,8577.5,"Epitheliochorial","Villous","Artiodactyla"
"tragulus_javanicus",144,5110,"Epitheliochorial","Villous","Artiodactyla"
"tragulus_napu",153.62,6095.5,"Epitheliochorial","Villous","Artiodactyla"
"tremarctos_ornatus",225.55,14329.29,"Endotheliochorial","Labyrinthine","Carnivora"
"trichechus_manatus",334.58,20440,"Endotheliochorial","Labyrinthine","Sirenia"
"tupaia_belangeri",46,4532.08,"Endotheliochorial","Labyrinthine","Scandentia"
"tupaia_glis",46,4532.08,"Endotheliochorial","Labyrinthine","Scandentia"
"tupaia_gracilis",47.69,1274.46,"Endotheliochorial","Labyrinthine","Scandentia"
"tupaia_javanica",46.35,2438.96,"Endotheliochorial","Labyrinthine","Scandentia"
"tupaia_longipes",46,4532.08,"Endotheliochorial","Labyrinthine","Scandentia"
"tupaia_minor",50,4453,"Endotheliochorial","Labyrinthine","Scandentia"
"tupaia_montana",49.61,577.92,"Endotheliochorial","Labyrinthine","Scandentia"
"tupaia_palawanensis",47.95,2570.93,"Endotheliochorial","Labyrinthine","Scandentia"
"tupaia_picta",48.19,2310.43,"Endotheliochorial","Labyrinthine","Scandentia"
"tupaia_tana",54.62,5110,"Hemochorial","Labyrinthine","Scandentia"
"tursiops_truncatus",365,19345,"Epitheliochorial","Villous","Artiodactyla"
"urocitellus_columbianus",24.2,1548.21,"Hemochorial","Labyrinthine","Rodentia"
"urocitellus_richardsonii",22.8,2190,"Hemochorial","Labyrinthine","Rodentia"
"urocyon_cinereoargenteus",61.48,5913,"Endotheliochorial","Labyrinthine","Carnivora"
"ursus_americanus",91.01,12410,"Endotheliochorial","Labyrinthine","Carnivora"
"ursus_arctos",103,18250,"Endotheliochorial","Labyrinthine","Carnivora"
"ursus_maritimus",147.42,16425,"Endotheliochorial","Labyrinthine","Carnivora"
"ursus_thibetanus",213.05,14308,"Endotheliochorial","Labyrinthine","Carnivora"
"varecia_rubra",100.33,13206.92,"Epitheliochorial","Villous","Primates"
"vicugna_vicugna",345.45,22435.33,"Epitheliochorial","Villous","Artiodactyla"
"viverricula_indica",71.39,4675.04,"Endotheliochorial","Labyrinthine","Carnivora"
"vulpes_lagopus",52.5,5949.5,"Endotheliochorial","Labyrinthine","Carnivora"
"vulpes_macrotis",53.7,7300,"Endotheliochorial","Labyrinthine","Carnivora"
"vulpes_velox",53.7,7300,"Endotheliochorial","Labyrinthine","Carnivora"
"vulpes_vulpes",52.35,7774.5,"Endotheliochorial","Labyrinthine","Carnivora"
"vulpes_zerda",51,5949.5,"Endotheliochorial","Labyrinthine","Carnivora"
"xerus_inauris",47.29,4745,"Hemochorial","Labyrinthine","Rodentia"
"zalophus_californianus",334.84,13030.5,"Endotheliochorial","Labyrinthine","Carnivora"
