"species","neonate_body_size","body_mass_g","longevity","invasiveness","interdigitation","neonate_over_adult","taxonomic_order"
"acinonyx_jubatus",441.66,50577.92,7482.5,"Endotheliochorial","Labyrinthine",0.00873226894265324,"Carnivora"
"acomys_cahirinus",5.49,45.2,2731.42,"Hemochorial","Labyrinthine",0.12146017699115,"Rodentia"
"addax_nasomaculatus",5633.76,94288.68,10293,"Epitheliochorial","Villous",0.0597501205871161,"Artiodactyla"
"aepyceros_melampus",5238.4,52500,9344,"Epitheliochorial","Villous",0.0997790476190476,"Artiodactyla"
"ailuropoda_melanoleuca",104.39,117500,13432,"Endotheliochorial","Labyrinthine",0.000888425531914894,"Carnivora"
"ailurus_fulgens",104.04,4747.54,6935,"Endotheliochorial","Labyrinthine",0.0219145073027294,"Carnivora"
"alcelaphus_buselaphus",12500,159938.9,5828.85,"Epitheliochorial","Villous",0.0781548453815801,"Artiodactyla"
"alces_alces",12999.99,359750,9855,"Epitheliochorial","Villous",0.0361361779013204,"Artiodactyla"
"allenopithecus_nigroviridis",240.71,4690,10019.25,"Hemochorial","Labyrinthine",0.0513240938166311,"Primates"
"alouatta_caraya",260.6,5462.5,11826,"Hemochorial","Villous",0.0477070938215103,"Primates"
"alouatta_palliata",318.29,5659.14,9125,"Hemochorial","Villous",0.056243528168591,"Primates"
"alouatta_seniculus",293.42,6398.31,9125,"Hemochorial","Trabecular",0.045858984638131,"Primates"
"ammospermophilus_harrisii",3.59,126,3869,"Hemochorial","Labyrinthine",0.0284920634920635,"Rodentia"
"ammospermophilus_leucurus",2.9,99.37,4088,"Hemochorial","Labyrinthine",0.0291838583073362,"Rodentia"
"ammotragus_lervia",4500,92500,7920.5,"Epitheliochorial","Villous",0.0486486486486487,"Artiodactyla"
"antidorcas_marsupialis",3841.48,33571.24,7300,"Epitheliochorial","Villous",0.11442770657265,"Artiodactyla"
"antilocapra_americana",3454.7,45375,5657.5,"Epitheliochorial","Villous",0.0761366391184573,"Artiodactyla"
"antilope_cervicapra",3386.14,37500,8723.5,"Epitheliochorial","Villous",0.0902970666666667,"Artiodactyla"
"aotus_trivirgatus",96.49,872.98,10986.5,"Hemochorial","Villous",0.110529450846526,"Primates"
"aplodontia_rufa",23.12,706.8,3650,"Hemochorial","Labyrinthine",0.0327108092812677,"Rodentia"
"arctictis_binturong",317.35,12999.99,9928,"Endotheliochorial","Labyrinthine",0.0244115572396594,"Carnivora"
"arctocephalus_pusillus",5750,127551,11716.5,"Endotheliochorial","Labyrinthine",0.0450800072128012,"Carnivora"
"artibeus_jamaicensis",10.57,46.1,7014.08,"Endotheliochorial","Labyrinthine",0.229284164859002,"Chiroptera"
"artibeus_lituratus",8.9,46.1,7014.08,"Endotheliochorial","Labyrinthine",0.193058568329718,"Chiroptera"
"atelerix_albiventris",8,600,4161,"Hemochorial","Labyrinthine",0.0133333333333333,"Eulipotyphla"
"ateles_fusciceps",499.99,7267.5,17520,"Hemochorial","Trabecular",0.0687980736154111,"Primates"
"ateles_geoffroyi",425.85,7267.5,17520,"Hemochorial","Trabecular",0.0585964912280702,"Primates"
"ateles_paniscus",478.64,7887.5,16790,"Hemochorial","Trabecular",0.0606833597464342,"Primates"
"atherurus_africanus",146.27,2875.65,8364.58,"Hemochorial","Labyrinthine",0.0508650218211535,"Rodentia"
"axis_axis",3156.86,45500,7592,"Epitheliochorial","Villous",0.0693815384615385,"Artiodactyla"
"babyrousa_babyrussa",715,92950.09,8760,"Epitheliochorial","Villous",0.00769230024414178,"Artiodactyla"
"bandicota_indica",9.77,200,1533,"Hemochorial","Labyrinthine",0.04885,"Rodentia"
"bassariscus_astutus",27.74,1010.37,6935,"Endotheliochorial","Labyrinthine",0.0274552886566307,"Carnivora"
"bathyergus_janetta",15.39,627.5,547.5,"Hemochorial","Labyrinthine",0.0245258964143426,"Rodentia"
"blarina_brevicauda",0.89,20.7,1003.75,"Hemochorial","Labyrinthine",0.0429951690821256,"Eulipotyphla"
"blastocerus_dichotomus",4199.99,102500,5000.5,"Epitheliochorial","Villous",0.040975512195122,"Artiodactyla"
"boselaphus_tragocamelus",5875,180000,7920.5,"Epitheliochorial","Villous",0.0326388888888889,"Artiodactyla"
"bradypus_tridactylus",178.66,4072.9,14600,"Endotheliochorial","Trabecular",0.043865550344963,"Pilosa"
"bradypus_variegatus",271.81,3963.18,9866.91,"Endotheliochorial","Trabecular",0.0685838140079431,"Pilosa"
"callimico_goeldii",50.5,556.5,8103,"Hemochorial","Trabecular",0.0907457322551662,"Primates"
"callithrix_jacchus",27.74,255.2,8318.96,"Hemochorial","Trabecular",0.108699059561129,"Primates"
"callorhinus_ursinus",5354.8,55464.82,12775,"Endotheliochorial","Labyrinthine",0.0965440796526519,"Carnivora"
"callosciurus_prevostii",16.34,400,7701.5,"Hemochorial","Villous",0.04085,"Rodentia"
"calomys_callosus",2.4,48.6,416.83,"Hemochorial","Labyrinthine",0.0493827160493827,"Rodentia"
"camelus_dromedarius",36751.19,434000,14600,"Epitheliochorial","Villous",0.0846801612903226,"Artiodactyla"
"canis_latrans",200.01,11050,7969.17,"Endotheliochorial","Labyrinthine",0.0181004524886878,"Carnivora"
"canis_lupus",412.31,29190.76,10767.5,"Endotheliochorial","Labyrinthine",0.0141246750684121,"Carnivora"
"capra_ibex",2779.07,77000,8139.5,"Epitheliochorial","Villous",0.0360918181818182,"Artiodactyla"
"capreolus_capreolus",1208.55,21666.69,6387.5,"Epitheliochorial","Villous",0.0557791706993546,"Artiodactyla"
"capricornis_crispus",3499.99,43030.64,8760,"Epitheliochorial","Villous",0.0813371588245027,"Artiodactyla"
"capromys_pilorides",199.49,4683.3,5040.04,"Hemochorial","Labyrinthine",0.0425960327119766,"Rodentia"
"caracal_caracal",195.86,14000,7409.5,"Endotheliochorial","Labyrinthine",0.01399,"Carnivora"
"carollia_perspicillata",4.89,16.4,6205,"Endotheliochorial","Labyrinthine",0.298170731707317,"Chiroptera"
"castor_canadensis",415.17,19928.33,8541,"Hemochorial","Labyrinthine",0.0208331556131397,"Rodentia"
"catagonus_wagneri",600.2,35433.2,5344.21,"Epitheliochorial","Villous",0.0169389160448393,"Artiodactyla"
"cebus_albifrons",231.92,2488.59,16060,"Hemochorial","Trabecular",0.0931933343781016,"Primates"
"cebus_capucinus",238.36,2655,20075,"Hemochorial","Trabecular",0.0897777777777778,"Primates"
"cephalophus_dorsalis",1611.37,11600,6387.5,"Epitheliochorial","Villous",0.138911206896552,"Artiodactyla"
"cephalophus_jentinki",4581.46,69244.92,7771.46,"Epitheliochorial","Villous",0.0661631207025728,"Artiodactyla"
"cephalophus_niger",1940,18100,5402,"Epitheliochorial","Villous",0.107182320441989,"Artiodactyla"
"cephalophus_rufilatus",975.1,12500,5548,"Epitheliochorial","Villous",0.078008,"Artiodactyla"
"cephalophus_silvicultor",4400.72,62006.6,8212.5,"Epitheliochorial","Villous",0.0709717997761529,"Artiodactyla"
"cephalorhynchus_commersonii",5834.74,68700,9417,"Epitheliochorial","Villous",0.0849307132459971,"Artiodactyla"
"ceratotherium_simum",48500,2230000,18250,"Epitheliochorial","Villous",0.0217488789237668,"Perissodactyla"
"cercopithecus_cephus",337.19,3399.94,13140,"Hemochorial","Trabecular",0.099175279563757,"Primates"
"cercopithecus_diana",466.9,4550,13614.5,"Hemochorial","Trabecular",0.102615384615385,"Primates"
"cercopithecus_mitis",402,6116.5,13797,"Hemochorial","Trabecular",0.0657238616856045,"Primates"
"cercopithecus_mona",280.49,4240.09,11202.46,"Hemochorial","Trabecular",0.0661518977191522,"Primates"
"cercopithecus_neglectus",259.95,5701,11242,"Hemochorial","Trabecular",0.0455972636379582,"Primates"
"cervus_elaphus",8255.82,160166.7,11497.5,"Epitheliochorial","Villous",0.0515451713745741,"Artiodactyla"
"cervus_nippon",4277.11,52999.99,9599.5,"Epitheliochorial","Villous",0.0807002039056988,"Artiodactyla"
"chaerephon_plicatus",4.5,21.83,2467,"Hemochorial","Labyrinthine",0.206138341731562,"Chiroptera"
"chaetophractus_villosus",124.48,4372.8,9198,"Hemochorial","Trabecular",0.0284668862056348,"Cingulata"
"cheirogaleus_medius",14.65,294.19,8471.04,"Epitheliochorial","Villous",0.0497977497535606,"Primates"
"chinchilla_lanigera",39.59,485,7300,"Hemochorial","Labyrinthine",0.0816288659793814,"Rodentia"
"choloepus_didactylus",364,6250,13432,"Endotheliochorial","Trabecular",0.05824,"Pilosa"
"choloepus_hoffmanni",373,4250,13505,"Endotheliochorial","Trabecular",0.0877647058823529,"Pilosa"
"chrysocyon_brachyurus",372.29,22250,6132,"Endotheliochorial","Labyrinthine",0.0167321348314607,"Carnivora"
"coendou_prehensilis",410.8,3900,9709,"Hemochorial","Labyrinthine",0.105333333333333,"Rodentia"
"colobus_guereza",444.92,9058.41,12775,"Hemochorial","Trabecular",0.0491167876040056,"Primates"
"connochaetes_gnou",10941.45,132250,7957,"Epitheliochorial","Villous",0.0827330812854442,"Artiodactyla"
"connochaetes_taurinus",18044.36,180500,9015.5,"Epitheliochorial","Villous",0.0999687534626039,"Artiodactyla"
"cricetomys_gambianus",22.68,1510.7,3066,"Hemochorial","Labyrinthine",0.0150129079234792,"Rodentia"
"cricetulus_barabensis",2,22.85,1934.5,"Hemochorial","Labyrinthine",0.087527352297593,"Rodentia"
"crocuta_crocuta",1460,63000,15001.5,"Hemochorial","Labyrinthine",0.0231746031746032,"Carnivora"
"crossarchus_obscurus",9.78,790,4854.5,"Endotheliochorial","Labyrinthine",0.012379746835443,"Carnivora"
"cryptoprocta_ferox",99.96,9500,8431.5,"Endotheliochorial","Labyrinthine",0.0105221052631579,"Carnivora"
"ctenodactylus_gundi",29.89,288.8,2117,"Hemochorial","Labyrinthine",0.103497229916897,"Rodentia"
"cuniculus_paca",674.77,9000,6132,"Hemochorial","Labyrinthine",0.0749744444444444,"Rodentia"
"cynocephalus_volans",35.79,1250,6387.5,"Hemochorial","Labyrinthine",0.028632,"Dermoptera"
"cynomys_ludovicianus",15.24,1125,6570,"Hemochorial","Labyrinthine",0.0135466666666667,"Rodentia"
"cynopterus_sphinx",11,37.4,3686.5,"Hemochorial","Labyrinthine",0.294117647058824,"Chiroptera"
"cystophora_cristata",21992.7,245448.4,12775,"Endotheliochorial","Labyrinthine",0.0896021322607929,"Carnivora"
"dama_dama",4698.44,63612.31,9125,"Epitheliochorial","Villous",0.0738605468029694,"Artiodactyla"
"damaliscus_lunatus",11000,118798.7,8614,"Epitheliochorial","Villous",0.0925936058222859,"Artiodactyla"
"dasypus_novemcinctus",96.48,3949.01,8151.67,"Hemochorial","Trabecular",0.0244314397785774,"Cingulata"
"daubentonia_madagascariensis",121.79,2610.33,8869.5,"Epitheliochorial","Villous",0.0466569360962024,"Primates"
"delphinapterus_leucas",57000,1380000,14600,"Epitheliochorial","Villous",0.041304347826087,"Artiodactyla"
"delphinus_delphis",7069.65,77818.35,10594.12,"Epitheliochorial","Villous",0.0908481097324731,"Artiodactyla"
"desmodus_rotundus",6.94,33.18,10658,"Endotheliochorial","Labyrinthine",0.209162145871007,"Chiroptera"
"dicerorhinus_sumatrensis",22849.5,1260000,12775,"Epitheliochorial","Villous",0.0181345238095238,"Perissodactyla"
"diceros_bicornis",34999.99,995940.5,17973.21,"Epitheliochorial","Villous",0.0351426515941464,"Perissodactyla"
"dicrostonyx_groenlandicus",4.42,58.44,1204.5,"Hemochorial","Labyrinthine",0.0756331279945243,"Rodentia"
"dinomys_branickii",769.43,12500,4745,"Hemochorial","Labyrinthine",0.0615544,"Rodentia"
"dipodomys_deserti",4.08,106.75,3285,"Hemochorial","Labyrinthine",0.0382201405152225,"Rodentia"
"dipodomys_merriami",3.29,37.81,3540.5,"Endotheliochorial","Labyrinthine",0.0870140174556995,"Rodentia"
"dipodomys_ordii",4.99,49.6,3613.5,"Endotheliochorial","Labyrinthine",0.100604838709677,"Rodentia"
"dipodomys_panamintinus",4.5,56.58,1974.04,"Endotheliochorial","Labyrinthine",0.0795334040296925,"Rodentia"
"dolichotis_patagonum",578.96,12500,5256,"Hemochorial","Labyrinthine",0.0463168,"Rodentia"
"echinops_telfairi",7.49,166.13,6935,"Hemochorial","Labyrinthine",0.0450851742611208,"Afrosoricida"
"eira_barbara",83,4134.99,8139.5,"Endotheliochorial","Labyrinthine",0.0200725999337362,"Carnivora"
"elaphurus_davidianus",10467.5,165989.2,10037.5,"Epitheliochorial","Villous",0.0630613317010986,"Artiodactyla"
"elephantulus_myurus",8.1,61.99,1517.79,"Hemochorial","Labyrinthine",0.130666236489756,"Macroscelidea"
"elephantulus_rufescens",10.29,55.5,2883.5,"Hemochorial","Labyrinthine",0.185405405405405,"Macroscelidea"
"elephas_maximus",97000,3220000,29200,"Endotheliochorial","Labyrinthine",0.0301242236024845,"Proboscidea"
"enhydra_lutris",1894.37,27410.93,10950,"Endotheliochorial","Labyrinthine",0.0691100228996243,"Carnivora"
"equus_grevyi",39999.99,384000,11384.96,"Epitheliochorial","Villous",0.104166640625,"Perissodactyla"
"equus_zebra",29496.68,296000,12118,"Epitheliochorial","Villous",0.099650945945946,"Perissodactyla"
"erethizon_dorsatum",490.59,8009.73,8541,"Hemochorial","Labyrinthine",0.0612492555928852,"Rodentia"
"erinaceus_europaeus",15.54,777.95,5110,"Hemochorial","Labyrinthine",0.0199755768365576,"Eulipotyphla"
"erythrocebus_patas",621.67,7660.5,10329.5,"Hemochorial","Trabecular",0.0811526662750473,"Primates"
"eudorcas_thomsonii",2500,23197.67,7300,"Epitheliochorial","Villous",0.10776944408641,"Artiodactyla"
"eulemur_coronatus",57.81,1699.85,10950,"Epitheliochorial","Villous",0.0340088831367474,"Primates"
"eulemur_mongoz",59.48,1915.57,13213,"Epitheliochorial","Villous",0.0310508099416884,"Primates"
"eulemur_rubriventer",84.97,1765.33,7497.71,"Epitheliochorial","Villous",0.048132643754992,"Primates"
"eumetopias_jubatus",18250,382466.7,11972,"Endotheliochorial","Labyrinthine",0.0477165724493139,"Carnivora"
"euphractus_sexcinctus",104.98,4850,8066.5,"Hemochorial","Trabecular",0.0216453608247423,"Cingulata"
"felis_chaus",135.5,10000,7300,"Endotheliochorial","Labyrinthine",0.01355,"Carnivora"
"felis_margarita",63.99,2750,5073.5,"Endotheliochorial","Labyrinthine",0.0232690909090909,"Carnivora"
"felis_nigripes",72,2125,5694,"Endotheliochorial","Labyrinthine",0.0338823529411765,"Carnivora"
"felis_silvestris",106.4,5036.54,10220,"Endotheliochorial","Labyrinthine",0.0211256140127945,"Carnivora"
"funambulus_pennantii",6.54,125.07,1852.38,"Hemochorial","Labyrinthine",0.0522907171983689,"Rodentia"
"galago_moholi",11.73,180,6874.17,"Epitheliochorial","Villous",0.0651666666666667,"Primates"
"galago_senegalensis",11.5,192.2,6874.17,"Epitheliochorial","Villous",0.0598335067637877,"Primates"
"galea_musteloides",37.39,337.88,1277.5,"Hemochorial","Labyrinthine",0.110660589558423,"Rodentia"
"gazella_dorcas",1573.21,47386.47,8650.5,"Epitheliochorial","Villous",0.0331995609717289,"Artiodactyla"
"gazella_leptoceros",4615.3,24645.75,5329,"Epitheliochorial","Villous",0.187265552884372,"Artiodactyla"
"gazella_spekei",1250,20000,5405.04,"Epitheliochorial","Villous",0.0625,"Artiodactyla"
"gazella_subgutturosa",2317.85,37740.68,7300,"Epitheliochorial","Villous",0.06141516263088,"Artiodactyla"
"genetta_tigrina",85.5,1760,7774.5,"Endotheliochorial","Labyrinthine",0.0485795454545455,"Carnivora"
"geomys_bursarius",5.11,186.85,4380,"Hemochorial","Labyrinthine",0.0273481402194274,"Rodentia"
"giraffa_camelopardalis",55244.9,8e+05,14417.5,"Epitheliochorial","Villous",0.069056125,"Artiodactyla"
"glaucomys_sabrinus",5.64,148,5183,"Hemochorial","Labyrinthine",0.0381081081081081,"Rodentia"
"glaucomys_volans",3.61,65.4,6935,"Hemochorial","Labyrinthine",0.0551987767584098,"Rodentia"
"gorilla_gorilla",2095.89,150000,20221,"Hemochorial","Villous",0.0139726,"Primates"
"gulo_gulo",86.02,12792.49,7117.5,"Endotheliochorial","Labyrinthine",0.00672425774810064,"Carnivora"
"halichoerus_grypus",13995.35,197570,17035.46,"Endotheliochorial","Labyrinthine",0.0708374247102293,"Carnivora"
"hapalemur_griseus",45.2,1202.71,8504.5,"Epitheliochorial","Villous",0.0375817944475393,"Primates"
"helarctos_malayanus",324.99,46000,13103.5,"Endotheliochorial","Labyrinthine",0.007065,"Carnivora"
"hemicentetes_semispinosus",7.39,133,1000.71,"Hemochorial","Labyrinthine",0.0555639097744361,"Afrosoricida"
"hemigalus_derbyanus",125,2375,6570,"Endotheliochorial","Labyrinthine",0.0526315789473684,"Carnivora"
"hemitragus_jemlahicus",2700,35200,7957,"Epitheliochorial","Villous",0.0767045454545455,"Artiodactyla"
"heterocephalus_glaber",1.86,35,10329.5,"Hemochorial","Labyrinthine",0.0531428571428571,"Rodentia"
"heterohyrax_brucei",225,2000,5110,"Hemochorial","Labyrinthine",0.1125,"Hyracoidea"
"hippopotamus_amphibius",40199.99,2640000,22338,"Epitheliochorial","Villous",0.0152272689393939,"Artiodactyla"
"hippotragus_equinus",16412.18,233500,9453.5,"Epitheliochorial","Villous",0.0702877087794433,"Artiodactyla"
"hippotragus_niger",16412.18,225000,8121.25,"Epitheliochorial","Villous",0.0729430222222222,"Artiodactyla"
"hyaena_hyaena",653.23,35070.51,9125,"Endotheliochorial","Labyrinthine",0.0186261904945209,"Carnivora"
"hydrochoerus_hydrochaeris",1500,51572.46,5511.5,"Hemochorial","Labyrinthine",0.0290852908703599,"Rodentia"
"hydropotes_inermis",1016.19,12760.04,5079.58,"Epitheliochorial","Villous",0.0796384650831816,"Artiodactyla"
"hydrurga_leptonyx",29999.99,375671.1,9490,"Endotheliochorial","Labyrinthine",0.0798570611367231,"Carnivora"
"hylobates_lar",398.86,6194.31,20805,"Hemochorial","Villous",0.0643913527091799,"Primates"
"hystrix_africaeaustralis",305.59,14936.02,8431.5,"Hemochorial","Labyrinthine",0.0204599351098887,"Rodentia"
"inia_geoffrensis",6799.99,98500,11424.5,"Epitheliochorial","Villous",0.0690354314720812,"Artiodactyla"
"jaculus_jaculus",2,57.4,2664.5,"Hemochorial","Labyrinthine",0.0348432055749129,"Rodentia"
"kerodon_rupestris",82.44,875.5,4708.5,"Hemochorial","Labyrinthine",0.0941633352370074,"Rodentia"
"kobus_ellipsiprymnus",12000,175333,11080.79,"Epitheliochorial","Villous",0.0684411947551231,"Artiodactyla"
"kobus_leche",5100,91722.52,9271,"Epitheliochorial","Villous",0.0556024845370581,"Artiodactyla"
"lagostomus_maximus",196,6392,3942,"Hemochorial","Labyrinthine",0.0306633291614518,"Rodentia"
"lemmus_lemmus",3.89,68.81,1213.63,"Hemochorial","Labyrinthine",0.0565324807440779,"Rodentia"
"lemur_catta",75.8,2555,13614.5,"Epitheliochorial","Villous",0.0296673189823875,"Artiodactyla"
"leontopithecus_rosalia",51.89,623.51,11534,"Hemochorial","Trabecular",0.0832224022068612,"Primates"
"leopardus_pardalis",250,10500,10293,"Endotheliochorial","Labyrinthine",0.0238095238095238,"Carnivora"
"leopardus_wiedii",157.42,3600,8775.21,"Endotheliochorial","Labyrinthine",0.0437277777777778,"Carnivora"
"leptailurus_serval",254,11999.96,8395,"Endotheliochorial","Labyrinthine",0.0211667372224574,"Carnivora"
"leptonychotes_weddellii",27395.84,410833.3,9125,"Endotheliochorial","Labyrinthine",0.06668359161733,"Carnivora"
"leptonycteris_nivalis",7.8,22.63,3650,"Endotheliochorial","Labyrinthine",0.344675209898365,"Chiroptera"
"leptonycteris_yerbabuenae",7.1,24.26,3686.5,"Endotheliochorial","Labyrinthine",0.292662819455894,"Chiroptera"
"lepus_americanus",67.84,1565.61,2920,"Hemochorial","Labyrinthine",0.0433313532744426,"Lagomorpha"
"lobodon_carcinophaga",20000,238333.3,14235,"Endotheliochorial","Labyrinthine",0.0839160956526008,"Carnivora"
"lontra_canadensis",135.94,8087.42,9855,"Endotheliochorial","Labyrinthine",0.0168088216019447,"Carnivora"
"loris_tardigradus",11,243.71,7044.5,"Epitheliochorial","Villous",0.0451356119978663,"Primates"
"loxodonta_africana",105000,4565000,29200,"Endotheliochorial","Labyrinthine",0.0230010952902519,"Proboscidea"
"lycaon_pictus",297.45,24249.99,6205,"Endotheliochorial","Labyrinthine",0.0122659844395812,"Carnivora"
"lynx_canadensis",204,9682.82,9782,"Endotheliochorial","Labyrinthine",0.0210682425161265,"Carnivora"
"lynx_lynx",289,21150,9782,"Endotheliochorial","Labyrinthine",0.0136643026004728,"Carnivora"
"lynx_rufus",300,9400,11801.67,"Endotheliochorial","Labyrinthine",0.0319148936170213,"Carnivora"
"macaca_fascicularis",328.76,4569.32,14235,"Hemochorial","Trabecular",0.0719494366776676,"Primates"
"macaca_fuscata",501.57,8882.5,14052.5,"Hemochorial","Trabecular",0.0564672108077681,"Primates"
"macaca_mulatta",471.47,6614,14600,"Hemochorial","Trabecular",0.07128364076202,"Primates"
"macaca_nigra",457.77,7662.2,12410,"Hemochorial","Trabecular",0.0597439377724413,"Primates"
"macaca_radiata",367.52,5132.25,10959.13,"Hemochorial","Trabecular",0.0716099176774319,"Primates"
"macaca_silenus",416.11,6570,14663.88,"Hemochorial","Trabecular",0.0633348554033486,"Primates"
"madoqua_guentheri",684,4550,6387.5,"Epitheliochorial","Villous",0.15032967032967,"Artiodactyla"
"madoqua_kirkii",625.82,4833.4,6314.5,"Epitheliochorial","Villous",0.129478214093599,"Artiodactyla"
"mandrillus_sphinx",612.89,23000,16910.45,"Hemochorial","Trabecular",0.0266473913043478,"Primates"
"marmota_flaviventris",33.79,3709.73,7738,"Hemochorial","Labyrinthine",0.00910847959285447,"Rodentia"
"marmota_monax",27.19,3413,5110,"Hemochorial","Labyrinthine",0.00796659830061529,"Rodentia"
"martes_americana",31.3,892,6935,"Endotheliochorial","Labyrinthine",0.0350896860986547,"Carnivora"
"martes_zibellina",31.22,1066.7,8030,"Endotheliochorial","Labyrinthine",0.0292678353801444,"Carnivora"
"mastomys_natalensis",1.98,41.68,1061.54,"Hemochorial","Labyrinthine",0.0475047984644914,"Rodentia"
"megaptera_novaeangliae",1299999.99,3e+07,34675,"Epitheliochorial","Villous",0.043333333,"Artiodactyla"
"meriones_shawi",4.35,137.8,1700.29,"Hemochorial","Labyrinthine",0.0315674891146589,"Rodentia"
"meriones_unguiculatus",2.85,58.1,2299.5,"Hemochorial","Labyrinthine",0.0490533562822719,"Rodentia"
"mesocricetus_auratus",2.35,105,3650,"Hemochorial","Labyrinthine",0.0223809523809524,"Rodentia"
"microcebus_murinus",4.78,66.9,6643,"Epitheliochorial","Villous",0.0714499252615844,"Primates"
"microtus_xanthognathus",3.49,92.65,1000.25,"Hemochorial","Labyrinthine",0.0376686454398273,"Rodentia"
"miopithecus_talapoin",179.04,1362.5,11278.5,"Hemochorial","Trabecular",0.131405504587156,"Primates"
"mirounga_angustirostris",34381.77,914528.7,7406.46,"Endotheliochorial","Labyrinthine",0.0375950694603679,"Carnivora"
"mirza_coquereli",12.92,311.2,6351,"Epitheliochorial","Villous",0.0415167095115681,"Primates"
"mormoops_megalophylla",0.91,16.05,2728.03,"Hemochorial","Labyrinthine",0.0566978193146417,"Chiroptera"
"mungos_mungo",24.2,1331.5,6351,"Endotheliochorial","Labyrinthine",0.0181749906120916,"Carnivora"
"muntiacus_muntjak",1371.39,17611.59,6862,"Epitheliochorial","Villous",0.0778686081154513,"Artiodactyla"
"muntiacus_reevesi",1050,13499.94,8468,"Epitheliochorial","Villous",0.0777781234583265,"Artiodactyla"
"mus_musculus",1.06,20.5,2190,"Hemochorial","Labyrinthine",0.0517073170731707,"Rodentia"
"mustela_putorius",9.5,809,5110,"Endotheliochorial","Labyrinthine",0.0117428924598269,"Carnivora"
"myocastor_coypus",205.7,7150,4380,"Endotheliochorial","Labyrinthine",0.0287692307692308,"Carnivora"
"myodes_glareolus",1.83,20.8,1794.58,"Hemochorial","Labyrinthine",0.0879807692307692,"Rodentia"
"myodes_rutilus",1.8,25,1085.32,"Hemochorial","Labyrinthine",0.072,"Rodentia"
"myoprocta_pratti",79.3,914,5402,"Hemochorial","Villous",0.0867614879649891,"Rodentia"
"myotis_lucifugus",2.18,7.15,12410,"Hemochorial","Labyrinthine",0.304895104895105,"Chiroptera"
"myrmecophaga_tridactyla",1500,29531.83,11506.63,"Hemochorial","Trabecular",0.0507926532151919,"Pilosa"
"naemorhedus_goral",2000,28231.59,6916.75,"Epitheliochorial","Villous",0.070842627000463,"Artiodactyla"
"nandinia_binotata",56,2167.2,7741.04,"Endotheliochorial","Labyrinthine",0.0258397932816537,"Carnivora"
"nanger_granti",5215.17,61232.23,7190.5,"Epitheliochorial","Villous",0.0851703424814024,"Artiodactyla"
"nasalis_larvatus",450,13441.58,9161.5,"Hemochorial","Trabecular",0.0334782071750494,"Primates"
"nasua_narica",140,3750,9636,"Endotheliochorial","Labyrinthine",0.0373333333333333,"Carnivora"
"nasua_nasua",144.91,4000,8650.5,"Endotheliochorial","Labyrinthine",0.0362275,"Carnivora"
"neofelis_nebulosa",166.49,19500,7227,"Endotheliochorial","Labyrinthine",0.00853794871794872,"Carnivora"
"neotoma_albigula",11.21,190.5,3467.5,"Hemochorial","Labyrinthine",0.0588451443569554,"Rodentia"
"neotoma_floridana",14.04,208.18,3467.5,"Hemochorial","Labyrinthine",0.067441637044865,"Rodentia"
"neotoma_fuscipes",13.15,213.26,304.17,"Hemochorial","Labyrinthine",0.0616618212510551,"Rodentia"
"neotoma_lepida",9.36,113.4,3832.5,"Hemochorial","Labyrinthine",0.0825396825396825,"Rodentia"
"nycticebus_coucang",50.47,953.3,9672.5,"Epitheliochorial","Villous",0.0529424105737963,"Primates"
"nycticebus_pygmaeus",19.89,400,9672.5,"Epitheliochorial","Villous",0.049725,"Primates"
"ochotona_princeps",11,140.2,2670.58,"Hemochorial","Labyrinthine",0.0784593437945792,"Lagomorpha"
"octodon_degus",14.19,204.84,5110,"Hemochorial","Labyrinthine",0.0692735793790275,"Rodentia"
"odobenus_rosmarus",59090.9,846498.1,14600,"Endotheliochorial","Labyrinthine",0.0698062996242992,"Carnivora"
"odocoileus_hemionus",3007.49,57000,8030,"Epitheliochorial","Villous",0.0527629824561403,"Artiodactyla"
"odocoileus_virginianus",2949.99,65320,8395,"Epitheliochorial","Villous",0.0451621249234538,"Artiodactyla"
"okapia_johnstoni",18325.61,230001.1,12227.5,"Epitheliochorial","Villous",0.0796761841573801,"Artiodactyla"
"ondatra_zibethicus",21.99,997.96,3650,"Hemochorial","Labyrinthine",0.0220349513006533,"Rodentia"
"orcinus_orca",158745.07,4300000,36500,"Epitheliochorial","Villous",0.0369174581395349,"Artiodactyla"
"oreamnos_americanus",3080.81,77227.7,7592,"Epitheliochorial","Villous",0.039892551506778,"Artiodactyla"
"oreotragus_oreotragus",1130,13000,9453.5,"Epitheliochorial","Villous",0.0869230769230769,"Artiodactyla"
"orycteropus_afer",1899.68,56175.2,10877,"Endotheliochorial","Labyrinthine",0.0338170580612085,"Tubulidentata"
"oryctolagus_cuniculus",39.11,1900,6570,"Hemochorial","Labyrinthine",0.0205842105263158,"Lagomorpha"
"oryx_dammah",9706.02,177500,10037.5,"Epitheliochorial","Villous",0.0546818028169014,"Artiodactyla"
"oryx_gazella",12055.49,37500,8723.5,"Epitheliochorial","Villous",0.321479733333333,"Artiodactyla"
"otocyon_megalotis",120.7,4150,6527.42,"Endotheliochorial","Labyrinthine",0.0290843373493976,"Carnivora"
"otolemur_garnettii",49.21,1300,6874.17,"Epitheliochorial","Villous",0.0378538461538462,"Primates"
"ovibos_moschatus",10444.11,312500,10001,"Epitheliochorial","Villous",0.033421152,"Artiodactyla"
"ovis_canadensis",4115.85,69125,8760,"Epitheliochorial","Villous",0.0595421338155515,"Artiodactyla"
"ovis_dalli",3499.99,70194.13,8760,"Epitheliochorial","Villous",0.0498615767443802,"Artiodactyla"
"pan_paniscus",1399.53,35119.95,20075,"Hemochorial","Villous",0.0398499997864462,"Primates"
"pan_troglodytes",1745.02,44983.5,27010,"Hemochorial","Villous",0.0387924461191326,"Primates"
"panthera_leo",1291.71,149062,10950,"Endotheliochorial","Labyrinthine",0.00866558881539225,"Carnivora"
"panthera_onca",817.3,81150,10353.83,"Endotheliochorial","Labyrinthine",0.0100714725816389,"Carnivora"
"panthera_tigris",1313.5,128800,9599.5,"Endotheliochorial","Labyrinthine",0.0101979813664596,"Carnivora"
"papio_anubis",947.31,17728.56,16425,"Hemochorial","Trabecular",0.0534341198608347,"Primates"
"papio_hamadryas",890,18000,16425,"Hemochorial","Villous",0.0494444444444444,"Primates"
"papio_papio",600.38,18000,16425,"Hemochorial","Trabecular",0.0333544444444444,"Primates"
"paradoxurus_hermaphroditus",92.07,3180,9125,"Endotheliochorial","Labyrinthine",0.0289528301886792,"Carnivora"
"paraxerus_cepapi",12.75,222.85,3491.83,"Hemochorial","Labyrinthine",0.0572133722234687,"Rodentia"
"pecari_tajacu",618.53,20500,11497.5,"Epitheliochorial","Villous",0.0301721951219512,"Artiodactyla"
"pedetes_capensis",253.49,2774.63,7315.21,"Hemochorial","Labyrinthine",0.091359929071624,"Rodentia"
"perodicticus_potto",37.16,1011,9782,"Epitheliochorial","Villous",0.03675568743818,"Primates"
"perognathus_parvus",1.5,20.1,2117,"Hemochorial","Labyrinthine",0.0746268656716418,"Rodentia"
"peromyscus_eremicus",2.51,21.75,2701,"Hemochorial","Labyrinthine",0.115402298850575,"Rodentia"
"peromyscus_leucopus",1.8,22.3,2920,"Hemochorial","Labyrinthine",0.0807174887892377,"Rodentia"
"peromyscus_maniculatus",1.73,20.5,3041.67,"Hemochorial","Labyrinthine",0.084390243902439,"Rodentia"
"peromyscus_polionotus",1.54,14,2007.5,"Hemochorial","Labyrinthine",0.11,"Rodentia"
"petrodromus_tetradactylus",30.95,208,2609.75,"Hemochorial","Labyrinthine",0.148798076923077,"Macroscelidea"
"phacochoerus_aethiopicus",691.95,73303.76,6862,"Epitheliochorial","Villous",0.00943948850645588,"Artiodactyla"
"philantomba_monticola",709.41,4896.05,5803.5,"Epitheliochorial","Villous",0.144894353611585,"Artiodactyla"
"phoca_largha",7100,93097.92,17374,"Endotheliochorial","Labyrinthine",0.0762637876334939,"Carnivora"
"phoca_vitulina",10213.75,94283.33,17374,"Endotheliochorial","Labyrinthine",0.108330390960947,"Carnivora"
"phocoena_phocoena",8892.16,52730.93,7446,"Epitheliochorial","Villous",0.168632717078952,"Artiodactyla"
"phodopus_campbelli",1.49,28.75,1426.54,"Hemochorial","Labyrinthine",0.0518260869565217,"Rodentia"
"phodopus_sungorus",2.04,30.87,1426.54,"Hemochorial","Labyrinthine",0.0660835762876579,"Rodentia"
"phyllostomus_discolor",7.29,40.05,3285,"Endotheliochorial","Labyrinthine",0.182022471910112,"Chiroptera"
"poecilogale_albinucha",4,282.83,2278.21,"Endotheliochorial","Labyrinthine",0.0141427712760315,"Carnivora"
"pongo_pygmaeus",1644.2,58941.64,21900,"Hemochorial","Villous",0.0278953894055204,"Primates"
"potamochoerus_porcus",750,71000,8227.71,"Epitheliochorial","Villous",0.0105633802816901,"Artiodactyla"
"potos_flavus",171.84,2420.91,14016,"Endotheliochorial","Labyrinthine",0.0709815730448468,"Carnivora"
"prionailurus_bengalensis",83,4150,6314.5,"Endotheliochorial","Labyrinthine",0.02,"Carnivora"
"prionailurus_viverrinus",170,10650,6278,"Endotheliochorial","Labyrinthine",0.015962441314554,"Carnivora"
"procavia_capensis",203.49,2750,5405.04,"Hemochorial","Villous",0.0739963636363636,"Hyracoidea"
"procyon_lotor",82.46,5075,7665,"Endotheliochorial","Labyrinthine",0.016248275862069,"Carnivora"
"propithecus_coquereli",102.45,3622.7,11132.5,"Epitheliochorial","Villous",0.0282800121456372,"Primates"
"propithecus_diadema",134.99,6414.5,4036.29,"Hemochorial","Villous",0.0210445085353496,"Primates"
"propithecus_tattersalli",97.47,3545,7467.29,"Hemochorial","Villous",0.0274950634696756,"Primates"
"propithecus_verreauxi",102.65,3588.26,11132.5,"Epitheliochorial","Villous",0.0286071800817109,"Primates"
"pteronotus_davyi",1.15,9.4,2682.75,"Hemochorial","Labyrinthine",0.122340425531915,"Chiroptera"
"pteronura_brasiliensis",204.25,24000,6314.5,"Endotheliochorial","Labyrinthine",0.00851041666666667,"Carnivora"
"pteropus_giganteus",90.32,824.85,14907.21,"Hemochorial","Labyrinthine",0.109498696732739,"Chiroptera"
"pteropus_poliocephalus",70,675,8614,"Hemochorial","Labyrinthine",0.103703703703704,"Chiroptera"
"pteropus_rodricensis",45,303.09,10950,"Hemochorial","Labyrinthine",0.148470751262001,"Chiroptera"
"pudu_puda",780,9642.62,7665,"Epitheliochorial","Villous",0.080890878205301,"Artiodactyla"
"puma_concolor",409.87,48000,8687,"Endotheliochorial","Labyrinthine",0.00853895833333333,"Carnivora"
"pusa_hispida",4500,88070,16790,"Endotheliochorial","Labyrinthine",0.0510957193141819,"Carnivora"
"pygathrix_nemaeus",191.94,9875,9775.92,"Hemochorial","Trabecular",0.0194369620253165,"Primates"
"rangifer_tarandus",5490.62,101250,7920.5,"Epitheliochorial","Villous",0.0542283456790123,"Artiodactyla"
"raphicerus_campestris",916.51,11333.33,5110,"Epitheliochorial","Villous",0.0808685531966333,"Artiodactyla"
"rattus_norvegicus",5.8,280,1825,"Hemochorial","Labyrinthine",0.0207142857142857,"Rodentia"
"rhinoceros_unicornis",61326.59,1600000,17885,"Epitheliochorial","Villous",0.03832911875,"Perissodactyla"
"rhinolophus_rouxii",2.86,12.25,1825,"Endotheliochorial","Labyrinthine",0.233469387755102,"Chiroptera"
"rhinopoma_hardwickii",2.5,12,4935.28,"Endotheliochorial","Labyrinthine",0.208333333333333,"Chiroptera"
"rousettus_aegyptiacus",19.13,134,8358.5,"Hemochorial","Labyrinthine",0.142761194029851,"Chiroptera"
"rousettus_leschenaultii",12,96.57,5110,"Hemochorial","Labyrinthine",0.12426219322771,"Chiroptera"
"rucervus_eldii",4674.98,95471.61,7482.5,"Epitheliochorial","Villous",0.048967227011255,"Artiodactyla"
"saccopteryx_bilineata",3.49,7.9,2190,"Endotheliochorial","Labyrinthine",0.441772151898734,"Chiroptera"
"saguinus_geoffroyi",47.84,453.77,9563,"Hemochorial","Trabecular",0.105427859929039,"Primates"
"saguinus_imperator",46.55,482.15,8650.5,"Hemochorial","Trabecular",0.0965467178264026,"Primates"
"saguinus_midas",39.78,547.18,7665,"Hemochorial","Trabecular",0.0727000255857305,"Primates"
"saguinus_oedipus",41,445.5,9563,"Hemochorial","Trabecular",0.0920314253647587,"Primates"
"saiga_tatarica",3326.46,37992,4380,"Epitheliochorial","Villous",0.087556854074542,"Artiodactyla"
"scalopus_aquaticus",5.35,74.6,2263,"Hemochorial","Labyrinthine",0.07171581769437,"Eulipotyphla"
"sciurus_carolinensis",15.17,540.33,8760,"Hemochorial","Labyrinthine",0.0280754353820813,"Rodentia"
"sciurus_vulgaris",8.83,328.88,5402,"Hemochorial","Labyrinthine",0.026848698613476,"Rodentia"
"semnopithecus_entellus",499.83,12679.29,10685.38,"Hemochorial","Trabecular",0.0394209770420899,"Primates"
"setifer_setosus",24.7,304.11,5146.5,"Hemochorial","Labyrinthine",0.0812206109631383,"Afrosoricida"
"solenodon_paradoxus",89.99,900,4416.5,"Hemochorial","Labyrinthine",0.0999888888888889,"Eulipotyphla"
"sorex_araneus",0.42,8.2,1168,"Hemochorial","Labyrinthine",0.051219512195122,"Eulipotyphla"
"sorex_minutus",0.22,4.2,730,"Hemochorial","Labyrinthine",0.0523809523809524,"Eulipotyphla"
"speothos_venaticus",157.5,6000,5146.5,"Endotheliochorial","Labyrinthine",0.02625,"Carnivora"
"stenella_coeruleoalba",11300,122950,20987.5,"Epitheliochorial","Villous",0.0919072793818625,"Artiodactyla"
"suncus_murinus",2.44,45.87,1183.21,"Hemochorial","Labyrinthine",0.053193808589492,"Eulipotyphla"
"suricata_suricatta",30.5,776,7519,"Endotheliochorial","Labyrinthine",0.0393041237113402,"Carnivora"
"sus_scrofa",807.77,135000,9855,"Epitheliochorial","Villous",0.00598348148148148,"Artiodactyla"
"sylvilagus_aquaticus",55.7,2127.01,3250.1,"Hemochorial","Labyrinthine",0.0261869948895398,"Lagomorpha"
"sylvilagus_audubonii",34.36,791.29,2853.08,"Hemochorial","Labyrinthine",0.0434227653578334,"Lagomorpha"
"sylvilagus_floridanus",34.15,1178.6,3577,"Epitheliochorial","Labyrinthine",0.0289750551501782,"Lagomorpha"
"symphalangus_syndactylus",517,10869.5,15695,"Hemochorial","Villous",0.0475642853857123,"Primates"
"syncerus_caffer",39843.11,646333,10877,"Epitheliochorial","Villous",0.0616448641799196,"Artiodactyla"
"tadarida_brasiliensis",3.19,12.5,5475,"Endotheliochorial","Labyrinthine",0.2552,"Chiroptera"
"talpa_europaea",3.24,110.42,2555,"Endotheliochorial","Labyrinthine",0.0293425104147799,"Eulipotyphla"
"tamiasciurus_hudsonicus",6.89,210.8,4380,"Hemochorial","Labyrinthine",0.032685009487666,"Rodentia"
"taphozous_melanopogon",5.8,25.99,7300,"Endotheliochorial","Labyrinthine",0.223162754905733,"Chiroptera"
"tapirus_indicus",6848.35,296250,13322.5,"Epitheliochorial","Villous",0.0231167932489451,"Perissodactyla"
"tapirus_pinchaque",4720,148950,10402.5,"Epitheliochorial","Villous",0.0316884860691507,"Perissodactyla"
"tapirus_terrestris",4507.91,225000,14454,"Epitheliochorial","Trabecular",0.0200351555555556,"Perissodactyla"
"taxidea_taxus",93.49,8000,9490,"Endotheliochorial","Labyrinthine",0.01168625,"Carnivora"
"tenrec_ecaudatus",24.24,885.8,3175.5,"Hemochorial","Labyrinthine",0.0273650937006096,"Afrosoricida"
"theropithecus_gelada",464.92,15964.11,13140,"Hemochorial","Trabecular",0.0291228261393839,"Primates"
"thomomys_bottae",3.2,103.5,2226.5,"Hemochorial","Labyrinthine",0.0309178743961353,"Rodentia"
"thyroptera_tricolor",1.09,4.52,5421.74,"Hemochorial","Labyrinthine",0.241150442477876,"Chiroptera"
"trachypithecus_francoisi",454.56,7604.75,9599.5,"Hemochorial","Villous",0.0597731680857359,"Primates"
"trachypithecus_obscurus",339.18,7163.94,12373.5,"Hemochorial","Villous",0.0473454551545658,"Primates"
"trachypithecus_vetulus",359.99,7081.8,9526.5,"Hemochorial","Villous",0.0508331215227767,"Primates"
"tragelaphus_angasii",5541.58,100666.7,6752.5,"Epitheliochorial","Villous",0.0550487897189438,"Artiodactyla"
"tragelaphus_eurycerus",19944.92,270998.4,7993.5,"Epitheliochorial","Villous",0.073597925301404,"Artiodactyla"
"tragelaphus_imberbis",5891.21,82500,7227,"Epitheliochorial","Villous",0.0714086060606061,"Artiodactyla"
"tragelaphus_scriptus",3027.79,43250.39,5584.5,"Epitheliochorial","Villous",0.0700060739336686,"Artiodactyla"
"tragelaphus_spekii",4000,87500,8249,"Epitheliochorial","Villous",0.0457142857142857,"Artiodactyla"
"tragelaphus_strepsiceros",15366.57,206056.4,8577.5,"Epitheliochorial","Villous",0.0745745824929485,"Artiodactyla"
"tragulus_napu",372.99,3850,6095.5,"Epitheliochorial","Villous",0.0968805194805195,"Artiodactyla"
"tremarctos_ornatus",320,109250,14329.29,"Endotheliochorial","Labyrinthine",0.00292906178489703,"Carnivora"
"trichechus_manatus",29636.99,387500,20440,"Endotheliochorial","Labyrinthine",0.0764825548387097,"Sirenia"
"tupaia_glis",12.6,159,4532.08,"Endotheliochorial","Labyrinthine",0.0792452830188679,"Scandentia"
"tupaia_montana",11,225.53,577.92,"Endotheliochorial","Labyrinthine",0.04877399902452,"Scandentia"
"tursiops_truncatus",24369.6,230000,19345,"Epitheliochorial","Villous",0.105954782608696,"Artiodactyla"
"urocyon_cinereoargenteus",103.68,4220,5913,"Endotheliochorial","Labyrinthine",0.0245687203791469,"Carnivora"
"ursus_americanus",293.99,132405,12410,"Endotheliochorial","Labyrinthine",0.00222038442656999,"Carnivora"
"ursus_arctos",499.99,240500,18250,"Endotheliochorial","Labyrinthine",0.0020789604989605,"Carnivora"
"ursus_maritimus",670.48,371703.8,16425,"Endotheliochorial","Labyrinthine",0.00180380184437178,"Carnivora"
"ursus_thibetanus",357.5,99714.19,14308,"Endotheliochorial","Labyrinthine",0.00358524699443479,"Carnivora"
"vicugna_vicugna",6082.92,50000,22435.33,"Epitheliochorial","Villous",0.1216584,"Artiodactyla"
"vulpes_lagopus",69.17,3600,5949.5,"Endotheliochorial","Labyrinthine",0.0192138888888889,"Carnivora"
"vulpes_velox",39.94,2088,7300,"Endotheliochorial","Labyrinthine",0.0191283524904215,"Carnivora"
"vulpes_vulpes",100.49,4580.3,7774.5,"Endotheliochorial","Labyrinthine",0.0219396109425147,"Carnivora"
"vulpes_zerda",28.04,1207.5,5949.5,"Endotheliochorial","Labyrinthine",0.0232215320910973,"Carnivora"
"xerus_inauris",20,557.3,4745,"Hemochorial","Labyrinthine",0.0358873138345595,"Rodentia"
"zalophus_californianus",6347.89,158597.4,13030.5,"Endotheliochorial","Labyrinthine",0.0400251832627773,"Carnivora"
