species;first_birth;gestation_length;interbirth_interval;litter_size;neonate_body_size;order;common_name;invasivness;interdigitation;link_url
Chrysochloris_asiatica;-999;-999;-999;3.5;-999;Afrosoricida;Cape_golden mole;hemo;Labyrinthine;https://www.sciencedirect.com/science/article/pii/S0143400409002677
Echinops_telfairi;-999;62.54;-999;5.59;7.5;Afrosoricida;lesser_hedgehog tenrec;hemo;Labyrinthine;NA
Hemicentetes_semispinosus;-999;56.3;-999;4.49;7.35;Afrosoricida;lowland_streaked tenrec;hemo;Labyrinthine;https://www.sciencedirect.com/science/article/pii/S0143400409002677
Limnogale_mergulus;-999;-999;-999;2.99;-999;Afrosoricida;web-footed_tenrec;hemo;Labyrinthine;https://www.sciencedirect.com/science/article/pii/S0143400409002677
Microgale_cowani;-999;-999;-999;-999;-999;Afrosoricida;Cowan's_shrew tenrec;hemo;Labyrinthine;https://www.sciencedirect.com/science/article/pii/S0143400409002677
Oryzorictes_hova;-999;-999;-999;-999;-999;Afrosoricida;mole-like_rice tenrec;hemo;Labyrinthine;https://www.sciencedirect.com/science/article/pii/S0143400409002677
Potamogale_velox;-999;-999;-999;2.48;-999;Afrosoricida;giant_otter shrew;hemo;Labyrinthine;https://www.sciencedirect.com/science/article/pii/S0143400409002677
Setifer_setosus;-999;57.65;-999;2.99;24.7;Afrosoricida;greater_hedgehog tenrec;hemo;Labyrinthine;NA
Tenrec_ecaudatus;-999;60.24;-999;15.49;24.3;Afrosoricida;tailless_tenrec;hemo;Labyrinthine;NA
Addax_nasomaculatus;1066.86;262.74;360;1;5650;Artiodactyla;addax;epi;Villous;NA
Aepyceros_melampus;730;196.74;365;1;5240;Artiodactyla;impala;epi;Villous;NA
Alcelaphus_buselaphus;927.7;242.66;345.5;1;12500;Artiodactyla;hartebeest;epi;Villous;http://placentation.ucsd.edu/topifs.htm
Alces_alces;1216.66;235;365;1.25;13000;Artiodactyla;moose;epi;Villous;NA
Alces_americanus;NA;NA;NA;NA;NA;Artiodactyla;elk;epi;Villous;NA
Ammotragus_lervia;407.58;156.24;212.91;1.32;4500;Artiodactyla;Barbary_sheep;epi;Villous;http://www.vivo.colostate.edu/hbooks/pathphys/reprod/placenta/structure.html
Antidorcas_marsupialis;-999;169.49;365;1;3840;Artiodactyla;springbok;epi;Villous;http://placentation.ucsd.edu/springbok.htm
Antilocapra_americana;365;247.99;365;2;3450;Artiodactyla;pronghorn;epi;Villous;NA
Antilope_cervicapra;669.16;166.59;212.56;1;3390;Artiodactyla;blackbuck;epi;Villous;NA
Axis_axis;-999;227.49;425.83;1;3160;Artiodactyla;chital;epi;Villous;http://placentation.ucsd.edu/deer.html
Axis_calamianensis;-999;223.99;-999;2;-999;Artiodactyla;Calamian_deer;epi;Villous;NA
Axis_kuhlii;-999;227.49;-999;1;-999;Artiodactyla;Bawean_deer;epi;Villous;NA
Babyrousa_babyrussa;-999;156.5;-999;1.5;715;Artiodactyla;Buru_babirusa;epi;Villous;NA
Babyrousa_celebensis;NA;NA;NA;NA;NA;Artiodactyla;North_Sulawesi babirusa;epi;Villous;NA
Bison_bison;1095;283.17;399;1;20000;Artiodactyla;American_bison;epi;Villous;NA
Bison_bonasus;1068.38;265.99;638.75;1;23400;Artiodactyla;European_bison;epi;Villous;NA
Blastocerus_dichotomus;-999;272.37;-999;1;4200;Artiodactyla;marsh_deer;epi;Villous;NA
Bos_frontalis;-999;273.74;403.02;1;23100;Artiodactyla;gayal;epi;Villous;NA
Bos_gaurus;NA;NA;NA;NA;NA;Artiodactyla;gaur;epi;Villous;NA
Bos_grunniens;-999;273.74;-999;1;-999;Artiodactyla;domestic_yak;epi;Villous;NA
Bos_indicus;NA;NA;NA;NA;NA;Artiodactyla;zebu;epi;Villous;NA
Bos_javanicus;912.5;296.78;-999;1.22;-999;Artiodactyla;banteng;epi;Villous;NA
Bos_taurus;-999;280.48;-999;-999;-999;Artiodactyla;cow;epi;Villous;NA
Boselaphus_tragocamelus;912.5;248.49;400.5;1.5;5880;Artiodactyla;nilgai;epi;Villous;https://www.sciencedirect.com/science/article/pii/S0143400409002677
Bubalus_bubalis;-999;320;547.5;1;-999;Artiodactyla;water_buffalo;epi;Villous;NA
Bubalus_depressicornis;-999;295.78;-999;1;-999;Artiodactyla;dwarf_buffalo;epi;Villous;http://placentation.ucsd.edu/anoa.htm
Bubalus_mindorensis;-999;306.06;1095;1;-999;Artiodactyla;Mindoro_dwarf buffalo;epi;Villous;NA
Budorcas_taxicolor;-999;235.6;365;1;-999;Artiodactyla;takin;epi;Villous;NA
Camelus_bactrianus;1460;398;730;1;34400;Artiodactyla;Bactrian_camel;epi;Villous;http://placentation.ucsd.edu/camfs.htm
Camelus_dromedarius;1738.31;386.52;614.41;1;36800;Artiodactyla;dromedary;epi;Villous;NA
Capra_cylindricornis;-999;154.99;-999;1;-999;Artiodactyla;East_Caucasian tur;epi;Villous;https://www.sciencedirect.com/science/article/pii/S0143400409002677
Capra_falconeri;730;167.98;-999;1.73;-999;Artiodactyla;markhor;epi;Villous;http://placentation.ucsd.edu/alpinefs.htm
Capra_hircus;669.16;156;365;1.5;2140;Artiodactyla;domestic_goat;epi;Villous;NA
Capra_ibex;912.5;167.49;547.5;1;2780;Artiodactyla;Alpine_ibex;epi;Villous;https://www.sciencedirect.com/science/article/pii/S0143400409002677
Capra_nubiana;-999;149.99;-999;1;-999;Artiodactyla;Nubian_ibex;epi;Villous;NA
Capra_pyrenaica;-999;149.99;-999;1.5;-999;Artiodactyla;Iberian_ibex;epi;Villous;http://www.vivo.colostate.edu/hbooks/pathphys/reprod/placenta/structure.html
Capreolus_capreolus;730;161.53;365;1.76;1210;Artiodactyla;roe_deer;epi;Villous;https://www.sciencedirect.com/science/article/pii/S0143400409002677
Capricornis_crispus;NA;NA;NA;NA;NA;Artiodactyla;Japanese_serow;epi;Villous;http://placentation.ucsd.edu/serow.html
Catagonus_wagneri;730;152.08;-999;2.45;600;Artiodactyla;Chacoan_peccary;epi;Villous;NA
Cephalophus_dorsalis;760.41;238;-999;1;1620;Artiodactyla;bay_duiker;epi;Villous;NA
Cephalophus_jentinki;-999;-999;-999;1;4590;Artiodactyla;Jentink's_duiker;epi;Villous;NA
Cephalophus_monticola;577.91;205;265;1;709;Artiodactyla;blue_duiker;epi;Villous;NA
Cephalophus_niger;-999;126;-999;1;1940;Artiodactyla;black_duiker;epi;Villous;NA
Cephalophus_rufilatus;794.63;233.99;-999;1;977;Artiodactyla;red-flanked_duiker;epi;Villous;NA
Cephalophus_silvicultor;-999;234.43;306;1;4410;Artiodactyla;yellow-backed_duiker;epi;Villous;http://placentation.ucsd.edu/duiker.htm
Cephalorhynchus_commersonii;-999;-999;-999;0.98;5840;Artiodactyla;Commerson's_dolphin;epi;Trabecular;https://www.sciencedirect.com/science/article/pii/S0143400409002677
Cervus_canadensis;NA;NA;NA;NA;NA;Artiodactyla;wapiti;epi;Villous;NA
Cervus_duvaucelii;1095;244.99;-999;1;-999;Artiodactyla;swamp_deer;epi;Villous;NA
Cervus_elaphus;993.71;235.61;-999;1;8280;Artiodactyla;red_deer;epi;Villous;http://placentation.ucsd.edu/deer.html
Cervus_eldii;958.12;240.19;382.7;1;4690;Artiodactyla;Eld's_deer;epi;Villous;http://placentation.ucsd.edu/deer.html
Cervus_nippon;1095;223.66;-999;1;4290;Artiodactyla;sika_deer;epi;Villous;NA
Cervus_timorensis;-999;250.29;366;1;-999;Artiodactyla;Javan_rusa;epi;Villous;https://www.sciencedirect.com/science/article/pii/S0143400409002677
Cervus_unicolor;788.4;246;-999;1;10300;Artiodactyla;sambar;epi;Villous;https://www.sciencedirect.com/science/article/pii/S0143400409002677
Connochaetes_gnou;912.5;256.76;-999;1;11000;Artiodactyla;black_wildebeest;epi;Villous;https://www.sciencedirect.com/science/article/pii/S0143400409002677
Connochaetes_taurinus;730;251.49;365;1;18000;Artiodactyla;blue_wildebeest;epi;Villous;http://placentation.ucsd.edu/gnu.html
Copra_hircus;NA;NA;NA;NA;NA;Artiodactyla;goat;epi;Villous;https://www.sciencedirect.com/science/article/pii/S0143400409002677
Dama_dama;1095;229.99;365;1;4690;Artiodactyla;fallow_deer;epi;Villous;http://placentation.ucsd.edu/deer.html
Damaliscus_lunatus;912.5;238;-999;1;11000;Artiodactyla;common_tsessebe;epi;Villous;https://www.sciencedirect.com/science/article/pii/S0143400409002677
Elaphodus_cephalophus;-999;181.24;-999;1;-999;Artiodactyla;tufted_deer;epi;Villous;NA
Elaphurus_davidianus;-999;286.49;359.5;1;10500;Artiodactyla;Pre_David's deer;epi;Villous;http://placentation.ucsd.edu/deer.html
Eudorcas_thomsonii;NA;NA;NA;NA;NA;Artiodactyla;Thomson's_gazelle;epi;Villous;NA
Gazella_cuvieri;-999;166.13;-999;1.45;-999;Artiodactyla;Cuvier's_gazelle;epi;Villous;https://www.sciencedirect.com/science/article/pii/S0143400409002677
Gazella_dama;-999;194.93;182.5;1;-999;Artiodactyla;dama_gazelle;epi;Villous;https://www.sciencedirect.com/science/article/pii/S0143400409002677
Gazella_dorcas;836.45;171.99;337.85;1;1570;Artiodactyla;dorcas_gazelle;epi;Villous;NA
Gazella_granti;-999;191.21;-999;1;5220;Artiodactyla;Grant's_gazelle;epi;Villous;https://www.sciencedirect.com/science/article/pii/S0143400409002677
Gazella_leptoceros;319.37;167.29;-999;1;4630;Artiodactyla;rhim_gazelle;epi;Villous;NA
Gazella_marica;NA;NA;NA;NA;NA;Artiodactyla;Arabian_sand gazelle;epi;Villous;http://placentation.ucsd.edu/sgazel.html
Gazella_soemmerringii;802.23;192.53;-999;1;-999;Artiodactyla;Gazella_soemmerringii;epi;Villous;https://www.sciencedirect.com/science/article/pii/S0143400409002677
Gazella_spekei;-999;178.6;206.5;1;1250;Artiodactyla;Speke's_gazelle;epi;Villous;NA
Gazella_subgutturosa;-999;159.68;-999;1.5;2320;Artiodactyla;goitered;epi;Villous;http://placentation.ucsd.edu/persiangaz.html
Gazella_thomsonii;552.51;166.14;193.9;1;2500;Artiodactyla;Thomson's_gazelle;epi;Villous;https://www.sciencedirect.com/science/article/pii/S0143400409002677
Giraffa_camelopardalis;1825;455.25;608.33;1;55200;Artiodactyla;northern_giraffe;epi;Villous;NA
Giraffa_tippelskirchi;NA;NA;NA;NA;NA;Artiodactyla;Masai_giraffe;epi;Villous;NA
Hemitragus_hylocrius;669.16;186.59;237.25;1;-999;Artiodactyla;Nilgiri_tahr;epi;Villous;http://placentation.ucsd.edu/tahr.html
Hemitragus_jemlahicus;730;195.76;365;1;2700;Artiodactyla;Himalayan_tahr;epi;Villous;http://placentation.ucsd.edu/himal.html
Hexaprotodon_liberiensis;-999;199.99;-999;1;5730;Artiodactyla;pygmy_hippopotamus;epi;Villous;NA
Hippotragus_equinus;1049.37;278.23;317;1;16500;Artiodactyla;roan_antelope;epi;Villous;NA
Hippotragus_niger;983.37;272.87;365;1;16500;Artiodactyla;sable_antelope;epi;Villous;NA
Hydropotes_inermis;-999;175.49;-999;2.49;1020;Artiodactyla;water_deer;epi;Villous;NA
Inia_geoffrensis;-999;313.67;-999;1;6800;Artiodactyla;Amazon_river dolphin;epi;Trabecular;https://www.sciencedirect.com/science/article/pii/S0143400409002677
Kobus_defassa;NA;NA;NA;NA;NA;Artiodactyla;waterbuck;epi;Villous;NA
Kobus_ellipsiprymnus;-999;270;365;1;12000;Artiodactyla;Ellipsen_waterbuck;epi;Villous;http://placentation.ucsd.edu/buck.html
Kobus_leche;638.75;229.8;-999;1;5100;Artiodactyla;lechwe;epi;Villous;NA
Kobus_megaceros;-999;-999;-999;-999;-999;Artiodactyla;Nile_lechwe;epi;Villous;http://placentation.ucsd.edu/buck.html
Lama_glama;-999;334.58;-999;1;12000;Artiodactyla;llama;epi;Villous;NA
Lama_guanicoe;-999;334.58;-999;1;11500;Artiodactyla;guanaco;epi;Villous;http://placentation.ucsd.edu/camfs.htm
Lama_pacos;-999;343.49;-999;1.02;7920;Artiodactyla;alpaca;epi;Villous;https://www.ncbi.nlm.nih.gov/pubmed/12802689
Lemur_catta;866.87;134.17;468.41;1.17;75.8;Artiodactyla;ring-tailed_lemur;epi;Villous;http://placentation.ucsd.edu/ringlemur.html
Lissodelphis_borealis;-999;-999;-999;-999;-999;Artiodactyla;northern_right whale dolphin;epi;Trabecular;https://www.sciencedirect.com/science/article/pii/S0143400409002677
Litocranius_walleri;562.7;204.15;240.77;1;-999;Artiodactyla;gerenuk;epi;Villous;http://placentation.ucsd.edu/gerenukfs.htm
Madoqua_guentheri;-999;175;-999;1;684;Artiodactyla;Gnther's_dik-dik;epi;Villous;NA
Madoqua_kirkii;501.87;171.49;182.5;1;626;Artiodactyla;Kirk's_dik-dik;epi;Villous;NA
Mazama_americana;-999;224.99;-999;1.22;-999;Artiodactyla;red_brocket;epi;Villous;NA
Megaptera_novaeangliae;-999;349.79;730;1;1300000;Artiodactyla;humpback_whale;epi;Trabecular;https://www.sciencedirect.com/science/article/pii/S0143400409002677
Muntiacus_muntjak;-999;210;241;1;1370;Artiodactyla;Indian_muntjac;epi;Villous;NA
Muntiacus_reevesi;-999;214.24;215.25;1;1050;Artiodactyla;Reeves's_muntjac;epi;Villous;NA
Naemorhedus_crispus;-999;212.99;547.5;1;3500;Artiodactyla;Japanese_serow;epi;Villous;https://www.sciencedirect.com/science/article/pii/S0143400409002677
Naemorhedus_goral;-999;212.91;365;1;2000;Artiodactyla;Himalayan_goral;epi;Villous;NA
Naemorhedus_griseus;NA;NA;NA;NA;NA;Artiodactyla;Chinese_goral;epi;Villous;NA
Nanger_dama;NA;NA;NA;NA;NA;Artiodactyla;dama_gazelle;epi;Villous;NA
Nanger_granti;NA;NA;NA;NA;NA;Artiodactyla;Grant's_gazelle;epi;Villous;NA
Neotragus_moschatus;-999;180;-999;1;-999;Artiodactyla;Suni;hemo;Villous;NA
Neotragus_pygmaeus;-999;180;-999;1;-999;Artiodactyla;royal_antelope;epi;Villous;NA
Odocoileus_hemionus;547.5;203.49;365;1.64;3010;Artiodactyla;mule_deer;epi;Villous;NA
Odocoileus_virginianus;463;201.39;304.16;1.63;2950;Artiodactyla;white-tailed_deer;epi;Villous;NA
Okapia_johnstoni;-999;442.99;-999;1;18400;Artiodactyla;okapi;epi;Villous;http://placentation.ucsd.edu/okapi.htm
Oreamnos_americanus;1095;181.24;365;1;3080;Artiodactyla;mountain_goat;epi;Villous;NA
Oreotragus_oreotragus;-999;214;365;1;1130;Artiodactyla;klipspringer;epi;Villous;http://placentation.ucsd.edu/klipspringer.htm
Oryx_dammah;1001.31;248;-999;1;9710;Artiodactyla;scimitar_oryx;epi;Villous;http://placentation.ucsd.edu/scimitarfs.htm
Oryx_gazella;866.87;273.74;-999;1;12100;Artiodactyla;South_African oryx;epi;Villous;https://www.sciencedirect.com/science/article/pii/S0143400409002677
Oryx_leucoryx;-999;240;-999;1;-999;Artiodactyla;Arabian_oryx;epi;Villous;NA
Ovibos_moschatus;1277.5;256.58;547.5;1;10500;Artiodactyla;muskox;epi;Villous;NA
Ovis_aries;730;152.08;365;1.19;2380;Artiodactyla;Sheep;epi;Villous;NA
Ovis_canadensis;301.5;177.49;365;1;4120;Artiodactyla;bighorn_sheep;epi;Villous;NA
Ovis_dalli;730;172.49;365;1;3500;Artiodactyla;Dall's_sheep;epi;Villous;NA
Ovis_vignei;-999;165.45;365;1.5;-999;Artiodactyla;urial;epi;Villous;https://www.sciencedirect.com/science/article/pii/S0143400409002677
Pecari_tajacu;350;144.85;155;2;619;Artiodactyla;collared_peccary;epi;Villous;NA
Phacochoerus_aethiopicus;730;165.4;365;3.39;692;Artiodactyla;desert_warthog;epi;Villous;NA
Phacochoerus_africanus;-999;172.49;-999;-999;-999;Artiodactyla;common_warthog;epi;Trabecular;https://www.sciencedirect.com/science/article/pii/S0143400409002677
Philantomba_monticola;NA;NA;NA;NA;NA;Artiodactyla;blue_duiker;epi;Villous;NA
Platanista_gangetica;-999;304.16;-999;0.97;-999;Artiodactyla;South_Asian river dolphin;epi;Trabecular;https://www.sciencedirect.com/science/article/pii/S0143400409002677
Platanista_minor;-999;304.16;-999;1;7000;Artiodactyla;South_Asian river dolphin;epi;Trabecular;https://www.sciencedirect.com/science/article/pii/S0143400409002677
Potamochoerus_porcus;-999;120;365;3.5;750;Artiodactyla;red_river hog;epi;Villous;NA
Pseudois_nayaur;730;159.74;-999;1;-999;Artiodactyla;blue_sheep;epi;Villous;https://www.sciencedirect.com/science/article/pii/S0143400409002677
Pudu_puda;-999;210;-999;1;780;Artiodactyla;pudus;epi;Villous;NA
Rangifer_tarandus;-999;222.49;365;1;5510;Artiodactyla;reindeer;epi;Villous;NA
Raphicerus_campestris;-999;210;219;1;917;Artiodactyla;steenbok;epi;Villous;http://placentation.ucsd.edu/steen.htm
Rucervus_eldii;NA;NA;NA;NA;NA;Artiodactyla;Eld's_deer;epi;Villous;NA
Saiga_tatarica;-999;148.49;365;2;3330;Artiodactyla;saiga_antelope;epi;Villous;https://www.sciencedirect.com/science/article/pii/S0143400409002677
Sus_cebifrons;-999;125.46;-999;4.58;-999;Artiodactyla;Visayan_warty pig;epi;Villous;NA
Sus_scrofa;312;115.2;230;4.61;808;Artiodactyla;wild_boar;epi;Villous;NA
Syncerus_caffer;1460;337.49;638.75;1;39800;Artiodactyla;African_buffalo;epi;Villous;http://placentation.ucsd.edu/congo.html
Taurotragus_derbianus;-999;-999;-999;-999;-999;Artiodactyla;giant_eland;epi;Villous;http://placentation.ucsd.edu/eland.htm
Taurotragus_oryx;958.12;271;337;1;32500;Artiodactyla;common_eland;epi;Villous;http://placentation.ucsd.edu/eland.htm
Tayassu_tajacu;NA;NA;NA;NA;NA;Artiodactyla;collared_peccary;epi;Villous;NA
Tragelaphus_angasii;695.78;220;297;1;5540;Artiodactyla;lowland_nyala;epi;Villous;http://placentation.ucsd.edu/nyala.htm
Tragelaphus_eurycerus;-999;284.99;-999;1;19900;Artiodactyla;antelope;epi;Villous;http://placentation.ucsd.edu/bongofs.htm
Tragelaphus_imberbis;1115.07;221.99;258.54;1;5890;Artiodactyla;lesser_kudu;epi;Villous;NA
Tragelaphus_oryx;NA;NA;NA;NA;NA;Artiodactyla;common_eland;epi;Villous;NA
Tragelaphus_scriptus;644.15;182.49;235.72;1;3040;Artiodactyla;harnessed_bushbuck;epi;Villous;http://www.vivo.colostate.edu/hbooks/pathphys/reprod/placenta/structure.html
Tragelaphus_spekii;608.33;241.15;352.83;1;4000;Artiodactyla;sitatunga;epi;Villous;http://placentation.ucsd.edu/sita.html
Tragelaphus_strepsiceros;912.5;220.94;365;1;15400;Artiodactyla;greater_kudu;epi;Villous;NA
Tragulus_javanicus;-999;158.75;-999;1;-999;Artiodactyla;Java_mouse-deer;epi;Villous;http://placentation.ucsd.edu/chevro.htm
Tragulus_napu;212.91;154.24;152.08;1;373;Artiodactyla;greater_mouse-deer;epi;Villous;http://placentation.ucsd.edu/chevro.htm
Vicugna_pacos;NA;NA;NA;NA;NA;Artiodactyla;huacayan_alpaca;epi;Villous;https://en.wikipedia.org/wiki/Alpaca
Vicugna_vicugna;1140.62;345.45;547.5;1;6090;Artiodactyla;vicua;epi;Trabecular;https://www.sciencedirect.com/science/article/pii/S0143400409002677
Acinonyx_jubatus;1217.27;92.24;547.5;2.99;442;Carnivora;cheetah;endo;Labyrinthine;NA
Ailuropoda_melanoleuca;-999;135;638.75;1.7;104;Carnivora;giant_panda;endo;Labyrinthine;NA
Ailurus_fulgens;760.41;131.5;365;2;104;Carnivora;red_panda;endo;Labyrinthine;http://placentation.ucsd.edu/panda.html
Aonyx_capensis;-999;64.41;-999;2.56;-999;Carnivora;African_clawless otter;endo;Labyrinthine;NA
Aonyx_cinerea;NA;NA;NA;NA;NA;Carnivora;Asian_small-clawed otter;endo;Labyrinthine;http://placentation.ucsd.edu/clotter.htm
Aonyx_cinereus;NA;NA;NA;NA;NA;Carnivora;Asian_small-clawed otter;endo;Labyrinthine;http://placentation.ucsd.edu/clotter.htm
Arctictis_binturong;-999;92.24;317.6;2.57;317;Carnivora;binturong;endo;Labyrinthine;NA
Arctocephalus_pusillus;1095;299.3;365;1;5750;Carnivora;brown_fur seal;endo;Labyrinthine;NA
Arctocephalus_townsendi;-999;-999;365;1;-999;Carnivora;Guadalupe_fur seal;endo;Labyrinthine;NA
Bassariscus_astutus;365;54.36;365;2.99;27.7;Carnivora;ringtail;endo;Labyrinthine;NA
Bassariscus_sumichrasti;-999;-999;-999;2;-999;Carnivora;cacomistle;endo;Labyrinthine;NA
Bradypus_griseus;NA;NA;NA;NA;NA;Carnivora;sloth_bear;endo;Labyrinthine;https://www.sciencedirect.com/science/article/pii/S0143400409002677
Callorhinus_ursinus;-999;250.93;365;1;5350;Carnivora;northern_fur seal;endo;Labyrinthine;NA
Canis_latrans;365;61.74;365;5.69;200;Carnivora;coyote;endo;Labyrinthine;NA
Canis_lupus;547.5;63.24;365;4.97;474;Carnivora;wolf;endo;Labyrinthine;NA
Canis_mesomelas;-999;62.5;273.75;3.64;177;Carnivora;black-backed_jackal;endo;Labyrinthine;NA
Canis_rufus;-999;61.99;365;5.24;-999;Carnivora;red_wolf;endo;Labyrinthine;NA
Caracal_caracal;456.25;71.47;365;2.99;196;Carnivora;caracal;endo;Labyrinthine;NA
Chrysocyon_brachyurus;-999;63.48;-999;2.22;372;Carnivora;maned_wolf;endo;Labyrinthine;NA
Conepatus_semistriatus;-999;-999;-999;3.5;-999;Carnivora;striped_hog-nosed skunk;endo;Labyrinthine;NA
Crocuta_crocuta;-999;112.47;441.04;2;1460;Carnivora;spotted_hyena;endo;Labyrinthine;NA
Crossarchus_obscurus;-999;69.99;121.66;3.99;9.78;Carnivora;common_kusimanse;endo;Labyrinthine;NA
Cryptoprocta_ferox;-999;92.66;-999;2.98;99.9;Carnivora;fossa;endo;Labyrinthine;NA
Cystophora_cristata;1387;244.99;365;1;22000;Carnivora;hooded_seal;endo;Labyrinthine;https://www.int-res.com/abstracts/dao/v106/n3/p187-196/
Eira_barbara;-999;66.91;-999;2.14;83;Carnivora;tayra;endo;Labyrinthine;NA
Enhydra_lutris;-999;238;365;1;1890;Carnivora;sea_otter;endo;Labyrinthine;http://placentation.ucsd.edu/seaotter.htm
Eumetopias_jubatus;-999;342.1;365;1;18300;Carnivora;Steller_sea lion;endo;Labyrinthine;NA
Felis_catus;NA;NA;NA;NA;NA;Carnivora;cat;endo;Labyrinthine;http://placentation.ucsd.edu/cat.html
Felis_chaus;-999;62.88;130.01;2.94;136;Carnivora;jungle_cat;endo;Labyrinthine;NA
Felis_margaritaat;NA;NA;NA;NA;NA;Carnivora;sand_cat;endo;Labyrinthine;NA
Felis_nigripes;-999;67.5;228.12;1.83;72;Carnivora;black-footed_cat;endo;Labyrinthine;NA
Felis_silvestris;365;65.49;148.25;3.87;106;Carnivora;European_wildcat;endo;Labyrinthine;NA
Genetta_tigrina;-999;71.57;304.16;2.62;85.5;Carnivora;Cape_genet;endo;Labyrinthine;NA
Gulo_gulo;-999;161.73;821.25;2.59;86;Carnivora;wolverine;endo;Labyrinthine;NA
Halichoerus_grypus;1825;342.99;365;1;14000;Carnivora;grey_seal;endo;Labyrinthine;NA
Helarctos_malayanus;-999;98.46;-999;1;325;Carnivora;sun_bear;endo;Labyrinthine;NA
Helogale_hirtula;-999;-999;-999;-999;-999;Carnivora;Ethiopian_dwarf mongoose;endo;Labyrinthine;NA
Hemigalus_derbyanus;-999;-999;-999;1.73;125;Carnivora;banded_palm civet;endo;Labyrinthine;NA
Hyaena_brunnea;NA;NA;NA;NA;NA;Carnivora;brown_hyena;endo;Labyrinthine;NA
Hyaena_hyaena;-999;90.5;237.25;2.49;654;Carnivora;striped_hyena;endo;Labyrinthine;NA
Hydrictis_maculicollis;NA;NA;NA;NA;NA;Carnivora;spotted-necked_otter;endo;Labyrinthine;NA
Hydrurga_leptonyx;-999;258.54;365;0.95;30000;Carnivora;leopard_seal;endo;Labyrinthine;https://www.sciencedirect.com/science/article/pii/S0143400409002677
Leopardus_geoffroyi;NA;NA;NA;NA;NA;Carnivora;Geoffroy's_cat;endo;Labyrinthine;NA
Leopardus_pajeros;NA;NA;NA;NA;NA;Carnivora;Pampas_cat;endo;Labyrinthine;NA
Leopardus_pardalis;-999;81.99;360.9;1.5;250;Carnivora;ocelot;endo;Labyrinthine;NA
Leopardus_wiedii;-999;82.31;-999;1.5;158;Carnivora;margay;endo;Labyrinthine;https://books.google.com/books?id=0mmQDwAAQBAJ&pg=PA202&lpg=PA202&dq=margay+placenta&source=bl&ots=_wRnuhoQDV&sig=ACfU3U3Ujc6go9Yd84NAOqiMTtAhJaLK8Q&hl=en&sa=X&ved=2ahUKEwj7vsak1_nkAhWFpp4KHVadD8c4ChDoATAGegQICRAC#v=onepage&q=margay%20placenta&f=false (page 202)
Leptailurus_serval;-999;74.23;182.5;2.39;254;Carnivora;serval;endo;Labyrinthine;NA
Leptonychotes_weddellii;1825;314.99;365;1;27400;Carnivora;Weddell_seal;endo;Labyrinthine;https://www.sciencedirect.com/science/article/pii/S0143400409002677
Lobodon_carcinophagus;1825;270.15;547.5;0.95;20000;Carnivora;crabeater_seal;endo;Labyrinthine;https://www.sciencedirect.com/science/article/pii/S0143400409002677
Lontra_canadensis;730;58.55;365;2.99;136;Carnivora;North_American river otter;endo;Labyrinthine;NA
Lutra_cinerea;NA;NA;NA;NA;NA;Carnivora;Asian_small-clawed otter;endo;Labyrinthine;NA
Lycaon_pictus;927.7;71.18;355.87;7.1;298;Carnivora;African_wild dog;endo;Labyrinthine;NA
Lynx_canadensis;-999;62.5;365;2.73;204;Carnivora;Canada_lynx;endo;Labyrinthine;NA
Lynx_lynx;-999;67;365;2.29;289;Carnivora;Eurasian_lynx;endo;Labyrinthine;NA
Lynx_rufus;547.5;60;365;2.75;300;Carnivora;bobcat;endo;Labyrinthine;NA
Martes_americana;365;28.1;365;2.59;31.3;Carnivora;American_pine marten;endo;Labyrinthine;NA
Martes_zibellina;-999;30.84;-999;3.12;31.2;Carnivora;sable;endo;Labyrinthine;http://www.vivo.colostate.edu/hbooks/pathphys/reprod/placenta/structure.html
Melursus_ursinus;-999;203.88;1095;1.79;-999;Carnivora;sloth_bear;hemo;Labyrinthine;http://placentation.ucsd.edu/slbear.htm
Mirounga_angustirostris;1460;246.12;365;1;34400;Carnivora;northern_elephant seal;endo;Labyrinthine;NA
Mungos_mungo;365;60.91;365;2.39;24.2;Carnivora;banded_mongoose;endo;Labyrinthine;NA
Mustela_putorius;-999;41.49;252.5;8.48;9.5;Carnivora;European_polecat;endo;Labyrinthine;NA
Mustela_vison;-999;51.44;365;4.76;8.75;Carnivora;American_mink;endo;Labyrinthine;https://www.sciencedirect.com/science/article/pii/S0143400409002677
Myocastor_coypus;319.37;132.04;131.5;5.34;206;Carnivora;coypu;endo;Labyrinthine;NA
Nandinia_binotata;-999;65.44;182.5;1.83;56;Carnivora;African_palm civet;endo;Labyrinthine;NA
Nasua_narica;-999;76.92;365;3.99;140;Carnivora;white-nosed_coati;endo;Labyrinthine;http://placentation.ucsd.edu/nasua.html
Nasua_nasua;-999;75.15;365;3.67;145;Carnivora;South_American coati;endo;Labyrinthine;http://placentation.ucsd.edu/nasua.html
Neofelis_nebulosa;-999;93.44;-999;2.25;167;Carnivora;clouded_leopard;endo;Labyrinthine;NA
Neovison_vison;NA;NA;NA;NA;NA;Carnivora;American_mink;endo;Labyrinthine;NA
Odobenus_rosmarus;1825;339.76;821.25;1;59100;Carnivora;walrus;endo;Labyrinthine;http://placentation.ucsd.edu/walrusfs.htm
Otaria_flavescens;NA;NA;NA;NA;NA;Carnivora;South_American sea lion;endo;Labyrinthine;NA
Otocolobus_manul;-999;76.17;-999;4.83;89;Carnivora;Pallas's_cat;endo;Labyrinthine;NA
Otocyon_megalotis;-999;67.63;182.5;3.74;121;Carnivora;bat-eared_fox;endo;Labyrinthine;NA
Panthera_leo;1047.55;108.74;730;2.67;1290;Carnivora;lion;endo;Labyrinthine;http://placentation.ucsd.edu/lionfs.htm
Panthera_onca;-999;100.74;365;2.04;644;Carnivora;jaguar;endo;Labyrinthine;NA
Panthera_tigris;1216.66;105.19;821.25;2.51;1320;Carnivora;tiger;endo;Labyrinthine;https://www.sciencedirect.com/science/article/pii/S0143400409002677
Panthera_uncia;NA;NA;NA;NA;NA;Carnivora;snow_leopard;endo;Labyrinthine;NA
Paradoxurus_hermaphroditus;-999;61.35;182.5;3.14;92.1;Carnivora;Asian_palm civet;endo;Labyrinthine;https://www.sciencedirect.com/science/article/pii/S0143400409002677
Pekania_pennanti;NA;NA;NA;NA;NA;Carnivora;fisher;endo;Labyrinthine;NA
Phoca_largha;-999;287.77;365;1;7100;Carnivora;spotted_seal;endo;Labyrinthine;http://placentation.ucsd.edu/seal.htm
Phoca_vitulina;1095;288.95;365;1;10200;Carnivora;harbor_seal;endo;Labyrinthine;NA
Poecilogale_albinucha;-999;32.59;243.33;2;4;Carnivora;African_striped weasel;endo;Labyrinthine;NA
Potos_flavus;-999;117.1;365;1;172;Carnivora;kinkajou;endo;Labyrinthine;NA
Prionailurus_bengalensis);NA;NA;NA;NA;NA;Carnivora;leopard_cat;endo;Labyrinthine;NA
Prionailurus_viverrinus;-999;71.62;-999;2;170;Carnivora;fishing_cat;endo;Labyrinthine;NA
Procyon_lotor;-999;64.99;365;3.04;82.5;Carnivora;raccoon;endo;Labyrinthine;NA
Proteles_cristata;NA;NA;NA;NA;NA;Carnivora;aardwolf;endo;Labyrinthine;http://www.vivo.colostate.edu/hbooks/pathphys/reprod/placenta/structure.html
Pteronura_brasiliensis;-999;69.99;365;2.12;204;Carnivora;giant_otter;endo;Labyrinthine;NA
Puma_concolor;623.54;92.29;577.91;2.72;410;Carnivora;cougar;endo;Labyrinthine;NA
Puma_yagouaroundi;NA;NA;NA;NA;NA;Carnivora;jaguarundi;endo;Labyrinthine;NA
Pusa_hispida;NA;NA;NA;NA;NA;Carnivora;ringed_seal;endo;Labyrinthine;NA
Speothos_venaticus;-999;67.96;247.94;4.35;158;Carnivora;bush_dog;endo;Labyrinthine;NA
Spilogale_pygmaea;-999;47.24;-999;3.99;6.9;Carnivora;pygmy_spotted skunk;endo;Labyrinthine;NA
Suricata_suricatta;365;76.99;365;3.97;30.5;Carnivora;meerkat;endo;Labyrinthine;NA
Taxidea_taxus;-999;57.78;365;2.75;93.5;Carnivora;American_badger;endo;Labyrinthine;http://www.vivo.colostate.edu/hbooks/pathphys/reprod/placenta/structure.html
Tremarctos_ornatus;-999;214.99;-999;1.5;320;Carnivora;spectacled_bear;endo;Labyrinthine;https://www.ncbi.nlm.nih.gov/pubmed/6721184
Uncia_uncia;-999;101.2;365;2.12;443;Carnivora;snow_leopard;endo;Labyrinthine;NA
Urocyon_cinereoargenteus;-999;61.48;365;3.79;104;Carnivora;gray_fox;endo;Labyrinthine;NA
Urocyon_littoralis;-999;53.84;365;2.17;100;Carnivora;island_fox;endo;Labyrinthine;NA
Ursus_americanus;1797.62;212.91;821.25;2.34;294;Carnivora;American_black bear;endo;Labyrinthine;NA
Ursus_arctos;1460;223.47;912.5;2;500;Carnivora;brown_bear;endo;Labyrinthine;NA
Ursus_maritimus;1825;64.82;831.67;1.79;670;Carnivora;polar_bear;endo;Labyrinthine;http://www.vivo.colostate.edu/hbooks/pathphys/reprod/placenta/structure.html
Ursus_thibetanus;1095;200.17;365;2;366;Carnivora;Asian_black bear;endo;Labyrinthine;NA
Viverra_civettina;-999;-999;-999;-999;-999;Carnivora;Malabar_large-spotted civet;endo;Labyrinthine;https://www.sciencedirect.com/science/article/pii/S0143400409002677
Viverricula_indica;-999;-999;-999;3.89;-999;Carnivora;small_Indian civet;endo;Labyrinthine;NA
Vulpes_lagopus;NA;NA;NA;NA;NA;Carnivora;Arctic_fox;endo;Labyrinthine;NA
Vulpes_macrotis;NA;NA;NA;NA;NA;Carnivora;kit_fox;endo;Labyrinthine;NA
Vulpes_velox;-999;53.84;365;4.49;40;Carnivora;swift_fox;endo;Labyrinthine;NA
Vulpes_vulpes;-999;52.49;365;4.59;101;Carnivora;red_fox;endo;Labyrinthine;NA
Vulpes_zerda;-999;51;365;2;28.1;Carnivora;fennec_fox;endo;Labyrinthine;NA
Zalophus_californianus;-999;349.99;547.5;1;6340;Carnivora;California_sea lion;endo;Labyrinthine;NA
Delphinapterus_leucas;-999;394.24;1003.75;1;57000;Cetacea;beluga_whale;epi;Villous;NA
Delphinus_delphis;-999;296.89;-999;0.98;7070;Cetacea;short-beaked_common dolphin;epi;Villous;NA
Orcinus_orca;5456.75;448.58;1825;1;159000;Cetacea;killer_whale;epi;Villous;http://placentation.ucsd.edu/killerwhale.htm
Phocoena_phocoena;1642.5;333.28;365;0.97;8890;Cetacea;harbour_porpoise;epi;Villous;NA
Sotalia_fluviatilis;-999;310.24;-999;0.97;-999;Cetacea;tucuxi;epi;Villous;https://www.ncbi.nlm.nih.gov/pubmed/17597550
Stenella_coeruleoalba;-999;386.05;1277.5;1.75;11300;Cetacea;striped_dolphin;epi;Villous;NA
Tasmacetus_shepherdi;-999;-999;-999;-999;-999;Cetacea;Shepherd's_beaked whale;epi;Villous;NA
Tursiops_truncatus;1825;364.99;747.48;1;13800;Cetacea;common_bottlenose dolphin;epi;Villous;NA
Tragelaphus_sylvaticus;NA;NA;NA;NA;NA;Cetartiodactyla;Cape_bushbuck;epi;Villous;https://www.ncbi.nlm.nih.gov/pubmed/16712927
Acerodon_jubatus;-999;-999;-999;1;-999;Chiroptera;giant_golden-crowned flying fox;hemo;Labyrinthine;https://onlinelibrary.wiley.com/doi/epdf/10.1002/jez.b.21216
Acerodon_lucifer;-999;-999;-999;-999;-999;Chiroptera;giant_golden-crowned flying fox;hemo;Labyrinthine;NA
Artibeus_jamaicensis;-999;151.13;-999;0.98;10.6;Chiroptera;Mexican_fruit bat;endo;Labyrinthine;NA
Artibeus_lituratus;-999;106.45;220;0.98;8.9;Chiroptera;great_fruit-eating bat;endo;Labyrinthine;NA
Carollia_perspicillata;410.62;114.89;159;1;4.9;Chiroptera;Seba's_short-tailed bat;endo;Labyrinthine;NA
Chaerephon_plicata;-999;88.87;-999;0.98;4.5;Chiroptera;wrinkle-lipped_free-tailed bat;hemo;Labyrinthine;https://www.sciencedirect.com/science/article/pii/S0143400409002677
Chrotopterus_auritus;-999;-999;-999;1;-999;Chiroptera;big-eared_woolly bat;endo;Labyrinthine;NA
Cynopterus_sphinx;319.37;120.23;-999;1;11;Chiroptera;greater_short-nosed fruit bat;hemo;Labyrinthine;https://www.sciencedirect.com/science/article/pii/S0143400409002677
Desmodus_rotundus;-999;214.33;288.95;1;6.95;Chiroptera;common_vampire bat;endo;Labyrinthine;NA
Epomophorus_wahlbergi;-999;156.83;-999;1;-999;Chiroptera;Wahlberg's_epauletted fruit bat;hemo;Labyrinthine;NA
Furipterus_horrens;-999;-999;-999;1;-999;Chiroptera;thumbless_bat;hemo;Labyrinthine;https://www.sciencedirect.com/science/article/pii/S0143400409002677
Glossophaga_soricina;-999;108.1;-999;1;-999;Chiroptera;Pallas's_long-tongued bat;endo;Labyrinthine;https://link.springer.com/article/10.1007/BF03050914
Leptonycteris_nivalis;-999;121.66;-999;1;7.8;Chiroptera;greater_long-nosed bat;endo;Labyrinthine;NA
Leptonycteris_yerbabuenae;NA;NA;NA;NA;NA;Chiroptera;lesser_long-nosed bat;endo;Labyrinthine;NA
Macrotus_californicus;365;250.93;-999;1;2.68;Chiroptera;California_leaf-nosed bat;hemo;Labyrinthine;https://onlinelibrary.wiley.com/doi/epdf/10.1002/ar.1091820208
Megaderma_lyra;709.72;152.08;-999;1;10.2;Chiroptera;greater_false vampire bat;hemo;Labyrinthine;https://www.sciencedirect.com/science/article/pii/S0143400409002677
Miniopterns_schreibersi;NA;NA;NA;NA;NA;Chiroptera;common_bent-wing bat;hemo;Labyrinthine;https://www.sciencedirect.com/science/article/pii/S0143400409002677
Molossus_ater;-999;93.05;-999;0.98;3.72;Chiroptera;black_mastiff bat;hemo;Labyrinthine;https://www.sciencedirect.com/science/article/pii/S0143400409002677
Mormoops_megalophylla;-999;-999;-999;0.98;0.97;Chiroptera;ghost-faced_bat;hemo;Labyrinthine;https://www.sciencedirect.com/science/article/pii/S0143400409002677
Myotis_lucifugus;730;59.79;-999;1;2.18;Chiroptera;little_brown bat;hemo;Labyrinthine;https://www.sciencedirect.com/science/article/pii/S0143400409002677
Myzopoda_aurita;-999;-999;-999;-999;-999;Chiroptera;Madagascar_sucker-footed bat;endo;Labyrinthine;https://www.sciencedirect.com/science/article/pii/S0143400409002677
Natalus_tumidirostris;-999;-999;-999;-999;-999;Chiroptera;Trinidadian_funnel-eared bat;endo;Labyrinthine;https://www.sciencedirect.com/science/article/pii/S0143400409002677
Phyllostomus_discolor;-999;108.1;-999;1;7.29;Chiroptera;pale_spear-nosed bat;endo;Labyrinthine;NA
Pteronotus_davyi;-999;-999;-999;0.98;1.22;Chiroptera;Davy's_(lesser) naked-backed bat;hemo;Labyrinthine;https://www.sciencedirect.com/science/article/pii/S0143400409002677
Pteronotus_parnellii;-999;108.1;-999;0.98;-999;Chiroptera;Parnell's_mustached bat;hemo;Labyrinthine;https://www.sciencedirect.com/science/article/pii/S0143400409002677
Pteropus_giganteus;-999;166.59;-999;1;92.9;Chiroptera;Indian_flying fox;hemo;Labyrinthine;https://www.researchgate.net/publication/230228374_Development_and_placentation_of_the_Indian_fruit_bat_Pteropus_giganteus_giganteus_Brunnich
Pteropus_hypomelanus;-999;-999;-999;1;-999;Chiroptera;small_flying fox;hemo;Labyrinthine;https://journals.plos.org/plosone/article?id=10.1371/journal.pone.0067584
Pteropus_poliocephalus;760.41;188.19;-999;1;70;Chiroptera;grey-headed_flying fox;hemo;Labyrinthine;NA
Pteropus_rodricensis;-999;154.43;-999;1;45;Chiroptera;Rodrigues_flying fox;hemo;Labyrinthine;NA
Rhinolophus_rouxii;735.06;119.62;-999;1;2.86;Chiroptera;rufous_horseshoe bat;endo;Labyrinthine;https://www.sciencedirect.com/science/article/pii/S0143400409002677
Rhinopoma_hardwickei;365;98.4;365;1;2.5;Chiroptera;esser_mouse-tailed bat;endo;Labyrinthine;https://www.sciencedirect.com/science/article/pii/S0143400409002677
Rousettus_aegyptiacus;NA;NA;NA;NA;NA;Chiroptera;Egyptian_fruit bat;hemo;Labyrinthine;NA
Rousettus_lanosus;-999;-999;-999;-999;-999;Chiroptera;long-haired_rousette;hemo;Labyrinthine;NA
Rousettus_leschenaulti;278.81;121.66;-999;1;12;Chiroptera;Leschenault's_rousette;hemo;Labyrinthine;https://www.sciencedirect.com/science/article/pii/S0143400409002677
Saccopteryx_bilineata;365;-999;-999;0.98;3.5;Chiroptera;greater_sac-winged bat;endo;Labyrinthine;https://www.sciencedirect.com/science/article/pii/S0143400409002677
Tadarida_brasiliensis;-999;90;-999;1;3.2;Chiroptera;Mexican_free-tailed bat;endo;Labyrinthine;http://placentation.ucsd.edu/freetailedbat.htm
Taphozous_melanopogon;730;122.5;-999;1;6.12;Chiroptera;black-bearded_tomb bat;endo;Labyrinthine;https://www.sciencedirect.com/science/article/pii/S0143400409002677
Thyroptera_tricolor;-999;154.43;-999;0.98;1.09;Chiroptera;Spixs_disk-winged bat;hemo;Labyrinthine;https://www.sciencedirect.com/science/article/pii/S0143400409002677
Chaetophractus_vellerosus;-999;-999;-999;-999;-999;Cingulata;screaming_hairy armadillo;hemo;Trabecular;https://www.ncbi.nlm.nih.gov/pmc/articles/PMC3447719/
Chaetophractus_villosus;-999;69.02;-999;1.62;125;Cingulata;big_hairy armadillo;hemo;Trabecular;https://www.sciencedirect.com/science/article/pii/S0143400409002677
Dasypus_hybridus;-999;126.62;-999;8.4;-999;Cingulata;southern_long-nosed armadillo;hemo;Trabecular;https://www.sciencedirect.com/science/article/pii/S0143400409002677
Dasypus_novemcinctus;-999;134;-999;3.84;96.5;Cingulata;nine-banded_armadillo;hemo;Trabecular;http://placentation.ucsd.edu/arm.html
Euphractus_sexcinctus;-999;64.82;-999;1.84;105;Cingulata;six-banded_armadillo;hemo;Trabecular;NA
Tolypeutes_tricinctus;-999;-999;-999;0.9;-999;Cingulata;Brazilian_three-banded armadillo;endo;Trabecular;http://placentation.ucsd.edu/3bandedarmadillofs.htm
Cynocephalus_volans;-999;62.73;-999;1;35.8;Dermoptera;Philippine_flying lemur;hemo;Labyrinthine;https://www.sciencedirect.com/science/article/pii/S0143400409002677
Atelerix_albiventris;-999;36.06;-999;2.99;8;Erinaceomorpha;four-toed_hedgehog;hemo;Labyrinthine;https://onlinelibrary.wiley.com/doi/pdf/10.1002/jmor.20289
Erinaceus_europaeus;349.79;37;-999;4.59;15.6;Erinaceomorpha;European_hedgehog;hemo;Labyrinthine;https://www.sciencedirect.com/science/article/pii/S014340041630529X
Blarina_brevicauda;64;20.61;-999;5.25;0.89;Eulipotyphla;northern_short-tailed shrew;hemo;Labyrinthine;https://www.sciencedirect.com/science/article/pii/S0143400409002677
Scalopus_aquaticus;-999;42;-999;3.5;5.36;Eulipotyphla;common_mole;epi;Villous;https://www.sciencedirect.com/science/article/pii/S0143400409002677
Solenodon_paradoxus;-999;64.8;-999;1;90;Eulipotyphla;Hispaniolan_solenodon;hemo;Labyrinthine;https://www.sciencedirect.com/science/article/pii/S0143400409002677
Sorex_araneus;-999;21.5;44.56;6.44;0.42;Eulipotyphla;common_shrew;hemo;Labyrinthine;https://www.sciencedirect.com/science/article/pii/S0143400409002677
Sorex_fumeus;-999;20.99;-999;5.49;-999;Eulipotyphla;smoky_shrew;hemo;Labyrinthine;https://www.sciencedirect.com/science/article/pii/S0143400409002677
Sorex_minutus;288.95;23.87;-999;6.04;0.22;Eulipotyphla;Eurasian_pygmy shrew;hemo;Labyrinthine;https://www.sciencedirect.com/science/article/pii/S0143400409002677
Suncus_murinus;-999;30.13;56.2;2.99;2.45;Eulipotyphla;Asian_house shrew;hemo;Labyrinthine;https://www.sciencedirect.com/science/article/pii/S0143400409002677
Talpa_europaea;365;30.41;-999;3.9;3.24;Eulipotyphla;European_mole;endo;Labyrinthine;https://www.sciencedirect.com/science/article/pii/S0143400409002677
Heterohyrax_brucei;-999;228.12;365;1.89;225;Hyracoidea;yellow-spotted_rock hyrax;hemo;Labyrinthine;NA
Procavia_capensis;2190;231.24;365;2.5;203;Hyracoidea;rock_hyrax;hemo;Labyrinthine;NA
Brachylagus_idahoensis;-999;-999;-999;5.81;-999;Lagomorpha;pygmy_rabbit;hemo;Labyrinthine;https://greatbasin.wr.usgs.gov/docs/pyra_oliver_rpt2004.pdf
Lepus_americanus;365;36.58;37;3.55;67.8;Lagomorpha;snowshoe_hare;hemo;Labyrinthine;NA
Ochotona_princeps;-999;30.49;30.41;2.91;11;Lagomorpha;American_pika;hemo;Labyrinthine;https://www.sciencedirect.com/science/article/pii/S0143400409002677
Oryctolagus_cuniculus;121.66;30.45;29;5.03;39.1;Lagomorpha;European_rabbit;hemo;Labyrinthine;NA
Sylvilagus_aquaticus;-999;37.33;-999;3;55.7;Lagomorpha;swamp_rabbit;hemo;Labyrinthine;NA
Sylvilagus_audubonii;-999;28;-999;2.99;34.4;Lagomorpha;desert_cottontail;hemo;Labyrinthine;NA
Sylvilagus_floridanus;-999;27;30.45;4.57;34.2;Lagomorpha;eastern_cottontail;hemo;Labyrinthine;NA
Sylvilagus_transitionalis;-999;28;-999;4.98;-999;Lagomorpha;New_England cottontail;hemo;Labyrinthine;NA
Elephantulus_brachyrhynchus;-999;-999;75;1.54;-999;Macroscelidea;short-snouted_elephant shrew;hemo;Labyrinthine;https://books.google.com/books?id=yQzSe71g2AcC&pg=PA702&lpg=PA702&dq=Elephantulus+brachyrhynchus+placenta&source=bl&ots=lmr1jpn5EJ&sig=ACfU3U0YoCEQH4YQOzSyd1zk1KbtTw0Neg&hl=en&sa=X&ved=2ahUKEwjH4JekmIPlAhWFnp4KHQ6DAfMQ6AEwEXoECAoQAg#v=onepage&q=Elephantulus%20brachyrhynchus%20placenta&f=false
Elephantulus_myurus;-999;53.33;49;1.88;8.1;Macroscelidea;eastern_rock elephant shrew;hemo;Labyrinthine;https://www.sciencedirect.com/science/article/pii/S0143400409002677
Elephantulus_rufescens;144;56.99;92.6;1.35;10.3;Macroscelidea;rufous_elephant shrew;hemo;Labyrinthine;https://www.sciencedirect.com/science/article/pii/S0143400409002677
Macroscelides_proboscideus;-999;58.5;-999;1.7;-999;Macroscelidea;round-eared_elephant shrew;hemo;Labyrinthine;NA
Petrodromus_tetradactylus;-999;-999;-999;1;31;Macroscelidea;four-toed_elephant shrew;hemo;Labyrinthine;https://www.sciencedirect.com/science/article/pii/S0143400409002677
Rhynchocyon_chrysopygus;-999;42.33;81;1;80;Macroscelidea;golden-rumped_elephant shrew;hemo;Labyrinthine;https://www.sciencedirect.com/science/article/pii/S0143400409002677
Rhynchocyon_petersi;-999;-999;-999;1.93;-999;Macroscelidea;black_and rufous elephant shrew;hemo;Labyrinthine;http://placentation.ucsd.edu/elepshrew.htm
Diceros;NA;NA;NA;NA;NA;Perissodactyla;hook-lipped_rhinoceros;epi;Villous;NA
Ceratotherium_simum;2463.75;534.86;967.25;1;48500;Perissodactyla;white_rhinoceros;epi;Villous;http://placentation.ucsd.edu/wrhino.html
Dicerorhinus_sumatrensis;-999;310.19;1277.5;1;22800;Perissodactyla;Sumatran_rhinoceros;epi;Villous;NA
Diceros_bicornis;2053.12;466.24;1049.37;1;35000;Perissodactyla;black_rhinoceros;epi;Villous;http://placentation.ucsd.edu/blkrhino.htm
Equus_africanus;NA;NA;NA;NA;NA;Perissodactyla;African_wild donkey;epi;Villous;http://placentation.ucsd.edu/somal.htm
Equus_asinus;866.87;365.99;-999;1;29300;Perissodactyla;Wild_ass;epi;Villous;NA
Equus_burchellii;1186.25;371.2;383.25;1;32300;Perissodactyla;Burchell's_zebra;epi;Trabecular;https://www.sciencedirect.com/science/article/pii/S0143400409002677
Equus_caballus;912.5;339.4;547.5;1;37900;Perissodactyla;horse;epi;Trabecular;https://www.sciencedirect.com/science/article/pii/S0143400409002677
Equus_ferus;NA;NA;NA;NA;NA;Perissodactyla;wild_horse;epi;Villous;NA
Equus_grevyi;1642.5;405.99;-999;1;40000;Perissodactyla;Grvy's_zebra;epi;Villous;http://placentation.ucsd.edu/zeb.htm
Equus_hemionus;1277.5;346;547.5;1;-999;Perissodactyla;onager;epi;Villous;http://placentation.ucsd.edu/kiang.html
Equus_kiang;-999;260.76;-999;-999;-999;Perissodactyla;kiang;epi;Trabecular;https://www.sciencedirect.com/science/article/pii/S0143400409002677
Equus_quagga;-999;-999;-999;-999;-999;Perissodactyla;plains_zebra;epi;Villous;NA
Equus_zebra;1633.37;363.49;653.95;1;29500;Perissodactyla;mountain_zebra;epi;Villous;http://placentation.ucsd.edu/zeb.htm
Rhinoceros_unicornis;2618.87;479;909.45;1;61400;Perissodactyla;Indian_rhinoceros;epi;Villous;http://placentation.ucsd.edu/rhino.html
Tapirus_bairdii;-999;396.24;-999;1;-999;Perissodactyla;Baird's_tapir;epi;Villous;http://placentation.ucsd.edu/tapirfs.html
Tapirus_indicus;-999;396.49;657;1;6850;Perissodactyla;Malayan_tapir;epi;Villous;http://placentation.ucsd.edu/tapirfs.html
Tapirus_pinchaque;-999;393.99;-999;1;4720;Perissodactyla;mountain_tapir;epi;Villous;NA
Tapirus_terrestris;-999;395.41;-999;1;4520;Perissodactyla;South_American tapir;epi;Trabecular;https://www.sciencedirect.com/science/article/pii/S0143400409002677
Manis_tricuspis;-999;121.66;273.75;1;110;Pholidota;tree_pangolin;epi;Villous;http://placentation.ucsd.edu/pangolinfs.htm
Bradypus_pygmaeus;NA;NA;NA;NA;NA;Pilosa;pygmy_three-toed sloth;endo;Trabecular;NA
Bradypus_torquatus;-999;149.99;-999;0.92;-999;Pilosa;maned_sloth;endo;Labyrinthine;https://www.sciencedirect.com/science/article/pii/S0143400409002677
Bradypus_tridactylus;-999;126.96;-999;0.96;179;Pilosa;pale-throated_sloth;endo;Trabecular;http://placentation.ucsd.edu/sloth.htm
Bradypus_variegatus;-999;171.05;365;0.92;272;Pilosa;brown-throated_sloth;endo;Trabecular;NA
Choloepus_didactylus;-999;270.31;795.41;0.92;364;Pilosa;Linnaeus's_two-toed sloth;endo;Trabecular;http://placentation.ucsd.edu/chol.html
Choloepus_hoffmanni;-999;258.54;456.25;0.92;374;Pilosa;Hoffmann's_two-toed sloth;endo;Trabecular;http://placentation.ucsd.edu/chol.html
Cyclopes_didactylus;-999;160;-999;0.96;-999;Pilosa;silky_anteater;hemo;Trabecular;https://www.sciencedirect.com/science/article/pii/S0143400409002677
Myrmecophaga_tridactyla;-999;182.74;-999;0.92;1500;Pilosa;giant_anteater;hemo;Trabecular;http://placentation.ucsd.edu/antfs.htm
Tamandua_tetradactyla;-999;160;-999;0.9;-999;Pilosa;southern_tamandua;hemo;Trabecular;https://www.sciencedirect.com/science/article/pii/S0143400409002677
Allenopithecus_nigroviridis;-999;-999;-999;1.01;242;Primates;Allen's_swamp monkey;hemo;Labyrinthine;NA
Allochrocebus_lhoesti;NA;NA;NA;NA;NA;Primates;mountain_monkey;hemo;Trabecular;NA
Alouatta_caraya;1354.15;185.98;337.62;1.01;262;Primates;black_howler;hemo;Villous;NA
Alouatta_palliata;1382.13;185.48;684.37;1.01;319;Primates;mantled_howler;hemo;Villous;http://placentation.ucsd.edu/howlerfs.htm
Alouatta_seniculus;1671.7;189.96;507.35;1.01;294;Primates;Colombian_red howler;hemo;Trabecular;http://placentation.ucsd.edu/howler.html
Aotus_trivirgatus;883.3;133.51;271;1;96.5;Primates;three-striped_night monkey;hemo;Villous;NA
Arctocebus_aureus;-999;-999;-999;-999;-999;Primates;golden_angwantibo;epi;Villous;NA
Ateles;NA;NA;NA;NA;NA;Primates;Spider_monkey;hemo;Villous;http://placentation.ucsd.edu/mon.html
Ateles_fusciceps;1773.9;224.77;851.66;1.01;500;Primates;black-headed_spider monkey;hemo;Trabecular;http://placentation.ucsd.edu/mon.html
Ateles_geoffroyi;2080.5;226.52;1048.15;1;425;Primates;Geoffroys_spider monkey;hemo;Trabecular;http://placentation.ucsd.edu/mon.html
Ateles_paniscus;1825;228.25;1072.18;1;479;Primates;red-faced_spider monkey;hemo;Trabecular;http://placentation.ucsd.edu/mon.html
Cacajao_calvus;1306.7;180;775.62;1.02;-999;Primates;bald_uakari;hemo;Villous;NA
Cacajao_melanocephalus;-999;-999;-999;-999;-999;Primates;golden-backed_uakari;hemo;Villous;NA
Callicebus_donacophilus;-999;-999;-999;1.02;-999;Primates;white-eared_titi;hemo;Villous;https://www.ncbi.nlm.nih.gov/pmc/articles/PMC3482116/
Callicebus_modestus;-999;-999;-999;1.02;-999;Primates;Rio_Beni titi;hemo;Villous;NA
Callicebus_moloch;1095;163.99;365;1.02;74.4;Primates;red-bellied_titi;hemo;Villous;NA
Callicebus_oenanthe;-999;-999;-999;1.02;-999;Primates;Rio_Mayo titi;hemo;Villous;NA
Callimico_goeldii;491.83;154;182.5;1;50.5;Primates;Goeldi's_marmoset;hemo;Trabecular;NA
Callithrix_geoffroyi;-999;-999;-999;-999;-999;Primates;white-headed_marmoset;hemo;Trabecular;NA
Callithrix_jacchus;555.1;143.99;159.8;2.14;27.7;Primates;common_marmoset;hemo;Trabecular;NA
Callithrix_kuhlii;-999;-999;-999;-999;-999;Primates;Wied's_marmoset;hemo;Trabecular;https://www.ncbi.nlm.nih.gov/pmc/articles/PMC3482116/
Callithrix_penicillata;-999;-999;-999;2;-999;Primates;black-tufted_marmoset;hemo;Trabecular;NA
Callithrix_pygmaea;840.41;134.53;182.5;2;14.5;Primates;pygmy_marmoset;hemo;Trabecular;NA
Cebuella_pygmaea;NA;NA;NA;NA;NA;Primates;western_pygmy marmoset;hemo;Trabecular;NA
Cebus_albifrons;1467.3;158.49;547.5;1;232;Primates;Humboldt's_white-fronted capuchin;hemo;Trabecular;http://placentation.ucsd.edu/capuchin.htm
Cebus_apella;2058.6;154.99;657;1;232;Primates;tufted_capuchin;hemo;Trabecular;http://placentation.ucsd.edu/capuchin.htm
Cebus_capucinus;1460;161.12;790.83;1;239;Primates;Colombian_white-faced capuchin;hemo;Trabecular;http://placentation.ucsd.edu/capuchin.htm
Cebus_imitator;NA;NA;NA;NA;NA;Primates;Panamanian_white-faced capuchin;hemo;Trabecular;NA
Cercocebus_agilis;-999;-999;-999;-999;-999;Primates;agile_mangabey;hemo;Trabecular;NA
Cercocebus_chrysogaster;NA;NA;NA;NA;NA;Primates;golden-bellied_mangabey;hemo;Trabecular;NA
Cercocebus_torquatus;1704.55;168.98;434.35;1.01;529;Primates;collared_mangabey;hemo;Trabecular;https://www.ncbi.nlm.nih.gov/pmc/articles/PMC3482116/
Cercopithecus_ascanius;1825;148.5;1580.45;1;371;Primates;red-tailed_monkey;hemo;Trabecular;http://placentation.ucsd.edu/lesserspotnosedmonkey.htm
Cercopithecus_cephus;1825;169.57;-999;1.01;338;Primates;moustached_guenon;hemo;Trabecular;http://placentation.ucsd.edu/kolb.html
Cercopithecus_diana;1961.87;-999;365;1;469;Primates;Diana_monkey;hemo;Trabecular;http://placentation.ucsd.edu/kolb.html
Cercopithecus_hamlyni;-999;-999;-999;1.02;-999;Primates;Hamlyn's_monkey;hemo;Trabecular;http://placentation.ucsd.edu/kolb.html
Cercopithecus_lhoesti;-999;-999;485.45;1;-999;Primates;L'Hoest's_monkey;hemo;Trabecular;NA
Cercopithecus_mitis;2087.8;138.48;565.75;1;402;Primates;blue_monkey;hemo;Trabecular;http://placentation.ucsd.edu/kolb.html
Cercopithecus_mona;-999;-999;-999;1.01;281;Primates;mona_monkey;hemo;Trabecular;http://placentation.ucsd.edu/lesserspotnosedmonkey.htm
Cercopithecus_neglectus;1704.55;172.51;584;1;260;Primates;De_Brazza's monkey;hemo;Trabecular;NA
Cercopithecus_nictitans;-999;169.57;-999;1.01;405;Primates;greater_spot-nosed monkey;hemo;Trabecular;http://placentation.ucsd.edu/lesserspotnosedmonkey.htm
Cercopithecus_petaurista;-999;-999;-999;1.02;-999;Primates;lesser_spot-nosed monkey;hemo;Trabecular;http://placentation.ucsd.edu/lesserspotnosedmonkey.htm
Cercopithecus_pogonias;1825;169.57;-999;1;338;Primates;crested_mona monkey;hemo;Trabecular;NA
Cheirogaleus_medius;472.67;61.79;365;2.04;14.7;Primates;fat-tailed_dwarf lemur;epi;Villous;NA
Chlorocebus_aethiops;1596.87;163.19;367.28;1;345;Primates;grivet;hemo;Trabecular;NA
Chlorocebus_pygerythrus;NA;NA;NA;NA;NA;Primates;vervet_monkey;hemo;Trabecular;NA
Chlorocebus_sabaeus;NA;NA;NA;NA;NA;Primates;green_monkey;hemo;Trabecular;NA
Colobus_angolensis;-999;-999;-999;1.02;-999;Primates;Angola_colobus;hemo;Trabecular;http://placentation.ucsd.edu/colob.htm
Colobus_guereza;1916.25;169.07;486.66;1;445;Primates;mantled_guereza;hemo;Trabecular;NA
Daubentonia_madagascariensis;1277.5;166.48;760.41;1;122;Primates;aye-aye;epi;Villous;NA
Erythrocebus_patas;1079.79;167.2;365;1;624;Primates;patas_monkey;hemo;Trabecular;http://placentation.ucsd.edu/patas.html
Eulemur_albifrons;NA;NA;NA;NA;NA;Primates;white-headed_lemur;epi;Villous;NA
Eulemur_collaris;NA;NA;NA;NA;NA;Primates;collared_brown lemur;epi;Villous;http://placentation.ucsd.edu/brlemur.htm
Eulemur_coronatus;-999;125;-999;1.53;57.9;Primates;crowned_lemur;epi;Villous;NA
Eulemur_fulvus;970.9;120.83;547.5;1.01;75.1;Primates;common_brown lemur;epi;Villous;http://placentation.ucsd.edu/brlemur.htm
Eulemur_macaco;868.7;127.49;365;1;60.7;Primates;black_lemur;epi;Villous;NA
Eulemur_mongoz;916.15;128.99;-999;1;59.7;Primates;mongoose_lemur;epi;Villous;NA
Eulemur_rubriventer;-999;126.99;-999;1;85.3;Primates;red-bellied_lemur;epi;Villous;NA
Eulemur_rufus;NA;NA;NA;NA;NA;Primates;red_lemur;epi;Villous;NA
Eulemur_sanfordi;NA;NA;NA;NA;NA;Primates;Sanford's_brown lemur;epi;Villous;NA
Galago_moholi;259.15;122.33;182.5;1.6;11.8;Primates;Mohol_bushbaby;epi;Villous;NA
Galago_senegalensis;511;127.15;219;1.52;11.5;Primates;Senegal_bushbaby;epi;Villous;https://www.ncbi.nlm.nih.gov/pubmed/16174532
Gorilla_gorilla;3650;256.99;1430.8;1;2100;Primates;western_gorilla;hemo;Villous;NA
Hapalemur_alaotrensis;NA;NA;NA;NA;NA;Primates;Lac_Alaotra bamboo lemur;epi;Villous;https://www.sciencedirect.com/topics/agricultural-and-biological-sciences/varecia
Hapalemur_griseus;996.45;141.24;334.58;1.02;45.2;Primates;eastern_lesser bamboo lemur;epi;Villous;NA
Homo_sapiens;5292.5;274.78;958.12;1;3190;Primates;Humans;hemo;Villous;https://www.sciencedirect.com/science/article/pii/S0143400409002677
Hylobates_agilis;-999;-999;-999;1.02;-999;Primates;agile_gibbon;hemo;Villous;NA
Hylobates_concolor;3285;205.87;821.25;1.01;-999;Primates;black_crested gibbon;hemo;Villous;NA
Hylobates_gabriellae;-999;-999;-999;-999;-999;Primates;yellow-cheeked_crested gibbon;hemo;Villous;NA
Hylobates_hoolock;-999;232.49;-999;1.01;-999;Primates;hoolock_gibbons;hemo;Villous;NA
Hylobates_lar;3398.15;212.91;983.67;1;399;Primates;lar_gibbon;hemo;Villous;NA
Hylobates_leucogenys;-999;-999;-999;-999;499;Primates;northern_white-cheeked gibbon;hemo;Villous;NA
Hylobates_pileatus;-999;200.23;-999;1;-999;Primates;pileated_gibbon;hemo;Villous;http://www.vivo.colostate.edu/hbooks/pathphys/reprod/placenta/structure.html
Indri_indri;-999;136.5;912.5;1;-999;Primates;indri;epi;Villous;https://www.sciencedirect.com/science/article/pii/S0143400409002677
Lagothrix_cana;NA;NA;NA;NA;NA;Primates;gray_woolly monkey;hemo;Villous;http://placentation.ucsd.edu/woolly.htm
Lagothrix_lagotricha;2766.7;223.99;638.75;1;439;Primates;brown_woolly monkey;hemo;Trabecular;http://placentation.ucsd.edu/woolly.htm
Leontopithecus_chrysomelas;-999;-999;-999;2.04;-999;Primates;golden-headed_lion tamarin;hemo;Trabecular;http://placentation.ucsd.edu/tam.html
Leontopithecus_midas;NA;NA;NA;NA;NA;Primates;lion_tamrin;hemo;Trabecular;http://placentation.ucsd.edu/tam.html
Leontopithecus_rosalia;868.7;134;182.5;2;51.9;Primates;golden_liontamarin;hemo;Trabecular;http://placentation.ucsd.edu/tam.html
Lophocebus_aterrimus;NA;NA;NA;NA;NA;Primates;black_crested mangabey;hemo;Villous;NA
Loris_tardigradus;547.5;166;182.5;1;11;Primates;red_slender loris;epi;Villous;NA
Macaca_fascicularis;1410.72;164.69;398.45;1;330;Primates;crab-eating_macaque;hemo;Trabecular;NA
Macaca_fuscata;1879.75;173.1;486.66;1.01;502;Primates;Japanese_macaque;hemo;Trabecular;NA
Macaca_mulatta;1460;166.18;385.5;1;472;Primates;rhesus_macaque;hemo;Trabecular;NA
Macaca_nigra;1996.55;172.49;540.2;1;459;Primates;Celebes_crested macaque;hemo;Trabecular;http://placentation.ucsd.edu/macfs.html
Macaca_radiata;1460;161.61;365;1;368;Primates;bonnet_macaque;hemo;Trabecular;NA
Macaca_silenus;1795.8;171.99;510.39;1;418;Primates;lion-tailed_macaque;hemo;Trabecular;NA
Mandrillus_sphinx;1460;175;521.64;1.02;613;Primates;mandrill;hemo;Trabecular;NA
Microcebus_murinus;380.2;60.34;365;2;4.79;Primates;gray_mouse lemur;epi;Villous;NA
Miopithecus_talapoin;1598.7;164.49;365;1;180;Primates;Angolan_talapoin;hemo;Trabecular;NA
Mirza_coquereli;NA;NA;NA;NA;NA;Primates;Coquerel's_giant mouse lemur;epi;Villous;NA
Nasalis_larvatus;1642.5;165.1;547.5;1;450;Primates;proboscis_monkey;hemo;Trabecular;https://www.sciencedirect.com/science/article/pii/S0143400409002677
Nomascus_gabriellae;NA;NA;NA;NA;NA;Primates;olden-cheeked_crested gibbon;hemo;Villous;NA
Nycticebus_coucang;932.57;191.15;365;1;50.7;Primates;Sunda_slow loris;epi;Villous;NA
Nycticebus_pygmaeus;-999;185.48;-999;1.75;20;Primates;pygmy_slow loris;epi;Villous;http://placentation.ucsd.edu/pygmylorisfs.htm
Otolemur_crassicaudatus;799.35;131.04;365;1.42;46.7;Primates;brown_greater galago;epi;Villous;NA
Otolemur_garnettii;576.7;132.24;215.95;1.01;49.3;Primates;northern_greater galago;epi;Villous;https://en.wikipedia.org/wiki/Northern_greater_galago
Pan_paniscus;-999;235.24;1715.5;1;1400;Primates;bonobo;hemo;Villous;NA
Pan_troglodytes;5073.5;231.49;1825;1.02;1750;Primates;chimpanzee;hemo;Villous;http://placentation.ucsd.edu/bono.html
Papio_anubis;NA;NA;NA;NA;NA;Primates;olive_baboon;hemo;Trabecular;NA
Papio_hamadryas;1642.5;178.05;684.37;1;855;Primates;hamadryas_baboon;hemo;Villous;NA
Papio_papio;NA;NA;NA;NA;NA;Primates;Guinea_baboon;hemo;Trabecular;NA
Perodicticus_potto;750.07;192.99;354.05;1;37.2;Primates;potto;epi;Villous;NA
Pithecia_pithecia;759.2;161.23;448.03;1;-999;Primates;white-faced_saki;hemo;Villous;http://placentation.ucsd.edu/saki.html
Pongo_abelii;NA;NA;NA;NA;NA;Primates;Sumatran_orangutan;hemo;Villous;NA
Pongo_pygmaeus;3591.6;260.08;2007.5;1;1650;Primates;Bornean_orangutan;hemo;Villous;https://www.sciencedirect.com/science/article/pii/S0143400409002677
Propithecus_coquereli;NA;NA;NA;NA;NA;Primates;Coquerel'ssifaka;epi;Villous;http://placentation.ucsd.edu/coquerel_fs.htm
Propithecus_diadema;1553.07;152.08;745.2;1;135;Primates;diademed_sifaka;hemo;Villous;NA
Propithecus_tattersalli;1642.5;-999;-999;-999;97.8;Primates;golden-crowned_sifaka;hemo;Villous;NA
Propithecus_verreauxi;1600.52;147.49;365;1;103;Primates;Verreaux's_sifaka;epi;Villous;http://placentation.ucsd.edu/coquerel_fs.htm
Pygathrix_nemaeus;-999;183;430.7;1;192;Primates;red-shanked_douc;hemo;Trabecular;http://placentation.ucsd.edu/douc.html
Saguinus_bicolor;-999;158.27;-999;2;-999;Primates;pied_tamarin;hemo;Trabecular;http://www.vivo.colostate.edu/hbooks/pathphys/reprod/placenta/structure.html
Saguinus_fuscicollis;850.45;147.99;293.5;1.85;39.3;Primates;brown-mantled_tamarin;hemo;Trabecular;NA
Saguinus_geoffroyi;-999;-999;240.9;2;48;Primates;Geoffroy's_tamarin;hemo;Trabecular;NA
Saguinus_imperator;-999;-999;-999;-999;46.7;Primates;emperor_tamarin;hemo;Trabecular;NA
Saguinus_midas;730;138.33;206.83;2;39.9;Primates;red-handed_tamarin;hemo;Trabecular;NA
Saguinus_oedipus;942.91;166.49;233.06;1.93;41;Primates;cotton-top_tamarin;hemo;Trabecular;NA
Saguinus_ursula;NA;NA;NA;NA;NA;Primates;black_tamarin;hemo;Trabecular;NA
Saimiri_boliviensis;-999;157.84;-999;1.02;-999;Primates;black-capped_squirrel monkey;hemo;Trabecular;https://www.ncbi.nlm.nih.gov/pmc/articles/PMC3482116/
Saimiri_sciureus;1073.25;164.2;383.25;1;108;Primates;Guianan_squirrel monkey;hemo;Trabecular;http://placentation.ucsd.edu/sqmonkey.html
Semnopithecus_entellus;1335.9;197.7;507.95;1;499;Primates;northern_plains gray langur;hemo;Trabecular;NA
Semnopithecus_hypoleucos;NA;NA;NA;NA;NA;Primates;black-footed_gray langur;hemo;Trabecular;NA
Symphalangus_syndactylus;NA;NA;NA;NA;NA;Primates;siamang;hemo;Villous;NA
Tarsius_spectrum;518.3;181.76;262.4;1;24;Primates;spectral_tarsier;hemo;Trabecular;https://www.sciencedirect.com/science/article/pii/S0143400409002677
Theropithecus_gelada;1505.62;178.86;766.5;1;465;Primates;gelada;hemo;Trabecular;NA
Trachypithecus_auratus;-999;-999;-999;-999;-999;Primates;East_Javan langur;hemo;Trabecular;NA
Trachypithecus_cristatus;1460;-999;-999;1.02;-999;Primates;silvery_lutung;hemo;Trabecular;http://placentation.ucsd.edu/silvered_leaf_monkey_fs.htm
Trachypithecus_delacouri;NA;NA;NA;NA;NA;Primates;Delacour's_langur;hemo;Trabecular;https://bioone.org/journals/Mammalian-Species/volume-43/issue-1/880.1/Trachypithecus-delacouri-Primates-Cercopithecidae/10.1644/880.1.full
Trachypithecus_francoisi;1460;-999;-999;1.5;456;Primates;Franois'_langur;hemo;Trabecular;http://placentation.ucsd.edu/Francois.htm
Trachypithecus_germaini;NA;NA;NA;NA;NA;Primates;Germain's_langur;hemo;Trabecular;NA
Trachypithecus_obscurus;1460;145.88;-999;1.02;359;Primates;dusky_leaf monkey;hemo;Trabecular;NA
Trachypithecus_selangorensis;NA;NA;NA;NA;NA;Primates;Selangor_silvered langur;hemo;Trabecular;NA
Trachypithecus_vetulus;-999;204.79;958.12;1.02;360;Primates;purple-faced_langur;hemo;Villous;NA
Varecia_rubra;NA;NA;NA;NA;NA;Primates;red_ruffed lemur;epi;Villous;NA
Varecia_variegata;700.8;102.5;365;2.04;93.7;Primates;black-and-white_ruffed lemur;epi;Villous;http://placentation.ucsd.edu/lem.html
elephas;NA;NA;NA;NA;NA;Proboscidea;Asian_Elephant;hemo;Labyrinthine;NA
Elephas_maximus;4745;636.04;1186.25;1;97000;Proboscidea;Asian_elephant;endo;Labyrinthine;NA
Loxodonta_africana;3467.5;660;1825;1;105000;Proboscidea;African_bush elephant;endo;Labyrinthine;https://www.ncbi.nlm.nih.gov/pubmed/12828919
Acomys_cahirinus;103;38.54;34;2.43;5.49;Rodentia;Cairo_spiny mouse;hemo;Labyrinthine;NA
Agouti_paca;-999;116.24;191;1;674;Rodentia;lowland_paca;hemo;Labyrinthine;NA
Ammospermophilus_harrisii;-999;29.23;-999;6.41;3.6;Rodentia;Harris's_antelope squirrel;hemo;Labyrinthine;NA
Ammospermophilus_leucurus;-999;29.46;-999;8.24;2.91;Rodentia;white-tailed_antelope squirrel;hemo;Labyrinthine;NA
Ammospermophilus_nelsoni;-999;26;-999;8.77;4.88;Rodentia;San_Joaquin antelope squirrel;hemo;Labyrinthine;NA
Anomalurus_beecrofti;-999;-999;-999;0.98;-999;Rodentia;Beecroft's_flying squirrel;hemo;Trabecular;https://www.sciencedirect.com/science/article/pii/S0143400409002677
Anomalurus_derbianus;-999;-999;-999;1;-999;Rodentia;Lord_Derby's scaly-tailed squirrel;hemo;Trabecular;https://www.sciencedirect.com/science/article/pii/S0143400409002677
Aplodontia_rufa;730;29.99;-999;2.67;23.1;Rodentia;mountain_beaver;hemo;Labyrinthine;https://www.sciencedirect.com/science/article/pii/S0143400409002677
Arvicola_terrestris;365;21.24;22;4.89;5.31;Rodentia;European_water vole;hemo;Labyrinthine;https://www.sciencedirect.com/science/article/pii/S0143400409002677
Atherurus_africanus;-999;108.32;-999;1.22;146;Rodentia;African_brush-tailed porcupine;hemo;Labyrinthine;https://www.sciencedirect.com/science/article/pii/S0143400409002677
Bandicota_indica;272.5;20.27;71.25;6.12;9.79;Rodentia;greater_bandicoot rat;hemo;Labyrinthine;https://www.sciencedirect.com/science/article/pii/S0143400409002677
Bathyergus_janetta;-999;-999;-999;3.5;15.4;Rodentia;Namaqua_dune mole-rat;hemo;Labyrinthine;https://www.sciencedirect.com/science/article/pii/S0143400409002677
Callosciurus_prevostii;-999;46.08;-999;1.71;16.4;Rodentia;Prevost's_squirrel;hemo;Villous;NA
Callosciurus_quinquestriatus;-999;-999;-999;-999;-999;Rodentia;Anderson's_squirrel;hemo;Labyrinthine;NA
Callospermophilus_lateralis;NA;NA;NA;NA;NA;Rodentia;golden-mantled_ground squirrel;hemo;Labyrinthine;NA
Calomys_callosus;42;21.8;21;5.39;2.41;Rodentia;large_vesper mouse;hemo;Labyrinthine;https://www.sciencedirect.com/science/article/pii/S0143400409002677
Capromys_pilorides;-999;125;-999;2;199;Rodentia;Desmarest's_hutia;hemo;Labyrinthine;NA
Castor_canadensis;-999;111.87;-999;3.5;415;Rodentia;North_American beaver;hemo;Labyrinthine;http://placentation.ucsd.edu/beav.html
Cavia_fulgida;-999;-999;-999;1.35;-999;Rodentia;shiny_guinea pig;hemo;Labyrinthine;http://placentation.ucsd.edu/guinea.htm
Cavia_porcellus;-999;67;-999;3.98;80.2;Rodentia;guinea_pig;hemo;Labyrinthine;NA
Cavia_tschudii;-999;63;-999;1.9;-999;Rodentia;montane_guinea pig;hemo;Labyrinthine;NA
Chaetodipus_fallax;-999;-999;-999;2.91;-999;Rodentia;San_Diego pocket mouse;hemo;Labyrinthine;https://www.sciencedirect.com/science/article/pii/S0143400409002677
Chinchilla_brevicaudata;-999;110.99;-999;2.49;-999;Rodentia;short-tailed_chinchilla;hemo;Labyrinthine;NA
Chinchilla_chinchilla;NA;NA;NA;NA;NA;Rodentia;short-tailed_chinchilla;hemo;Labyrinthine;http://www.vivo.colostate.edu/hbooks/pathphys/reprod/placenta/structure.html
Chinchilla_lanigera;-999;112.77;-999;1.86;39.6;Rodentia;long-tailed_chinchilla;hemo;Labyrinthine;https://royalsocietypublishing.org/doi/full/10.1098/rsos.161098
Clethrionomys_rutilus;-999;24.04;20.5;5.61;1.8;Rodentia;northern_red-backed vole;hemo;Labyrinthine;NA
Coendou_mexicanus;NA;NA;NA;NA;NA;Rodentia;Mexican_hairy dwarf porcupine;hemo;Labyrinthine;NA
Coendou_prehensilis;-999;200.74;433;1;412;Rodentia;Brazilian_porcupine;hemo;Labyrinthine;NA
Coendou_rothschildi;-999;-999;-999;-999;-999;Rodentia;Rothschild's_porcupine;hemo;Labyrinthine;NA
Crateromys_heaneyi;NA;NA;NA;NA;NA;Rodentia;golden-mantled_ground squirrel;hemo;Labyrinthine;NA
Cricetomys_gambianus;212.91;31.49;-999;3.11;22.7;Rodentia;Gambian_pouched rat;hemo;Labyrinthine;NA
Cricetulus_barabensis;-999;-999;-999;6.06;2;Rodentia;Chinese_striped hamster;hemo;Labyrinthine;NA
Cricetulus_longicaudatus;-999;-999;-999;5.71;-999;Rodentia;long-tailed_dwarf hamster;hemo;Labyrinthine;NA
Ctenodactylus_gundi;-999;66.04;69.7;2;29.9;Rodentia;common_gundi;hemo;Labyrinthine;https://www.sciencedirect.com/science/article/pii/S0143400409002677
Cuniculus_paca;NA;NA;NA;NA;NA;Rodentia;lowland_paca;hemo;Labyrinthine;NA
Cynomys_ludovicianus;-999;33.51;-999;4.45;15.2;Rodentia;black-tailed_prairie dog;hemo;Labyrinthine;https://onlinelibrary.wiley.com/doi/pdf/10.1002/jez.a.10292
Dasyprocta_azarae;-999;-999;-999;-999;-999;Rodentia;South_Americanagouti;hemo;Labyrinthine;https://www.sciencedirect.com/science/article/pii/S0143400409002677
Dasyprocta_leporina;-999;111.71;-999;1.39;-999;Rodentia;red-rumped_agouti;hemo;Labyrinthine;https://www.sciencedirect.com/science/article/pii/S0143400409002677
Dasyprocta_punctata;-999;91.25;127;1.9;-999;Rodentia;Central_American agouti;hemo;Labyrinthine;NA
Dicrostonyx_groenlandicus;61.5;20.84;24.5;3.5;4.45;Rodentia;northern_collared lemming;hemo;Labyrinthine;https://www.sciencedirect.com/science/article/pii/S0143400409002677
Dinomys_branick;NA;NA;NA;NA;NA;Rodentia;pacarana;hemo;Labyrinthine;NA
Dipodomys_deserti;-999;30.5;-999;3.33;4.09;Rodentia;desert_kangaroo rat;hemo;Labyrinthine;NA
Dipodomys_merriami;97;30.77;54;2.49;3.3;Rodentia;Merriam's_kangaroo rat;endo;Labyrinthine;NA
Dipodomys_ordii;-999;29.73;142.95;2.91;5;Rodentia;Ord's_kangaroo rat;endo;Labyrinthine;NA
Dipodomys_panamintinus;-999;-999;-999;-999;-999;Rodentia;Panamint_kangaroo rat;endo;Labyrinthine;https://www.sciencedirect.com/science/article/pii/S0143400409002677
Dolichotis_patagonum;243.33;97.97;99.61;1.79;579;Rodentia;Patagonian_mara;hemo;Labyrinthine;NA
Erethizon_dorsatum;-999;210.99;-999;1;491;Rodentia;North_American porcupine;hemo;Labyrinthine;NA
Fukomys_damarensis;NA;NA;NA;NA;NA;Rodentia;Damaraland_mole-rat;hemo;Villous;NA
Fukomys_mechowii;NA;NA;NA;NA;NA;Rodentia;Mechow's_mole-rat;hemo;Labyrinthine;NA
Funambulus_pennantii;-999;41.82;152.08;2.95;6.55;Rodentia;northern_palm squirrel;hemo;Labyrinthine;https://www.sciencedirect.com/science/article/pii/S0143400409002677
Galea_musteloides;-999;54.05;53.1;2.7;37.5;Rodentia;common_yellow-toothed cavy;hemo;Labyrinthine;https://www.sciencedirect.com/science/article/pii/S0143400409002677
Geomys_bursarius;-999;21.09;-999;2.64;5.11;Rodentia;plains_pocket gopher;hemo;Labyrinthine;https://www.sciencedirect.com/science/article/pii/S0143400409002677
Glaucomys_sabrinus;-999;39.99;-999;3.46;5.64;Rodentia;northern_flying squirrel;hemo;Labyrinthine;NA
Glaucomys_volans;-999;39.49;116.75;3;3.61;Rodentia;southern_flying squirrel;hemo;Labyrinthine;NA
Heterocephalus_glaber;-999;70.49;81.1;11.3;1.86;Rodentia;naked_mole-rat;hemo;Labyrinthine;NA
Hydrochaeris_hydrochaeris;-999;148.99;-999;3.89;1500;Rodentia;capybara;hemo;Labyrinthine;https://www.sciencedirect.com/science/article/pii/S0143400409002677
Hydrochoerus_hydrochaeris;NA;NA;NA;NA;NA;Rodentia;capybara;hemo;Labyrinthine;NA
Hylopetes_winstoni;-999;-999;-999;-999;-999;Rodentia;Sumatran_flying squirrel;hemo;Labyrinthine;NA
Hystrix_africaeaustralis;-999;93.49;375;2;306;Rodentia;Cape_porcupine;hemo;Labyrinthine;NA
Hystrix_cristata;-999;79.19;-999;2.99;-999;Rodentia;crested_porcupine;hemo;Labyrinthine;NA
Hystrix_indica;-999;112;109;2;-999;Rodentia;Indian_crested porcupine;hemo;Labyrinthine;NA
Ictidomys_tridecemlineatus;NA;NA;NA;NA;NA;Rodentia;thirteen-lined_ground squirrel;hemo;Labyrinthine;NA
Jaculus_jaculus;304.16;33.54;91.25;3.24;2;Rodentia;lesser_jerboa;hemo;Labyrinthine;NA
Kerodon_rupestris;156;75.9;86.15;1.52;82.4;Rodentia;rock_cavy;hemo;Labyrinthine;NA
Lagostomus_maximus;365;156.16;-999;1.93;196;Rodentia;plains_viscacha;hemo;Labyrinthine;https://www.sciencedirect.com/science/article/pii/S0143400409002677
Lemmus_lemmus;39;20.15;21;5.14;3.9;Rodentia;Norway_lemming;hemo;Labyrinthine;https://www.sciencedirect.com/science/article/pii/S0143400409002677
Marmota_flaviventris;730;30.41;456.25;4.65;33.8;Rodentia;yellow-bellied_marmot;hemo;Labyrinthine;https://www.sciencedirect.com/science/article/pii/S0143400409002677
Marmota_monax;-999;31.5;-999;4.1;27.2;Rodentia;groundhog;hemo;Labyrinthine;NA
Mastomys_natalensis;-999;-999;-999;-999;-999;Rodentia;Natal_multimammate mouse;hemo;Labyrinthine;NA
Meriones_shawi;129.27;24.8;31.25;5.85;4.36;Rodentia;Shaw's_jird;hemo;Labyrinthine;https://www.sciencedirect.com/science/article/pii/S0143400409002677
Meriones_unguiculatus;91;25.09;46;5;2.86;Rodentia;Mongolian_gerbil;hemo;Labyrinthine;NA
Mesocricetus_auratus;73.6;15.49;-999;8.79;2.36;Rodentia;golden_hamster;hemo;Labyrinthine;NA
Microdipodops_megacephalus;-999;-999;-999;3.9;-999;Rodentia;dark_kangaroo mouse;endo;Labyrinthine;https://www.sciencedirect.com/science/article/pii/S0143400409002677
Microtus_xanthognathus;-999;-999;-999;8.1;3.5;Rodentia;taiga_vole;hemo;Labyrinthine;https://www.sciencedirect.com/science/article/pii/S0143400409002677
Mus_musculus;139.5;19.6;-999;5.49;1.07;Rodentia;house_mouse;hemo;Labyrinthine;NA
Myodes_glareolus;NA;NA;NA;NA;NA;Rodentia;bank_vole;hemo;Labyrinthine;https://www.sciencedirect.com/science/article/pii/S0143400409002677
Myodes_rutilus;NA;NA;NA;NA;NA;Rodentia;northern_red-backed vole;hemo;Labyrinthine;https://www.sciencedirect.com/science/article/pii/S0143400409002677
Myoprocta_pratti;NA;NA;NA;NA;NA;Rodentia;green_acouchi;hemo;Villous;https://onlinelibrary.wiley.com/doi/pdf/10.1002/jez.a.10292
Neotoma_albigula;-999;37;49;2.09;11.2;Rodentia;white-throated_woodrat;hemo;Labyrinthine;NA
Neotoma_floridana;-999;34.84;83;3.11;14;Rodentia;eastern_woodrat;hemo;Labyrinthine;NA
Neotoma_fuscipes;-999;33.26;-999;2.69;13.2;Rodentia;dusky-footed_woodrat;hemo;Labyrinthine;NA
Neotoma_lepida;-999;33;60;2.7;9.38;Rodentia;desert_woodrat;hemo;Labyrinthine;NA
Octodon_degus;-999;90.71;-999;5.3;14.2;Rodentia;common_degu;hemo;Labyrinthine;http://placentation.ucsd.edu/degu.htm
Ondatra_zibethicus;365;27.94;30;6.51;22;Rodentia;muskrat;hemo;Labyrinthine;http://placentation.ucsd.edu/muskratfs.htm
Otospermophilus_beecheyi;NA;NA;NA;NA;NA;Rodentia;California_ground squirrel;hemo;Labyrinthine;NA
Paraxerus_cepapi;-999;56.95;60.5;2;12.8;Rodentia;Smith's_bush squirrel;hemo;Labyrinthine;http://www.vivo.colostate.edu/hbooks/pathphys/reprod/placenta/structure.html
Pedetes_capensis;-999;78.23;101;1;253;Rodentia;South_African springhare;hemo;Labyrinthine;NA
Perognathus_parvus;-999;23.49;-999;4.86;1.5;Rodentia;Great_Basin pocket mouse;hemo;Labyrinthine;https://www.sciencedirect.com/science/article/pii/S0143400409002677
Peromyscus_eremicus;-999;27.43;38.5;2.53;2.52;Rodentia;cactus_mouse;hemo;Labyrinthine;NA
Peromyscus_leucopus;106.45;23.2;26.6;4.25;1.8;Rodentia;white-footed_mouse;hemo;Labyrinthine;NA
Peromyscus_maniculatus;86.72;26.75;27.14;4.8;1.73;Rodentia;deer_mouse;hemo;Labyrinthine;https://www.sciencedirect.com/science/article/pii/S0143400409002677
Peromyscus_polionotus;-999;23.83;24.25;3.64;1.55;Rodentia;oldfield_mouse;hemo;Labyrinthine;NA
Petromns_typicus;NA;NA;NA;NA;NA;Rodentia;dassie_rat;hemo;Labyrinthine;https://www.sciencedirect.com/science/article/pii/S0143400409002677
Phodopus_campbelli;-999;20.64;-999;8.47;1.5;Rodentia;Campbell's_dwarf hamster;hemo;Labyrinthine;http://placentation.ucsd.edu/siberianham.htm
Phodopus_sungorus;139;20.99;24;5.49;2.04;Rodentia;winter_white dwarf hamster;hemo;Labyrinthine;NA
Rattus_norvegicus;91.25;21.74;-999;9;5.8;Rodentia;brown_rat;hemo;Labyrinthine;NA
Ratufa_affinis;-999;-999;-999;-999;-999;Rodentia;cream-coloured_giant squirrel;hemo;Labyrinthine;NA
Sciurus_carolinensis;365;44.85;-999;2.91;15.2;Rodentia;Geoffroy's_tamarin;hemo;Labyrinthine;NA
Sciurus_niger;-999;-999;-999;-999;-999;Rodentia;fox_squirrel;hemo;Labyrinthine;NA
Sciurus_vulgaris;273.75;37.99;91.25;3.99;8.83;Rodentia;red_squirrel;hemo;Labyrinthine;NA
Sekeetamys_calurus;-999;-999;-999;2.9;-999;Rodentia;bushy-tailed_jird;hemo;Labyrinthine;NA
Spalax_ehrenbergi;NA;NA;NA;NA;NA;Rodentia;Middle_East blind mole-rat;hemo;Labyrinthine;NA
Spalax_giganteus;-999;-999;-999;-999;-999;Rodentia;giant_mole-rat;hemo;Labyrinthine;NA
Spermophilus_citellus;-999;27.74;-999;6.48;-999;Rodentia;European_ground squirrel;hemo;Labyrinthine;https://www.sciencedirect.com/science/article/pii/S0143400409002677
Spermophilus_elegans;-999;23;-999;5.93;5.98;Rodentia;Wyoming_ground squirrel;hemo;Labyrinthine;https://www.sciencedirect.com/science/article/pii/S0143400409002677
Spermophilus_franklinii;-999;28;-999;9.14;9;Rodentia;Franklin's_ground squirrel;hemo;Labyrinthine;https://www.sciencedirect.com/science/article/pii/S0143400409002677
Spermophilus_richardsonii;365;22.8;-999;7.49;6.24;Rodentia;Richardson's_ground squirrel;hemo;Labyrinthine;https://www.sciencedirect.com/science/article/pii/S0143400409002677
Spermophilus_tridecemlineatus;-999;27.5;-999;8.27;3;Rodentia;thirteen-lined_ground squirrel;hemo;Labyrinthine;https://www.sciencedirect.com/science/article/pii/S0143400409002677
Sphiggurus_villosus;-999;-999;-999;1;-999;Rodentia;Paraguaian_hairy dwarf porcupine;hemo;Labyrinthine;NA
Tamias_amoenus;365;30.46;365;5;2.62;Rodentia;yellow-pine_chipmunk;hemo;Labyrinthine;https://www.sciencedirect.com/science/article/pii/S0143400409002677
Tamias_quadrivittatus;365;31.74;-999;4.86;2.5;Rodentia;Colorado_chipmunk;hemo;Labyrinthine;https://www.sciencedirect.com/science/article/pii/S0143400409002677
Tamias_striatus;-999;-999;-999;-999;3.35;Rodentia;eastern_chipmunk;hemo;Labyrinthine;NA
Tamiasciurus_hudsonicus;-999;34.27;-999;4.08;6.9;Rodentia;American_red squirrel;hemo;Labyrinthine;NA
Thomomys_bottae;91.25;23.87;-999;4.62;3.2;Rodentia;Botta's_pocket gopher;hemo;Labyrinthine;https://www.sciencedirect.com/science/article/pii/S0143400409002677
Urocitellus_columbianus;NA;NA;NA;NA;NA;Rodentia;Columbian_ground squirrel;hemo;Labyrinthine;NA
Urocitellus_endemicus;NA;NA;NA;NA;NA;Rodentia;southern_Idaho ground squirrel;hemo;Labyrinthine;NA
Urocitellus_richardsonii;NA;NA;NA;NA;NA;Rodentia;Richardson's_ground squirrel;hemo;Labyrinthine;NA
Xerus_inauris;-999;48;-999;2.14;20;Rodentia;Cape_ground squirrel;hemo;Labyrinthine;https://www.sciencedirect.com/science/article/pii/S0143400409002677
Zapus_hudsonius;60.83;18.29;-999;5.53;0.79;Rodentia;meadow_jumping mouse;hemo;Labyrinthine;https://www.sciencedirect.com/science/article/pii/S0143400409002677
Anathana_ellioti;-999;-999;-999;4.84;-999;Scandentia;Madras_treeshrew;endo;Labyrinthine;NA
Dendrogale_murina;-999;-999;-999;-999;-999;Scandentia;northern_smooth-tailed treeshrew;endo;Labyrinthine;https://www.sciencedirect.com/science/article/pii/S0143400409002677
Tupaia_belangeri;-999;-999;-999;-999;-999;Scandentia;northern_treeshrew;endo;Labyrinthine;NA
Tupaia_glis;203.75;45.99;45.3;2;12.6;Scandentia;common_treeshrew;endo;Labyrinthine;NA
Tupaia_gracilis;-999;-999;-999;-999;-999;Scandentia;slender_treeshrew;endo;Labyrinthine;https://www.sciencedirect.com/science/article/pii/S0143400409002677
Tupaia_javanica;-999;-999;-999;2.95;-999;Scandentia;Horsfield's_treeshrew;endo;Labyrinthine;https://www.sciencedirect.com/science/article/pii/S0143400409002677
Tupaia_longipes;-999;-999;-999;1.5;-999;Scandentia;long-footed_treeshrew;endo;Labyrinthine;https://www.sciencedirect.com/science/article/pii/S0143400409002677
Tupaia_minor;-999;-999;-999;1.93;-999;Scandentia;pygmy_treeshrew;endo;Labyrinthine;NA
Tupaia_montana;-999;48.99;-999;2.01;11;Scandentia;mountain_treeshrew;endo;Labyrinthine;https://www.sciencedirect.com/science/article/pii/S0143400409002677
Tupaia_palawanensis;-999;-999;-999;-999;-999;Scandentia;Palawan_treeshrew;endo;Labyrinthine;https://www.sciencedirect.com/science/article/pii/S0143400409002677
Tupaia_picta;-999;-999;-999;-999;-999;Scandentia;painted_treeshrew;endo;Labyrinthine;https://www.sciencedirect.com/science/article/pii/S0143400409002677
Tupaia_tana;-999;-999;-999;2.51;-999;Scandentia;large_treeshrew;hemo;Labyrinthine;https://onlinelibrary.wiley.com/doi/epdf/10.1002/ar.1091320403
Urogale_everetti;-999;55.49;-999;1.69;20;Scandentia;Mindanao_treeshrew;endo;Labyrinthine;https://www.sciencedirect.com/science/article/pii/S0143400409002677
Trichechus_inunguis;-999;373.22;-999;0.92;-999;Sirenia;Amazonian_manatee;endo;Labyrinthine;https://www.sciencedirect.com/science/article/pii/S0143400409002677
Trichechus_manatus;-999;334.58;1003.75;1;29600;Sirenia;West_Indian manatee;endo;Labyrinthine;https://www.semanticscholar.org/paper/Placentation-in-the-Amazonian-manatee-(Trichechus-Carter-Miglino/9dc0558666ba7e53bdf3908a3a907ee06524bca1
Hippopotamus_amphibius;1460;235.37;696.54;1;40200;Therapsida;hippopotamus;epi;Villous;NA
Orycteropus_afer;1095;222.61;-999;0.96;1900;Tubulidentata;aardvark;endo;Labyrinthine;http://placentation.ucsd.edu/aard.html
