"species","interbirth_interval","longevity","invasiveness","interdigitation","taxonomic_order"
"acerodon_jubatus",369.71,7320.34,"Hemochorial","Labyrinthine","Chiroptera"
"acinonyx_jubatus",541.88,7482.5,"Endotheliochorial","Labyrinthine","Carnivora"
"acomys_cahirinus",33.98,2731.42,"Hemochorial","Labyrinthine","Rodentia"
"addax_nasomaculatus",357.26,10293,"Epitheliochorial","Villous","Artiodactyla"
"aepyceros_melampus",364.75,9344,"Epitheliochorial","Villous","Artiodactyla"
"ailuropoda_melanoleuca",592.97,13432,"Endotheliochorial","Labyrinthine","Carnivora"
"ailurus_fulgens",364.75,6935,"Endotheliochorial","Labyrinthine","Carnivora"
"alcelaphus_buselaphus",358.26,5828.85,"Epitheliochorial","Villous","Artiodactyla"
"alces_alces",364.75,9855,"Epitheliochorial","Villous","Artiodactyla"
"allenopithecus_nigroviridis",470.45,10019.25,"Hemochorial","Labyrinthine","Primates"
"alouatta_caraya",337.58,11826,"Hemochorial","Villous","Primates"
"alouatta_palliata",533.82,9125,"Hemochorial","Villous","Primates"
"alouatta_seniculus",465.36,9125,"Hemochorial","Trabecular","Primates"
"ammospermophilus_harrisii",290.28,3869,"Hemochorial","Labyrinthine","Rodentia"
"ammospermophilus_leucurus",233.62,4088,"Hemochorial","Labyrinthine","Rodentia"
"ammotragus_lervia",220.8,7920.5,"Epitheliochorial","Villous","Artiodactyla"
"anathana_ellioti",147.47,2851.09,"Endotheliochorial","Labyrinthine","Scandentia"
"antidorcas_marsupialis",364.75,7300,"Epitheliochorial","Villous","Artiodactyla"
"antilocapra_americana",364.75,5657.5,"Epitheliochorial","Villous","Artiodactyla"
"antilope_cervicapra",221.63,8723.5,"Epitheliochorial","Villous","Artiodactyla"
"aonyx_capensis",245.21,5183,"Endotheliochorial","Labyrinthine","Carnivora"
"aotus_trivirgatus",269.82,10986.5,"Hemochorial","Villous","Primates"
"aplodontia_rufa",365,3650,"Hemochorial","Labyrinthine","Rodentia"
"arctictis_binturong",332.57,9928,"Endotheliochorial","Labyrinthine","Carnivora"
"arctocebus_aureus",140.64,4745,"Epitheliochorial","Villous","Primates"
"arctocephalus_pusillus",364.75,11716.5,"Endotheliochorial","Labyrinthine","Carnivora"
"arctocephalus_townsendi",364.75,11169,"Endotheliochorial","Labyrinthine","Carnivora"
"artibeus_jamaicensis",219.85,7014.08,"Endotheliochorial","Labyrinthine","Chiroptera"
"artibeus_lituratus",219.85,7014.08,"Endotheliochorial","Labyrinthine","Chiroptera"
"atelerix_albiventris",271.67,4161,"Hemochorial","Labyrinthine","Eulipotyphla"
"ateles_fusciceps",925.37,17520,"Hemochorial","Trabecular","Primates"
"ateles_geoffroyi",1008.38,17520,"Hemochorial","Trabecular","Primates"
"ateles_paniscus",1071.36,16790,"Hemochorial","Trabecular","Primates"
"atherurus_africanus",191.96,8364.58,"Hemochorial","Labyrinthine","Rodentia"
"axis_axis",425.62,7592,"Epitheliochorial","Villous","Artiodactyla"
"babyrousa_babyrussa",301,8760,"Epitheliochorial","Villous","Artiodactyla"
"babyrousa_celebensis",302.92,8760,"Epitheliochorial","Villous","Artiodactyla"
"bandicota_indica",35.98,1533,"Hemochorial","Labyrinthine","Rodentia"
"bassariscus_astutus",364.75,6935,"Endotheliochorial","Labyrinthine","Carnivora"
"bassariscus_sumichrasti",251.2,8760,"Endotheliochorial","Labyrinthine","Carnivora"
"bathyergus_janetta",133.74,547.5,"Hemochorial","Labyrinthine","Rodentia"
"blarina_brevicauda",57.43,1003.75,"Hemochorial","Labyrinthine","Eulipotyphla"
"blastocerus_dichotomus",345.59,5000.5,"Epitheliochorial","Villous","Artiodactyla"
"bos_gaurus",518.16,9563,"Epitheliochorial","Villous","Artiodactyla"
"bos_javanicus",470.28,9891.5,"Epitheliochorial","Villous","Artiodactyla"
"boselaphus_tragocamelus",382.49,7920.5,"Epitheliochorial","Villous","Artiodactyla"
"brachylagus_idahoensis",38.97,1578.63,"Hemochorial","Labyrinthine","Lagomorpha"
"bradypus_pygmaeus",378.2,9120.93,"Endotheliochorial","Trabecular","Pilosa"
"bradypus_torquatus",368.26,4380,"Endotheliochorial","Labyrinthine","Pilosa"
"bradypus_tridactylus",392.15,14600,"Endotheliochorial","Trabecular","Pilosa"
"bradypus_variegatus",364.75,9866.91,"Endotheliochorial","Trabecular","Pilosa"
"bubalus_depressicornis",415.85,13176.5,"Epitheliochorial","Villous","Artiodactyla"
"bubalus_mindorensis",1094.25,10220,"Epitheliochorial","Villous","Artiodactyla"
"budorcas_taxicolor",364.75,7993.5,"Epitheliochorial","Villous","Artiodactyla"
"cacajao_calvus",775.28,13781.79,"Hemochorial","Villous","Primates"
"callimico_goeldii",180.63,8103,"Hemochorial","Trabecular","Primates"
"callithrix_geoffroyi",164.29,8318.96,"Hemochorial","Trabecular","Primates"
"callithrix_jacchus",164.29,8318.96,"Hemochorial","Trabecular","Primates"
"callithrix_kuhlii",164.29,8318.96,"Hemochorial","Trabecular","Primates"
"callithrix_penicillata",164.29,8318.96,"Hemochorial","Trabecular","Primates"
"callorhinus_ursinus",364.75,12775,"Endotheliochorial","Labyrinthine","Carnivora"
"callosciurus_prevostii",190.82,7701.5,"Hemochorial","Villous","Rodentia"
"callospermophilus_lateralis",402.48,3796,"Hemochorial","Labyrinthine","Rodentia"
"calomys_callosus",20.99,416.83,"Hemochorial","Labyrinthine","Rodentia"
"camelus_dromedarius",610.29,14600,"Epitheliochorial","Villous","Artiodactyla"
"canis_latrans",364.75,7969.17,"Endotheliochorial","Labyrinthine","Carnivora"
"canis_lupus",364.75,10767.5,"Endotheliochorial","Labyrinthine","Carnivora"
"canis_rufus",288.23,5847.27,"Endotheliochorial","Labyrinthine","Carnivora"
"capra_cylindricornis",517.9,7373,"Epitheliochorial","Villous","Artiodactyla"
"capra_falconeri",423.52,6971.5,"Epitheliochorial","Villous","Artiodactyla"
"capra_ibex",517.9,8139.5,"Epitheliochorial","Villous","Artiodactyla"
"capra_nubiana",517.9,8139.5,"Epitheliochorial","Villous","Artiodactyla"
"capreolus_capreolus",364.75,6387.5,"Epitheliochorial","Villous","Artiodactyla"
"capricornis_crispus",547.13,8760,"Epitheliochorial","Villous","Artiodactyla"
"capromys_pilorides",187.49,5040.04,"Hemochorial","Labyrinthine","Rodentia"
"caracal_caracal",364.75,7409.5,"Endotheliochorial","Labyrinthine","Carnivora"
"carollia_perspicillata",158.89,6205,"Endotheliochorial","Labyrinthine","Chiroptera"
"castor_canadensis",364.75,8541,"Hemochorial","Labyrinthine","Rodentia"
"catagonus_wagneri",325.08,5344.21,"Epitheliochorial","Villous","Artiodactyla"
"cavia_fulgida",85.01,2401.99,"Hemochorial","Labyrinthine","Rodentia"
"cavia_tschudii",73.65,3650,"Hemochorial","Labyrinthine","Rodentia"
"cebus_albifrons",546.88,16060,"Hemochorial","Trabecular","Primates"
"cebus_capucinus",796.37,20075,"Hemochorial","Trabecular","Primates"
"cephalophus_dorsalis",310.77,6387.5,"Epitheliochorial","Villous","Artiodactyla"
"cephalophus_jentinki",271.42,7771.46,"Epitheliochorial","Villous","Artiodactyla"
"cephalophus_niger",231.41,5402,"Epitheliochorial","Villous","Artiodactyla"
"cephalophus_rufilatus",246.4,5548,"Epitheliochorial","Villous","Artiodactyla"
"cephalophus_silvicultor",305.79,8212.5,"Epitheliochorial","Villous","Artiodactyla"
"cephalorhynchus_commersonii",702.43,9417,"Epitheliochorial","Villous","Artiodactyla"
"ceratotherium_simum",987.45,18250,"Epitheliochorial","Villous","Perissodactyla"
"cercocebus_agilis",445.37,16790,"Hemochorial","Trabecular","Primates"
"cercocebus_chrysogaster",445.37,16790,"Hemochorial","Trabecular","Primates"
"cercocebus_torquatus",445.37,16790,"Hemochorial","Trabecular","Primates"
"cercopithecus_cephus",820.44,13140,"Hemochorial","Trabecular","Primates"
"cercopithecus_diana",364.75,13614.5,"Hemochorial","Trabecular","Primates"
"cercopithecus_hamlyni",471.7,10439,"Hemochorial","Trabecular","Primates"
"cercopithecus_mitis",540.01,13797,"Hemochorial","Trabecular","Primates"
"cercopithecus_mona",608.22,11202.46,"Hemochorial","Trabecular","Primates"
"cercopithecus_neglectus",474.18,11242,"Hemochorial","Trabecular","Primates"
"cervus_elaphus",459.33,11497.5,"Epitheliochorial","Villous","Artiodactyla"
"cervus_nippon",362.31,9599.5,"Epitheliochorial","Villous","Artiodactyla"
"chaerephon_plicatus",272.18,2467,"Hemochorial","Labyrinthine","Chiroptera"
"chaetodipus_fallax",203.39,3041.67,"Hemochorial","Labyrinthine","Rodentia"
"chaetophractus_vellerosus",250.17,5919.08,"Hemochorial","Trabecular","Cingulata"
"chaetophractus_villosus",314.53,9198,"Hemochorial","Trabecular","Cingulata"
"cheirogaleus_medius",364.75,8471.04,"Epitheliochorial","Villous","Primates"
"chinchilla_lanigera",123.77,7300,"Hemochorial","Labyrinthine","Rodentia"
"chlorocebus_aethiops",434.05,16790,"Hemochorial","Trabecular","Primates"
"chlorocebus_pygerythrus",434.05,16790,"Hemochorial","Trabecular","Primates"
"chlorocebus_sabaeus",434.05,16790,"Hemochorial","Trabecular","Primates"
"choloepus_didactylus",705.22,13432,"Endotheliochorial","Trabecular","Pilosa"
"choloepus_hoffmanni",455.81,13505,"Endotheliochorial","Trabecular","Pilosa"
"chrotopterus_auritus",355.2,5894.62,"Endotheliochorial","Labyrinthine","Chiroptera"
"chrysochloris_asiatica",245.54,879.04,"Hemochorial","Labyrinthine","Afrosoricida"
"chrysocyon_brachyurus",286.19,6132,"Endotheliochorial","Labyrinthine","Carnivora"
"coendou_mexicanus",220.21,6095.5,"Hemochorial","Labyrinthine","Rodentia"
"coendou_prehensilis",393.64,9709,"Hemochorial","Labyrinthine","Rodentia"
"colobus_angolensis",441.9,12884.5,"Hemochorial","Trabecular","Primates"
"colobus_guereza",441.9,12775,"Hemochorial","Trabecular","Primates"
"connochaetes_gnou",365,7957,"Epitheliochorial","Villous","Artiodactyla"
"connochaetes_taurinus",364.75,9015.5,"Epitheliochorial","Villous","Artiodactyla"
"crateromys_heaneyi",86.89,3218.08,"Hemochorial","Labyrinthine","Rodentia"
"cricetomys_gambianus",68.77,3066,"Hemochorial","Labyrinthine","Rodentia"
"cricetulus_barabensis",39.76,1934.5,"Hemochorial","Labyrinthine","Rodentia"
"cricetulus_longicaudatus",49.93,60.83,"Hemochorial","Labyrinthine","Rodentia"
"crocuta_crocuta",444.72,15001.5,"Hemochorial","Labyrinthine","Carnivora"
"crossarchus_obscurus",121.58,4854.5,"Endotheliochorial","Labyrinthine","Carnivora"
"cryptoprocta_ferox",399.3,8431.5,"Endotheliochorial","Labyrinthine","Carnivora"
"ctenodactylus_gundi",69.65,2117,"Hemochorial","Labyrinthine","Rodentia"
"cuniculus_paca",190.87,6132,"Hemochorial","Labyrinthine","Rodentia"
"cyclopes_didactylus",360.86,839.5,"Hemochorial","Trabecular","Pilosa"
"cynocephalus_volans",353.59,6387.5,"Hemochorial","Labyrinthine","Dermoptera"
"cynomys_ludovicianus",820.69,6570,"Hemochorial","Labyrinthine","Rodentia"
"cynopterus_sphinx",224.84,3686.5,"Hemochorial","Labyrinthine","Chiroptera"
"cystophora_cristata",364.75,12775,"Endotheliochorial","Labyrinthine","Carnivora"
"dama_dama",364.75,9125,"Epitheliochorial","Villous","Artiodactyla"
"damaliscus_lunatus",447.98,8614,"Epitheliochorial","Villous","Artiodactyla"
"dasyprocta_leporina",136.2,5803.5,"Hemochorial","Labyrinthine","Rodentia"
"dasyprocta_punctata",126.91,5037,"Hemochorial","Labyrinthine","Rodentia"
"dasypus_hybridus",265.59,4950.86,"Hemochorial","Trabecular","Cingulata"
"dasypus_novemcinctus",343.33,8151.67,"Hemochorial","Trabecular","Cingulata"
"daubentonia_madagascariensis",835.63,8869.5,"Epitheliochorial","Villous","Primates"
"delphinapterus_leucas",1003.19,14600,"Epitheliochorial","Villous","Artiodactyla"
"delphinus_delphis",871.94,10594.12,"Epitheliochorial","Villous","Artiodactyla"
"dendrogale_murina",44.97,4380,"Endotheliochorial","Labyrinthine","Scandentia"
"desmodus_rotundus",288.78,10658,"Endotheliochorial","Labyrinthine","Chiroptera"
"dicerorhinus_sumatrensis",1276.63,12775,"Epitheliochorial","Villous","Perissodactyla"
"diceros_bicornis",1053.46,17973.21,"Epitheliochorial","Villous","Perissodactyla"
"dicrostonyx_groenlandicus",25.23,1204.5,"Hemochorial","Labyrinthine","Rodentia"
"dinomys_branickii",201.8,4745,"Hemochorial","Labyrinthine","Rodentia"
"dipodomys_deserti",96.04,3285,"Hemochorial","Labyrinthine","Rodentia"
"dipodomys_merriami",53.96,3540.5,"Endotheliochorial","Labyrinthine","Rodentia"
"dipodomys_ordii",142.88,3613.5,"Endotheliochorial","Labyrinthine","Rodentia"
"dipodomys_panamintinus",182.49,1974.04,"Endotheliochorial","Labyrinthine","Rodentia"
"dolichotis_patagonum",99.74,5256,"Hemochorial","Labyrinthine","Rodentia"
"echinops_telfairi",316.61,6935,"Hemochorial","Labyrinthine","Afrosoricida"
"eira_barbara",228.94,8139.5,"Endotheliochorial","Labyrinthine","Carnivora"
"elaphodus_cephalophus",357.73,8285.5,"Epitheliochorial","Villous","Artiodactyla"
"elaphurus_davidianus",359.5,10037.5,"Epitheliochorial","Villous","Artiodactyla"
"elephantulus_brachyrhynchus",74.95,1517.79,"Hemochorial","Labyrinthine","Macroscelidea"
"elephantulus_myurus",48.97,1517.79,"Hemochorial","Labyrinthine","Macroscelidea"
"elephantulus_rufescens",88.24,2883.5,"Hemochorial","Labyrinthine","Macroscelidea"
"elephas_maximus",1162.83,29200,"Endotheliochorial","Labyrinthine","Proboscidea"
"enhydra_lutris",364.75,10950,"Endotheliochorial","Labyrinthine","Carnivora"
"epomophorus_wahlbergi",277.08,3686.5,"Hemochorial","Labyrinthine","Chiroptera"
"equus_grevyi",574.61,11384.96,"Epitheliochorial","Villous","Perissodactyla"
"equus_hemionus",502.41,14162,"Epitheliochorial","Villous","Perissodactyla"
"equus_kiang",547.13,14162,"Epitheliochorial","Trabecular","Perissodactyla"
"equus_zebra",661.52,12118,"Epitheliochorial","Villous","Perissodactyla"
"erethizon_dorsatum",386.6,8541,"Hemochorial","Labyrinthine","Rodentia"
"erinaceus_europaeus",215.14,5110,"Hemochorial","Labyrinthine","Eulipotyphla"
"erythrocebus_patas",360.75,10329.5,"Hemochorial","Trabecular","Primates"
"eudorcas_thomsonii",193.77,7300,"Epitheliochorial","Villous","Artiodactyla"
"eulemur_albifrons",450.69,14235,"Epitheliochorial","Villous","Primates"
"eulemur_collaris",541.88,13505,"Epitheliochorial","Villous","Primates"
"eulemur_coronatus",363.7,10950,"Epitheliochorial","Villous","Primates"
"eulemur_mongoz",364.75,13213,"Epitheliochorial","Villous","Primates"
"eulemur_rubriventer",359.23,7497.71,"Epitheliochorial","Villous","Primates"
"eulemur_rufus",541.88,13505,"Epitheliochorial","Villous","Primates"
"eulemur_sanfordi",541.88,13505,"Epitheliochorial","Villous","Primates"
"eumetopias_jubatus",364.75,11972,"Endotheliochorial","Labyrinthine","Carnivora"
"euphractus_sexcinctus",238.79,8066.5,"Hemochorial","Trabecular","Cingulata"
"felis_chaus",120.92,7300,"Endotheliochorial","Labyrinthine","Carnivora"
"felis_margarita",197.57,5073.5,"Endotheliochorial","Labyrinthine","Carnivora"
"felis_nigripes",227.96,5694,"Endotheliochorial","Labyrinthine","Carnivora"
"felis_silvestris",131.04,10220,"Endotheliochorial","Labyrinthine","Carnivora"
"fukomys_damarensis",239.15,5657.5,"Hemochorial","Villous","Rodentia"
"funambulus_pennantii",151.98,1852.38,"Hemochorial","Labyrinthine","Rodentia"
"furipterus_horrens",318.61,5768.69,"Hemochorial","Labyrinthine","Chiroptera"
"galago_moholi",200.61,6874.17,"Epitheliochorial","Villous","Primates"
"galago_senegalensis",221.85,6874.17,"Epitheliochorial","Villous","Primates"
"galea_musteloides",53.01,1277.5,"Hemochorial","Labyrinthine","Rodentia"
"gazella_cuvieri",273.81,6533.5,"Epitheliochorial","Villous","Artiodactyla"
"gazella_dorcas",351.26,8650.5,"Epitheliochorial","Villous","Artiodactyla"
"gazella_leptoceros",220.78,5329,"Epitheliochorial","Villous","Artiodactyla"
"gazella_marica",349.57,7300,"Epitheliochorial","Villous","Artiodactyla"
"gazella_spekei",206.36,5405.04,"Epitheliochorial","Villous","Artiodactyla"
"gazella_subgutturosa",353.49,7300,"Epitheliochorial","Villous","Artiodactyla"
"genetta_tigrina",303.95,7774.5,"Endotheliochorial","Labyrinthine","Carnivora"
"geomys_bursarius",206.13,4380,"Hemochorial","Labyrinthine","Rodentia"
"giraffa_camelopardalis",613.75,14417.5,"Epitheliochorial","Villous","Artiodactyla"
"glaucomys_sabrinus",271.39,5183,"Hemochorial","Labyrinthine","Rodentia"
"glaucomys_volans",125.29,6935,"Hemochorial","Labyrinthine","Rodentia"
"glossophaga_soricina",243.99,4015,"Endotheliochorial","Labyrinthine","Chiroptera"
"gorilla_gorilla",1412.93,20221,"Hemochorial","Villous","Primates"
"gulo_gulo",729.63,7117.5,"Endotheliochorial","Labyrinthine","Carnivora"
"halichoerus_grypus",364.75,17035.46,"Endotheliochorial","Labyrinthine","Carnivora"
"hapalemur_griseus",332.56,8504.5,"Epitheliochorial","Villous","Primates"
"helarctos_malayanus",588.72,13103.5,"Endotheliochorial","Labyrinthine","Carnivora"
"helogale_hirtula",191.18,3522.25,"Endotheliochorial","Labyrinthine","Carnivora"
"hemicentetes_semispinosus",184.01,1000.71,"Hemochorial","Labyrinthine","Afrosoricida"
"hemigalus_derbyanus",241.93,6570,"Endotheliochorial","Labyrinthine","Carnivora"
"hemitragus_jemlahicus",364.75,7957,"Epitheliochorial","Villous","Artiodactyla"
"heterocephalus_glaber",81.04,10329.5,"Hemochorial","Labyrinthine","Rodentia"
"heterohyrax_brucei",364.75,5110,"Hemochorial","Labyrinthine","Hyracoidea"
"hippopotamus_amphibius",629.34,22338,"Epitheliochorial","Villous","Artiodactyla"
"hippotragus_equinus",323.78,9453.5,"Epitheliochorial","Villous","Artiodactyla"
"hippotragus_niger",364.75,8121.25,"Epitheliochorial","Villous","Artiodactyla"
"hyaena_hyaena",236.96,9125,"Endotheliochorial","Labyrinthine","Carnivora"
"hydrictis_maculicollis",364.75,8358.5,"Endotheliochorial","Labyrinthine","Carnivora"
"hydrochoerus_hydrochaeris",244.83,5511.5,"Hemochorial","Labyrinthine","Rodentia"
"hydropotes_inermis",241.89,5079.58,"Epitheliochorial","Villous","Artiodactyla"
"hydrurga_leptonyx",364.75,9490,"Endotheliochorial","Labyrinthine","Carnivora"
"hylobates_agilis",1094.25,20805,"Hemochorial","Villous","Primates"
"hylobates_lar",1038.62,20805,"Hemochorial","Villous","Primates"
"hylobates_pileatus",1038.62,20805,"Hemochorial","Villous","Primates"
"hystrix_africaeaustralis",376.74,8431.5,"Hemochorial","Labyrinthine","Rodentia"
"hystrix_cristata",262.06,10411.63,"Hemochorial","Labyrinthine","Rodentia"
"ictidomys_tridecemlineatus",318.76,2883.5,"Hemochorial","Labyrinthine","Rodentia"
"indri_indri",911.88,9231.94,"Epitheliochorial","Villous","Primates"
"inia_geoffrensis",644.2,11424.5,"Epitheliochorial","Villous","Artiodactyla"
"jaculus_jaculus",91.06,2664.5,"Hemochorial","Labyrinthine","Rodentia"
"kerodon_rupestris",86.09,4708.5,"Hemochorial","Labyrinthine","Rodentia"
"kobus_ellipsiprymnus",364.75,11080.79,"Epitheliochorial","Villous","Artiodactyla"
"kobus_leche",369.27,9271,"Epitheliochorial","Villous","Artiodactyla"
"kobus_megaceros",352.76,7701.5,"Epitheliochorial","Villous","Artiodactyla"
"lagostomus_maximus",144.25,3942,"Hemochorial","Labyrinthine","Rodentia"
"lama_guanicoe",547.38,22435.33,"Epitheliochorial","Villous","Artiodactyla"
"lemmus_lemmus",23.48,1213.63,"Hemochorial","Labyrinthine","Rodentia"
"lemur_catta",416.42,13614.5,"Epitheliochorial","Villous","Artiodactyla"
"leontopithecus_chrysomelas",185.62,11534,"Hemochorial","Trabecular","Primates"
"leontopithecus_rosalia",185.62,11534,"Hemochorial","Trabecular","Primates"
"leopardus_geoffroyi",239.84,8471.04,"Endotheliochorial","Labyrinthine","Carnivora"
"leopardus_pardalis",406.17,10293,"Endotheliochorial","Labyrinthine","Carnivora"
"leopardus_wiedii",239.38,8775.21,"Endotheliochorial","Labyrinthine","Carnivora"
"leptailurus_serval",179.13,8395,"Endotheliochorial","Labyrinthine","Carnivora"
"leptonychotes_weddellii",364.75,9125,"Endotheliochorial","Labyrinthine","Carnivora"
"leptonycteris_nivalis",330.98,3650,"Endotheliochorial","Labyrinthine","Chiroptera"
"leptonycteris_yerbabuenae",333.1,3686.5,"Endotheliochorial","Labyrinthine","Chiroptera"
"lepus_americanus",36.98,2920,"Hemochorial","Labyrinthine","Lagomorpha"
"limnogale_mergulus",331.19,2210.79,"Hemochorial","Labyrinthine","Afrosoricida"
"lissodelphis_borealis",730,15330,"Epitheliochorial","Villous","Artiodactyla"
"litocranius_walleri",240.61,6314.5,"Epitheliochorial","Villous","Artiodactyla"
"lobodon_carcinophaga",638.31,14235,"Endotheliochorial","Labyrinthine","Carnivora"
"lontra_canadensis",364.75,9855,"Endotheliochorial","Labyrinthine","Carnivora"
"lophocebus_aterrimus",676.61,13389.42,"Hemochorial","Villous","Primates"
"loris_tardigradus",235.09,7044.5,"Epitheliochorial","Villous","Primates"
"loxodonta_africana",1735.31,29200,"Endotheliochorial","Labyrinthine","Proboscidea"
"lycaon_pictus",358.69,6205,"Endotheliochorial","Labyrinthine","Carnivora"
"lynx_canadensis",364.75,9782,"Endotheliochorial","Labyrinthine","Carnivora"
"lynx_lynx",364.75,9782,"Endotheliochorial","Labyrinthine","Carnivora"
"lynx_rufus",364.75,11801.67,"Endotheliochorial","Labyrinthine","Carnivora"
"macaca_fascicularis",414.44,14235,"Hemochorial","Trabecular","Primates"
"macaca_fuscata",499.99,14052.5,"Hemochorial","Trabecular","Primates"
"macaca_mulatta",414.47,14600,"Hemochorial","Trabecular","Primates"
"macaca_nigra",539.73,12410,"Hemochorial","Trabecular","Primates"
"macaca_radiata",364.75,10959.13,"Hemochorial","Trabecular","Primates"
"macaca_silenus",506.35,14663.88,"Hemochorial","Trabecular","Primates"
"macroscelides_proboscideus",78.18,3175.5,"Hemochorial","Labyrinthine","Macroscelidea"
"madoqua_guentheri",211.87,6387.5,"Epitheliochorial","Villous","Artiodactyla"
"madoqua_kirkii",213.1,6314.5,"Epitheliochorial","Villous","Artiodactyla"
"mandrillus_sphinx",526.46,16910.45,"Hemochorial","Trabecular","Primates"
"marmota_flaviventris",456.81,7738,"Hemochorial","Labyrinthine","Rodentia"
"marmota_monax",591.94,5110,"Hemochorial","Labyrinthine","Rodentia"
"martes_americana",364.75,6935,"Endotheliochorial","Labyrinthine","Carnivora"
"martes_zibellina",229.12,8030,"Endotheliochorial","Labyrinthine","Carnivora"
"mastomys_natalensis",31.85,1061.54,"Hemochorial","Labyrinthine","Rodentia"
"mazama_americana",327.31,6241.5,"Epitheliochorial","Villous","Artiodactyla"
"megaptera_novaeangliae",693.03,34675,"Epitheliochorial","Villous","Artiodactyla"
"melursus_ursinus",1094.25,14600,"Hemochorial","Labyrinthine","Carnivora"
"meriones_shawi",31.23,1700.29,"Hemochorial","Labyrinthine","Rodentia"
"meriones_unguiculatus",45.97,2299.5,"Hemochorial","Labyrinthine","Rodentia"
"mesocricetus_auratus",49.67,3650,"Hemochorial","Labyrinthine","Rodentia"
"microcebus_murinus",218.85,6643,"Epitheliochorial","Villous","Primates"
"microdipodops_megacephalus",111.27,1977.08,"Endotheliochorial","Labyrinthine","Rodentia"
"microtus_xanthognathus",34.87,1000.25,"Hemochorial","Labyrinthine","Rodentia"
"miopithecus_talapoin",730,11278.5,"Hemochorial","Trabecular","Primates"
"mirounga_angustirostris",364.75,7406.46,"Endotheliochorial","Labyrinthine","Carnivora"
"mirza_coquereli",364.75,6351,"Epitheliochorial","Villous","Primates"
"mormoops_megalophylla",352.59,2728.03,"Hemochorial","Labyrinthine","Chiroptera"
"mungos_mungo",364.75,6351,"Endotheliochorial","Labyrinthine","Carnivora"
"muntiacus_muntjak",240.84,6862,"Epitheliochorial","Villous","Artiodactyla"
"muntiacus_reevesi",214.98,8468,"Epitheliochorial","Villous","Artiodactyla"
"mus_musculus",29.98,2190,"Hemochorial","Labyrinthine","Rodentia"
"mustela_putorius",196.12,5110,"Endotheliochorial","Labyrinthine","Carnivora"
"myocastor_coypus",130.66,4380,"Endotheliochorial","Labyrinthine","Carnivora"
"myodes_glareolus",21.36,1794.58,"Hemochorial","Labyrinthine","Rodentia"
"myodes_rutilus",20.49,1085.32,"Hemochorial","Labyrinthine","Rodentia"
"myoprocta_pratti",126.6,5402,"Hemochorial","Villous","Rodentia"
"myotis_lucifugus",364.75,12410,"Hemochorial","Labyrinthine","Chiroptera"
"myrmecophaga_tridactyla",476.09,11506.63,"Hemochorial","Trabecular","Pilosa"
"myzopoda_aurita",360.48,5044.91,"Endotheliochorial","Labyrinthine","Chiroptera"
"naemorhedus_goral",364.75,6916.75,"Epitheliochorial","Villous","Artiodactyla"
"nandinia_binotata",182.13,7741.04,"Endotheliochorial","Labyrinthine","Carnivora"
"nanger_dama",182.38,7044.5,"Epitheliochorial","Villous","Artiodactyla"
"nanger_granti",230.05,7190.5,"Epitheliochorial","Villous","Artiodactyla"
"nasalis_larvatus",543.38,9161.5,"Hemochorial","Trabecular","Primates"
"nasua_narica",364.75,9636,"Endotheliochorial","Labyrinthine","Carnivora"
"nasua_nasua",364.75,8650.5,"Endotheliochorial","Labyrinthine","Carnivora"
"natalus_tumidirostris",359.45,4590.07,"Endotheliochorial","Labyrinthine","Chiroptera"
"neofelis_nebulosa",254.61,7227,"Endotheliochorial","Labyrinthine","Carnivora"
"neotoma_albigula",48.97,3467.5,"Hemochorial","Labyrinthine","Rodentia"
"neotoma_floridana",65.96,3467.5,"Hemochorial","Labyrinthine","Rodentia"
"neotoma_fuscipes",129.87,304.17,"Hemochorial","Labyrinthine","Rodentia"
"neotoma_lepida",59.96,3832.5,"Hemochorial","Labyrinthine","Rodentia"
"neotragus_pygmaeus",264.82,5803.5,"Epitheliochorial","Villous","Artiodactyla"
"neovison_vison",364.75,4161,"Endotheliochorial","Labyrinthine","Carnivora"
"nomascus_gabriellae",889.37,16826.5,"Hemochorial","Villous","Primates"
"nycticebus_coucang",428.21,9672.5,"Epitheliochorial","Villous","Primates"
"nycticebus_pygmaeus",447.69,9672.5,"Epitheliochorial","Villous","Primates"
"ochotona_princeps",30.18,2670.58,"Hemochorial","Labyrinthine","Lagomorpha"
"octodon_degus",112.24,5110,"Hemochorial","Labyrinthine","Rodentia"
"odobenus_rosmarus",820.69,14600,"Endotheliochorial","Labyrinthine","Carnivora"
"odocoileus_hemionus",364.75,8030,"Epitheliochorial","Villous","Artiodactyla"
"odocoileus_virginianus",303.87,8395,"Epitheliochorial","Villous","Artiodactyla"
"okapia_johnstoni",592.64,12227.5,"Epitheliochorial","Villous","Artiodactyla"
"ondatra_zibethicus",29.98,3650,"Hemochorial","Labyrinthine","Rodentia"
"orcinus_orca",1459.5,36500,"Epitheliochorial","Villous","Artiodactyla"
"oreamnos_americanus",364.75,7592,"Epitheliochorial","Villous","Artiodactyla"
"oreotragus_oreotragus",364.75,9453.5,"Epitheliochorial","Villous","Artiodactyla"
"orycteropus_afer",364.75,10877,"Endotheliochorial","Labyrinthine","Tubulidentata"
"oryctolagus_cuniculus",28.98,6570,"Hemochorial","Labyrinthine","Lagomorpha"
"oryx_dammah",221.63,10037.5,"Epitheliochorial","Villous","Artiodactyla"
"oryx_gazella",221.63,8723.5,"Epitheliochorial","Villous","Artiodactyla"
"oryx_leucoryx",221.63,8723.5,"Epitheliochorial","Villous","Artiodactyla"
"otocolobus_manul",199.02,5803.5,"Endotheliochorial","Labyrinthine","Carnivora"
"otocyon_megalotis",182.13,6527.42,"Endotheliochorial","Labyrinthine","Carnivora"
"otolemur_garnettii",221.85,6874.17,"Epitheliochorial","Villous","Primates"
"otospermophilus_beecheyi",396.15,1974.04,"Hemochorial","Labyrinthine","Rodentia"
"ovibos_moschatus",577.36,10001,"Epitheliochorial","Villous","Artiodactyla"
"ovis_canadensis",364.75,8760,"Epitheliochorial","Villous","Artiodactyla"
"ovis_dalli",364.75,8760,"Epitheliochorial","Villous","Artiodactyla"
"ovis_vignei",364.75,8322,"Epitheliochorial","Villous","Artiodactyla"
"pan_paniscus",1769.04,20075,"Hemochorial","Villous","Primates"
"pan_troglodytes",1331.59,27010,"Hemochorial","Villous","Primates"
"panthera_leo",689.03,10950,"Endotheliochorial","Labyrinthine","Carnivora"
"panthera_onca",364.75,10353.83,"Endotheliochorial","Labyrinthine","Carnivora"
"panthera_tigris",785.09,9599.5,"Endotheliochorial","Labyrinthine","Carnivora"
"panthera_uncia",364.75,7738,"Endotheliochorial","Labyrinthine","Carnivora"
"papio_anubis",638.31,16425,"Hemochorial","Trabecular","Primates"
"papio_hamadryas",587.76,16425,"Hemochorial","Villous","Primates"
"papio_papio",587.76,16425,"Hemochorial","Trabecular","Primates"
"paradoxurus_hermaphroditus",182.38,9125,"Endotheliochorial","Labyrinthine","Carnivora"
"paraxerus_cepapi",60.46,3491.83,"Hemochorial","Labyrinthine","Rodentia"
"pecari_tajacu",154.89,11497.5,"Epitheliochorial","Villous","Artiodactyla"
"pedetes_capensis",100.93,7315.21,"Hemochorial","Labyrinthine","Rodentia"
"perodicticus_potto",275.84,9782,"Epitheliochorial","Villous","Primates"
"perognathus_parvus",279.83,2117,"Hemochorial","Labyrinthine","Rodentia"
"peromyscus_eremicus",38.72,2701,"Hemochorial","Labyrinthine","Rodentia"
"peromyscus_leucopus",26.28,2920,"Hemochorial","Labyrinthine","Rodentia"
"peromyscus_maniculatus",26.78,3041.67,"Hemochorial","Labyrinthine","Rodentia"
"peromyscus_polionotus",24.61,2007.5,"Hemochorial","Labyrinthine","Rodentia"
"petrodromus_tetradactylus",184.8,2609.75,"Hemochorial","Labyrinthine","Macroscelidea"
"petromus_typicus",231.65,2579.33,"Hemochorial","Labyrinthine","Rodentia"
"phacochoerus_aethiopicus",364.75,6862,"Epitheliochorial","Villous","Artiodactyla"
"phacochoerus_africanus",425.71,7628.5,"Epitheliochorial","Villous","Artiodactyla"
"philantomba_monticola",264.82,5803.5,"Epitheliochorial","Villous","Artiodactyla"
"phoca_largha",364.75,17374,"Endotheliochorial","Labyrinthine","Carnivora"
"phoca_vitulina",364.75,17374,"Endotheliochorial","Labyrinthine","Carnivora"
"phocoena_phocoena",364.75,7446,"Epitheliochorial","Villous","Artiodactyla"
"phodopus_campbelli",31.98,1426.54,"Hemochorial","Labyrinthine","Rodentia"
"phodopus_sungorus",31.98,1426.54,"Hemochorial","Labyrinthine","Rodentia"
"phyllostomus_discolor",227.52,3285,"Endotheliochorial","Labyrinthine","Chiroptera"
"pithecia_pithecia",383.25,13206.92,"Hemochorial","Villous","Primates"
"platanista_gangetica",730,10220,"Epitheliochorial","Villous","Artiodactyla"
"poecilogale_albinucha",243.16,2278.21,"Endotheliochorial","Labyrinthine","Carnivora"
"pongo_abelii",1709.58,21900,"Hemochorial","Villous","Primates"
"pongo_pygmaeus",1709.58,21900,"Hemochorial","Villous","Primates"
"potamochoerus_porcus",364.75,8227.71,"Epitheliochorial","Villous","Artiodactyla"
"potamogale_velox",246.6,3004.09,"Hemochorial","Labyrinthine","Afrosoricida"
"potos_flavus",364.75,14016,"Endotheliochorial","Labyrinthine","Carnivora"
"prionailurus_bengalensis",164.17,6314.5,"Endotheliochorial","Labyrinthine","Carnivora"
"prionailurus_viverrinus",213.16,6278,"Endotheliochorial","Labyrinthine","Carnivora"
"procavia_capensis",364.75,5405.04,"Hemochorial","Villous","Hyracoidea"
"procyon_lotor",364.75,7665,"Endotheliochorial","Labyrinthine","Carnivora"
"propithecus_coquereli",364.75,11132.5,"Epitheliochorial","Villous","Primates"
"propithecus_diadema",744.69,4036.29,"Hemochorial","Villous","Primates"
"propithecus_tattersalli",510.19,7467.29,"Hemochorial","Villous","Primates"
"propithecus_verreauxi",450.69,11132.5,"Epitheliochorial","Villous","Primates"
"pseudois_nayaur",282.33,8760,"Epitheliochorial","Villous","Artiodactyla"
"pteronotus_davyi",352.19,2682.75,"Hemochorial","Labyrinthine","Chiroptera"
"pteronotus_parnellii",360.04,5135.41,"Hemochorial","Labyrinthine","Chiroptera"
"pteronura_brasiliensis",364.75,6314.5,"Endotheliochorial","Labyrinthine","Carnivora"
"pteropus_giganteus",364.75,14907.21,"Hemochorial","Labyrinthine","Chiroptera"
"pteropus_hypomelanus",354.15,7409.5,"Hemochorial","Labyrinthine","Chiroptera"
"pteropus_poliocephalus",360.97,8614,"Hemochorial","Labyrinthine","Chiroptera"
"pteropus_rodricensis",372.33,10950,"Hemochorial","Labyrinthine","Chiroptera"
"pudu_puda",233.16,7665,"Epitheliochorial","Villous","Artiodactyla"
"puma_concolor",681.49,8687,"Endotheliochorial","Labyrinthine","Carnivora"
"pusa_hispida",364.75,16790,"Endotheliochorial","Labyrinthine","Carnivora"
"pygathrix_nemaeus",397.58,9775.92,"Hemochorial","Trabecular","Primates"
"rangifer_tarandus",364.75,7920.5,"Epitheliochorial","Villous","Artiodactyla"
"raphicerus_campestris",216.85,5110,"Epitheliochorial","Villous","Artiodactyla"
"rattus_norvegicus",54.74,1825,"Hemochorial","Labyrinthine","Rodentia"
"ratufa_affinis",241.18,3522.25,"Hemochorial","Labyrinthine","Rodentia"
"rhinoceros_unicornis",879.12,17885,"Epitheliochorial","Villous","Perissodactyla"
"rhinolophus_rouxii",349.2,1825,"Endotheliochorial","Labyrinthine","Chiroptera"
"rhinopoma_hardwickii",364.75,4935.28,"Endotheliochorial","Labyrinthine","Chiroptera"
"rhynchocyon_petersi",157.4,1639.46,"Hemochorial","Labyrinthine","Macroscelidea"
"rousettus_aegyptiacus",260.28,8358.5,"Hemochorial","Labyrinthine","Chiroptera"
"rousettus_leschenaultii",234.78,5110,"Hemochorial","Labyrinthine","Chiroptera"
"rucervus_duvaucelii",365,8942.5,"Epitheliochorial","Villous","Artiodactyla"
"rucervus_eldii",377.09,7482.5,"Epitheliochorial","Villous","Artiodactyla"
"saccopteryx_bilineata",349.68,2190,"Endotheliochorial","Labyrinthine","Chiroptera"
"saguinus_bicolor",216.74,6935,"Hemochorial","Trabecular","Primates"
"saguinus_geoffroyi",240.74,9563,"Hemochorial","Trabecular","Primates"
"saguinus_imperator",208.04,8650.5,"Hemochorial","Trabecular","Primates"
"saguinus_midas",206.69,7665,"Hemochorial","Trabecular","Primates"
"saguinus_oedipus",238.37,9563,"Hemochorial","Trabecular","Primates"
"saiga_tatarica",364.75,4380,"Epitheliochorial","Villous","Artiodactyla"
"saimiri_boliviensis",373.87,11059.5,"Hemochorial","Trabecular","Primates"
"scalopus_aquaticus",264.98,2263,"Hemochorial","Labyrinthine","Eulipotyphla"
"sciurus_carolinensis",180.1,8760,"Hemochorial","Labyrinthine","Rodentia"
"sciurus_niger",191.54,5840,"Hemochorial","Labyrinthine","Rodentia"
"sciurus_vulgaris",91.06,5402,"Hemochorial","Labyrinthine","Rodentia"
"sekeetamys_calurus",46.55,2664.5,"Hemochorial","Labyrinthine","Rodentia"
"semnopithecus_entellus",510.63,10685.38,"Hemochorial","Trabecular","Primates"
"setifer_setosus",289.24,5146.5,"Hemochorial","Labyrinthine","Afrosoricida"
"solenodon_paradoxus",235.67,4416.5,"Hemochorial","Labyrinthine","Eulipotyphla"
"sorex_araneus",42.25,1168,"Hemochorial","Labyrinthine","Eulipotyphla"
"sorex_fumeus",55.34,517.08,"Hemochorial","Labyrinthine","Eulipotyphla"
"sorex_minutus",97.19,730,"Hemochorial","Labyrinthine","Eulipotyphla"
"sotalia_fluviatilis",730,12775,"Epitheliochorial","Villous","Artiodactyla"
"speothos_venaticus",248.3,5146.5,"Endotheliochorial","Labyrinthine","Carnivora"
"spermophilus_citellus",300.75,2445.5,"Hemochorial","Labyrinthine","Rodentia"
"stenella_coeruleoalba",1264.38,20987.5,"Epitheliochorial","Villous","Artiodactyla"
"suncus_murinus",55.96,1183.21,"Hemochorial","Labyrinthine","Eulipotyphla"
"suricata_suricatta",364.75,7519,"Endotheliochorial","Labyrinthine","Carnivora"
"sus_cebifrons",328.56,6205,"Epitheliochorial","Villous","Artiodactyla"
"sus_scrofa",229.84,9855,"Epitheliochorial","Villous","Artiodactyla"
"sylvilagus_aquaticus",37.75,3250.1,"Hemochorial","Labyrinthine","Lagomorpha"
"sylvilagus_audubonii",37.71,2853.08,"Hemochorial","Labyrinthine","Lagomorpha"
"sylvilagus_floridanus",30.2,3577,"Epitheliochorial","Labyrinthine","Lagomorpha"
"sylvilagus_transitionalis",30.2,3577,"Hemochorial","Labyrinthine","Lagomorpha"
"symphalangus_syndactylus",804.82,15695,"Hemochorial","Villous","Primates"
"syncerus_caffer",636.44,10877,"Epitheliochorial","Villous","Artiodactyla"
"tadarida_brasiliensis",364.75,5475,"Endotheliochorial","Labyrinthine","Chiroptera"
"talpa_europaea",280.64,2555,"Endotheliochorial","Labyrinthine","Eulipotyphla"
"tamandua_tetradactyla",301.77,7135.75,"Hemochorial","Trabecular","Pilosa"
"tamias_striatus",151.37,3467.5,"Hemochorial","Labyrinthine","Rodentia"
"tamiasciurus_hudsonicus",139.73,4380,"Hemochorial","Labyrinthine","Rodentia"
"taphozous_melanopogon",329.33,7300,"Endotheliochorial","Labyrinthine","Chiroptera"
"tapirus_bairdii",526.93,10804,"Epitheliochorial","Villous","Perissodactyla"
"tapirus_indicus",693.03,13322.5,"Epitheliochorial","Villous","Perissodactyla"
"tapirus_pinchaque",550.57,10402.5,"Epitheliochorial","Villous","Perissodactyla"
"tapirus_terrestris",64.96,14454,"Epitheliochorial","Trabecular","Perissodactyla"
"tasmacetus_shepherdi",1070.31,20382.01,"Epitheliochorial","Villous","Artiodactyla"
"taxidea_taxus",364.75,9490,"Endotheliochorial","Labyrinthine","Carnivora"
"tenrec_ecaudatus",216.56,3175.5,"Hemochorial","Labyrinthine","Afrosoricida"
"theropithecus_gelada",752.73,13140,"Hemochorial","Trabecular","Primates"
"thomomys_bottae",244.04,2226.5,"Hemochorial","Labyrinthine","Rodentia"
"thyroptera_tricolor",287.13,5421.74,"Hemochorial","Labyrinthine","Chiroptera"
"tolypeutes_tricinctus",330.57,2427.25,"Endotheliochorial","Trabecular","Cingulata"
"trachypithecus_auratus",520.37,11351.5,"Hemochorial","Villous","Primates"
"trachypithecus_cristatus",618.96,12373.5,"Hemochorial","Villous","Primates"
"trachypithecus_delacouri",623.03,9599.5,"Hemochorial","Villous","Primates"
"trachypithecus_francoisi",541.77,9599.5,"Hemochorial","Villous","Primates"
"trachypithecus_germaini",611.78,12373.5,"Hemochorial","Villous","Primates"
"trachypithecus_obscurus",616.82,12373.5,"Hemochorial","Villous","Primates"
"trachypithecus_vetulus",783.29,9526.5,"Hemochorial","Villous","Primates"
"tragelaphus_angasii",295.8,6752.5,"Epitheliochorial","Villous","Artiodactyla"
"tragelaphus_eurycerus",549.27,7993.5,"Epitheliochorial","Villous","Artiodactyla"
"tragelaphus_imberbis",258.36,7227,"Epitheliochorial","Villous","Artiodactyla"
"tragelaphus_oryx",338.27,9526.5,"Epitheliochorial","Villous","Artiodactyla"
"tragelaphus_scriptus",235.56,5584.5,"Epitheliochorial","Villous","Artiodactyla"
"tragelaphus_spekii",352.67,8249,"Epitheliochorial","Villous","Artiodactyla"
"tragelaphus_strepsiceros",364.75,8577.5,"Epitheliochorial","Villous","Artiodactyla"
"tragulus_javanicus",188.18,5110,"Epitheliochorial","Villous","Artiodactyla"
"tragulus_napu",151.94,6095.5,"Epitheliochorial","Villous","Artiodactyla"
"tremarctos_ornatus",365,14329.29,"Endotheliochorial","Labyrinthine","Carnivora"
"trichechus_manatus",1094.63,20440,"Endotheliochorial","Labyrinthine","Sirenia"
"tupaia_belangeri",45.12,4532.08,"Endotheliochorial","Labyrinthine","Scandentia"
"tupaia_glis",45.12,4532.08,"Endotheliochorial","Labyrinthine","Scandentia"
"tupaia_gracilis",138.53,1274.46,"Endotheliochorial","Labyrinthine","Scandentia"
"tupaia_javanica",143.86,2438.96,"Endotheliochorial","Labyrinthine","Scandentia"
"tupaia_longipes",45.12,4532.08,"Endotheliochorial","Labyrinthine","Scandentia"
"tupaia_minor",49.97,4453,"Endotheliochorial","Labyrinthine","Scandentia"
"tupaia_montana",122.47,577.92,"Endotheliochorial","Labyrinthine","Scandentia"
"tupaia_palawanensis",148.83,2570.93,"Endotheliochorial","Labyrinthine","Scandentia"
"tupaia_picta",151.06,2310.43,"Endotheliochorial","Labyrinthine","Scandentia"
"tupaia_tana",365,5110,"Hemochorial","Labyrinthine","Scandentia"
"tursiops_truncatus",1095,19345,"Epitheliochorial","Villous","Artiodactyla"
"urocitellus_columbianus",402.38,1548.21,"Hemochorial","Labyrinthine","Rodentia"
"urocitellus_richardsonii",362.36,2190,"Hemochorial","Labyrinthine","Rodentia"
"urocyon_cinereoargenteus",364.75,5913,"Endotheliochorial","Labyrinthine","Carnivora"
"ursus_americanus",775.09,12410,"Endotheliochorial","Labyrinthine","Carnivora"
"ursus_arctos",881.65,18250,"Endotheliochorial","Labyrinthine","Carnivora"
"ursus_maritimus",790.29,16425,"Endotheliochorial","Labyrinthine","Carnivora"
"ursus_thibetanus",364.75,14308,"Endotheliochorial","Labyrinthine","Carnivora"
"varecia_rubra",364.75,13206.92,"Epitheliochorial","Villous","Primates"
"vicugna_vicugna",547.38,22435.33,"Epitheliochorial","Villous","Artiodactyla"
"viverricula_indica",227.64,4675.04,"Endotheliochorial","Labyrinthine","Carnivora"
"vulpes_lagopus",364.75,5949.5,"Endotheliochorial","Labyrinthine","Carnivora"
"vulpes_macrotis",364.75,7300,"Endotheliochorial","Labyrinthine","Carnivora"
"vulpes_velox",364.75,7300,"Endotheliochorial","Labyrinthine","Carnivora"
"vulpes_vulpes",364.75,7774.5,"Endotheliochorial","Labyrinthine","Carnivora"
"vulpes_zerda",364.75,5949.5,"Endotheliochorial","Labyrinthine","Carnivora"
"xerus_inauris",283.39,4745,"Hemochorial","Labyrinthine","Rodentia"
"zalophus_californianus",729.5,13030.5,"Endotheliochorial","Labyrinthine","Carnivora"
