"species","litter_size","longevity","invasiveness","interdigitation","taxonomic_order"
"acerodon_jubatus",1,7320.34,"Hemochorial","Labyrinthine","Chiroptera"
"acinonyx_jubatus",3.04,7482.5,"Endotheliochorial","Labyrinthine","Carnivora"
"acomys_cahirinus",2.47,2731.42,"Hemochorial","Labyrinthine","Rodentia"
"addax_nasomaculatus",1,10293,"Epitheliochorial","Villous","Artiodactyla"
"aepyceros_melampus",1,9344,"Epitheliochorial","Villous","Artiodactyla"
"ailuropoda_melanoleuca",1.54,13432,"Endotheliochorial","Labyrinthine","Carnivora"
"ailurus_fulgens",2,6935,"Endotheliochorial","Labyrinthine","Carnivora"
"alcelaphus_buselaphus",1,5828.85,"Epitheliochorial","Villous","Artiodactyla"
"alces_alces",1.28,9855,"Epitheliochorial","Villous","Artiodactyla"
"allenopithecus_nigroviridis",1,10019.25,"Hemochorial","Labyrinthine","Primates"
"alouatta_caraya",1,11826,"Hemochorial","Villous","Primates"
"alouatta_palliata",1,9125,"Hemochorial","Villous","Primates"
"alouatta_seniculus",1.2,9125,"Hemochorial","Trabecular","Primates"
"ammospermophilus_harrisii",6.66,3869,"Hemochorial","Labyrinthine","Rodentia"
"ammospermophilus_leucurus",8,4088,"Hemochorial","Labyrinthine","Rodentia"
"ammotragus_lervia",1.22,7920.5,"Epitheliochorial","Villous","Artiodactyla"
"anathana_ellioti",4.84,2851.09,"Endotheliochorial","Labyrinthine","Scandentia"
"antidorcas_marsupialis",1,7300,"Epitheliochorial","Villous","Artiodactyla"
"antilocapra_americana",1.89,5657.5,"Epitheliochorial","Villous","Artiodactyla"
"antilope_cervicapra",1,8723.5,"Epitheliochorial","Villous","Artiodactyla"
"aonyx_capensis",2.56,5183,"Endotheliochorial","Labyrinthine","Carnivora"
"aotus_trivirgatus",1.06,10986.5,"Hemochorial","Villous","Primates"
"aplodontia_rufa",2.8,3650,"Hemochorial","Labyrinthine","Rodentia"
"arctictis_binturong",2.5,9928,"Endotheliochorial","Labyrinthine","Carnivora"
"arctocebus_aureus",1,4745,"Epitheliochorial","Villous","Primates"
"arctocephalus_pusillus",1,11716.5,"Endotheliochorial","Labyrinthine","Carnivora"
"arctocephalus_townsendi",1,11169,"Endotheliochorial","Labyrinthine","Carnivora"
"artibeus_jamaicensis",1,7014.08,"Endotheliochorial","Labyrinthine","Chiroptera"
"artibeus_lituratus",1,7014.08,"Endotheliochorial","Labyrinthine","Chiroptera"
"atelerix_albiventris",4.49,4161,"Hemochorial","Labyrinthine","Eulipotyphla"
"ateles_fusciceps",1,17520,"Hemochorial","Trabecular","Primates"
"ateles_geoffroyi",1,17520,"Hemochorial","Trabecular","Primates"
"ateles_paniscus",1,16790,"Hemochorial","Trabecular","Primates"
"atherurus_africanus",1.5,8364.58,"Hemochorial","Labyrinthine","Rodentia"
"axis_axis",1.03,7592,"Epitheliochorial","Villous","Artiodactyla"
"babyrousa_babyrussa",1.4,8760,"Epitheliochorial","Villous","Artiodactyla"
"babyrousa_celebensis",1.4,8760,"Epitheliochorial","Villous","Artiodactyla"
"bandicota_indica",6.12,1533,"Hemochorial","Labyrinthine","Rodentia"
"bassariscus_astutus",3,6935,"Endotheliochorial","Labyrinthine","Carnivora"
"bassariscus_sumichrasti",2,8760,"Endotheliochorial","Labyrinthine","Carnivora"
"bathyergus_janetta",3.3,547.5,"Hemochorial","Labyrinthine","Rodentia"
"blarina_brevicauda",5.73,1003.75,"Hemochorial","Labyrinthine","Eulipotyphla"
"blastocerus_dichotomus",1,5000.5,"Epitheliochorial","Villous","Artiodactyla"
"bos_gaurus",1.17,9563,"Epitheliochorial","Villous","Artiodactyla"
"bos_javanicus",1.22,9891.5,"Epitheliochorial","Villous","Artiodactyla"
"boselaphus_tragocamelus",1.5,7920.5,"Epitheliochorial","Villous","Artiodactyla"
"brachylagus_idahoensis",5.91,1578.63,"Hemochorial","Labyrinthine","Lagomorpha"
"bradypus_pygmaeus",1.11,9120.93,"Endotheliochorial","Trabecular","Pilosa"
"bradypus_torquatus",1,4380,"Endotheliochorial","Labyrinthine","Pilosa"
"bradypus_tridactylus",1,14600,"Endotheliochorial","Trabecular","Pilosa"
"bradypus_variegatus",1,9866.91,"Endotheliochorial","Trabecular","Pilosa"
"bubalus_depressicornis",1,13176.5,"Epitheliochorial","Villous","Artiodactyla"
"bubalus_mindorensis",1,10220,"Epitheliochorial","Villous","Artiodactyla"
"budorcas_taxicolor",1.17,7993.5,"Epitheliochorial","Villous","Artiodactyla"
"cacajao_calvus",1,13781.79,"Hemochorial","Villous","Primates"
"callimico_goeldii",1,8103,"Hemochorial","Trabecular","Primates"
"callithrix_geoffroyi",2.24,8318.96,"Hemochorial","Trabecular","Primates"
"callithrix_jacchus",2.24,8318.96,"Hemochorial","Trabecular","Primates"
"callithrix_kuhlii",2,8318.96,"Hemochorial","Trabecular","Primates"
"callithrix_penicillata",2,8318.96,"Hemochorial","Trabecular","Primates"
"callorhinus_ursinus",1,12775,"Endotheliochorial","Labyrinthine","Carnivora"
"callosciurus_prevostii",1.77,7701.5,"Hemochorial","Villous","Rodentia"
"callospermophilus_lateralis",5.12,3796,"Hemochorial","Labyrinthine","Rodentia"
"calomys_callosus",4.99,416.83,"Hemochorial","Labyrinthine","Rodentia"
"camelus_dromedarius",1,14600,"Epitheliochorial","Villous","Artiodactyla"
"canis_latrans",5.61,7969.17,"Endotheliochorial","Labyrinthine","Carnivora"
"canis_lupus",4.98,10767.5,"Endotheliochorial","Labyrinthine","Carnivora"
"canis_rufus",4.25,5847.27,"Endotheliochorial","Labyrinthine","Carnivora"
"capra_cylindricornis",1.2,7373,"Epitheliochorial","Villous","Artiodactyla"
"capra_falconeri",2,6971.5,"Epitheliochorial","Villous","Artiodactyla"
"capra_ibex",1.18,8139.5,"Epitheliochorial","Villous","Artiodactyla"
"capra_nubiana",1.11,8139.5,"Epitheliochorial","Villous","Artiodactyla"
"capreolus_capreolus",1.79,6387.5,"Epitheliochorial","Villous","Artiodactyla"
"capricornis_crispus",1,8760,"Epitheliochorial","Villous","Artiodactyla"
"capromys_pilorides",2,5040.04,"Hemochorial","Labyrinthine","Rodentia"
"caracal_caracal",3,7409.5,"Endotheliochorial","Labyrinthine","Carnivora"
"carollia_perspicillata",1,6205,"Endotheliochorial","Labyrinthine","Chiroptera"
"castor_canadensis",3.58,8541,"Hemochorial","Labyrinthine","Rodentia"
"catagonus_wagneri",2.45,5344.21,"Epitheliochorial","Villous","Artiodactyla"
"cavia_fulgida",1.34,2401.99,"Hemochorial","Labyrinthine","Rodentia"
"cavia_tschudii",2.02,3650,"Hemochorial","Labyrinthine","Rodentia"
"cebus_albifrons",1,16060,"Hemochorial","Trabecular","Primates"
"cebus_capucinus",1,20075,"Hemochorial","Trabecular","Primates"
"cephalophus_dorsalis",1,6387.5,"Epitheliochorial","Villous","Artiodactyla"
"cephalophus_jentinki",1,7771.46,"Epitheliochorial","Villous","Artiodactyla"
"cephalophus_niger",1,5402,"Epitheliochorial","Villous","Artiodactyla"
"cephalophus_rufilatus",1,5548,"Epitheliochorial","Villous","Artiodactyla"
"cephalophus_silvicultor",1,8212.5,"Epitheliochorial","Villous","Artiodactyla"
"cephalorhynchus_commersonii",1,9417,"Epitheliochorial","Villous","Artiodactyla"
"ceratotherium_simum",1,18250,"Epitheliochorial","Villous","Perissodactyla"
"cercocebus_agilis",1,16790,"Hemochorial","Trabecular","Primates"
"cercocebus_chrysogaster",1,16790,"Hemochorial","Trabecular","Primates"
"cercocebus_torquatus",1,16790,"Hemochorial","Trabecular","Primates"
"cercopithecus_cephus",1,13140,"Hemochorial","Trabecular","Primates"
"cercopithecus_diana",1,13614.5,"Hemochorial","Trabecular","Primates"
"cercopithecus_hamlyni",1,10439,"Hemochorial","Trabecular","Primates"
"cercopithecus_mitis",1,13797,"Hemochorial","Trabecular","Primates"
"cercopithecus_mona",1,11202.46,"Hemochorial","Trabecular","Primates"
"cercopithecus_neglectus",1,11242,"Hemochorial","Trabecular","Primates"
"cervus_elaphus",1.04,11497.5,"Epitheliochorial","Villous","Artiodactyla"
"cervus_nippon",1,9599.5,"Epitheliochorial","Villous","Artiodactyla"
"chaerephon_plicatus",0.99,2467,"Hemochorial","Labyrinthine","Chiroptera"
"chaetodipus_fallax",3.23,3041.67,"Hemochorial","Labyrinthine","Rodentia"
"chaetophractus_vellerosus",1.5,5919.08,"Hemochorial","Trabecular","Cingulata"
"chaetophractus_villosus",1.65,9198,"Hemochorial","Trabecular","Cingulata"
"cheirogaleus_medius",2.2,8471.04,"Epitheliochorial","Villous","Primates"
"chinchilla_lanigera",1.69,7300,"Hemochorial","Labyrinthine","Rodentia"
"chlorocebus_aethiops",1,16790,"Hemochorial","Trabecular","Primates"
"chlorocebus_pygerythrus",1,16790,"Hemochorial","Trabecular","Primates"
"chlorocebus_sabaeus",1,16790,"Hemochorial","Trabecular","Primates"
"choloepus_didactylus",1,13432,"Endotheliochorial","Trabecular","Pilosa"
"choloepus_hoffmanni",1,13505,"Endotheliochorial","Trabecular","Pilosa"
"chrotopterus_auritus",1,5894.62,"Endotheliochorial","Labyrinthine","Chiroptera"
"chrysochloris_asiatica",3.12,879.04,"Hemochorial","Labyrinthine","Afrosoricida"
"chrysocyon_brachyurus",3,6132,"Endotheliochorial","Labyrinthine","Carnivora"
"coendou_mexicanus",1,6095.5,"Hemochorial","Labyrinthine","Rodentia"
"coendou_prehensilis",1,9709,"Hemochorial","Labyrinthine","Rodentia"
"colobus_angolensis",1,12884.5,"Hemochorial","Trabecular","Primates"
"colobus_guereza",1,12775,"Hemochorial","Trabecular","Primates"
"connochaetes_gnou",1,7957,"Epitheliochorial","Villous","Artiodactyla"
"connochaetes_taurinus",1,9015.5,"Epitheliochorial","Villous","Artiodactyla"
"crateromys_heaneyi",2.04,3218.08,"Hemochorial","Labyrinthine","Rodentia"
"cricetomys_gambianus",3.33,3066,"Hemochorial","Labyrinthine","Rodentia"
"cricetulus_barabensis",5.33,1934.5,"Hemochorial","Labyrinthine","Rodentia"
"cricetulus_longicaudatus",5.71,60.83,"Hemochorial","Labyrinthine","Rodentia"
"crocuta_crocuta",2,15001.5,"Hemochorial","Labyrinthine","Carnivora"
"crossarchus_obscurus",4,4854.5,"Endotheliochorial","Labyrinthine","Carnivora"
"cryptoprocta_ferox",3,8431.5,"Endotheliochorial","Labyrinthine","Carnivora"
"ctenodactylus_gundi",1.9,2117,"Hemochorial","Labyrinthine","Rodentia"
"cuniculus_paca",1.01,6132,"Hemochorial","Labyrinthine","Rodentia"
"cyclopes_didactylus",1,839.5,"Hemochorial","Trabecular","Pilosa"
"cynocephalus_volans",1,6387.5,"Hemochorial","Labyrinthine","Dermoptera"
"cynomys_ludovicianus",4.43,6570,"Hemochorial","Labyrinthine","Rodentia"
"cynopterus_sphinx",1.1,3686.5,"Hemochorial","Labyrinthine","Chiroptera"
"cystophora_cristata",1,12775,"Endotheliochorial","Labyrinthine","Carnivora"
"dama_dama",1.07,9125,"Epitheliochorial","Villous","Artiodactyla"
"damaliscus_lunatus",1,8614,"Epitheliochorial","Villous","Artiodactyla"
"dasyprocta_leporina",1.88,5803.5,"Hemochorial","Labyrinthine","Rodentia"
"dasyprocta_punctata",1.64,5037,"Hemochorial","Labyrinthine","Rodentia"
"dasypus_hybridus",6.18,4950.86,"Hemochorial","Trabecular","Cingulata"
"dasypus_novemcinctus",4,8151.67,"Hemochorial","Trabecular","Cingulata"
"daubentonia_madagascariensis",1,8869.5,"Epitheliochorial","Villous","Primates"
"delphinapterus_leucas",1.02,14600,"Epitheliochorial","Villous","Artiodactyla"
"delphinus_delphis",0.99,10594.12,"Epitheliochorial","Villous","Artiodactyla"
"dendrogale_murina",2,4380,"Endotheliochorial","Labyrinthine","Scandentia"
"desmodus_rotundus",1,10658,"Endotheliochorial","Labyrinthine","Chiroptera"
"dicerorhinus_sumatrensis",1,12775,"Epitheliochorial","Villous","Perissodactyla"
"diceros_bicornis",1,17973.21,"Epitheliochorial","Villous","Perissodactyla"
"dicrostonyx_groenlandicus",3.4,1204.5,"Hemochorial","Labyrinthine","Rodentia"
"dinomys_branickii",1.97,4745,"Hemochorial","Labyrinthine","Rodentia"
"dipodomys_deserti",3.29,3285,"Hemochorial","Labyrinthine","Rodentia"
"dipodomys_merriami",2.3,3540.5,"Endotheliochorial","Labyrinthine","Rodentia"
"dipodomys_ordii",3.15,3613.5,"Endotheliochorial","Labyrinthine","Rodentia"
"dipodomys_panamintinus",3.5,1974.04,"Endotheliochorial","Labyrinthine","Rodentia"
"dolichotis_patagonum",1.88,5256,"Hemochorial","Labyrinthine","Rodentia"
"echinops_telfairi",5.49,6935,"Hemochorial","Labyrinthine","Afrosoricida"
"eira_barbara",2,8139.5,"Endotheliochorial","Labyrinthine","Carnivora"
"elaphodus_cephalophus",1,8285.5,"Epitheliochorial","Villous","Artiodactyla"
"elaphurus_davidianus",1.11,10037.5,"Epitheliochorial","Villous","Artiodactyla"
"elephantulus_brachyrhynchus",1.65,1517.79,"Hemochorial","Labyrinthine","Macroscelidea"
"elephantulus_myurus",1.84,1517.79,"Hemochorial","Labyrinthine","Macroscelidea"
"elephantulus_rufescens",1.41,2883.5,"Hemochorial","Labyrinthine","Macroscelidea"
"elephas_maximus",1,29200,"Endotheliochorial","Labyrinthine","Proboscidea"
"enhydra_lutris",1,10950,"Endotheliochorial","Labyrinthine","Carnivora"
"epomophorus_wahlbergi",1,3686.5,"Hemochorial","Labyrinthine","Chiroptera"
"equus_grevyi",1,11384.96,"Epitheliochorial","Villous","Perissodactyla"
"equus_hemionus",1,14162,"Epitheliochorial","Villous","Perissodactyla"
"equus_kiang",1,14162,"Epitheliochorial","Trabecular","Perissodactyla"
"equus_zebra",1,12118,"Epitheliochorial","Villous","Perissodactyla"
"erethizon_dorsatum",1,8541,"Hemochorial","Labyrinthine","Rodentia"
"erinaceus_europaeus",4.22,5110,"Hemochorial","Labyrinthine","Eulipotyphla"
"erythrocebus_patas",1,10329.5,"Hemochorial","Trabecular","Primates"
"eudorcas_thomsonii",1,7300,"Epitheliochorial","Villous","Artiodactyla"
"eulemur_albifrons",1.07,14235,"Epitheliochorial","Villous","Primates"
"eulemur_collaris",1.1,13505,"Epitheliochorial","Villous","Primates"
"eulemur_coronatus",1.5,10950,"Epitheliochorial","Villous","Primates"
"eulemur_mongoz",1.11,13213,"Epitheliochorial","Villous","Primates"
"eulemur_rubriventer",1,7497.71,"Epitheliochorial","Villous","Primates"
"eulemur_rufus",1.1,13505,"Epitheliochorial","Villous","Primates"
"eulemur_sanfordi",1.1,13505,"Epitheliochorial","Villous","Primates"
"eumetopias_jubatus",1,11972,"Endotheliochorial","Labyrinthine","Carnivora"
"euphractus_sexcinctus",1.75,8066.5,"Hemochorial","Trabecular","Cingulata"
"felis_chaus",3,7300,"Endotheliochorial","Labyrinthine","Carnivora"
"felis_margarita",4.5,5073.5,"Endotheliochorial","Labyrinthine","Carnivora"
"felis_nigripes",1.91,5694,"Endotheliochorial","Labyrinthine","Carnivora"
"felis_silvestris",3.69,10220,"Endotheliochorial","Labyrinthine","Carnivora"
"fukomys_damarensis",2.5,5657.5,"Hemochorial","Villous","Rodentia"
"funambulus_pennantii",3.14,1852.38,"Hemochorial","Labyrinthine","Rodentia"
"furipterus_horrens",1,5768.69,"Hemochorial","Labyrinthine","Chiroptera"
"galago_moholi",1.55,6874.17,"Epitheliochorial","Villous","Primates"
"galago_senegalensis",1.5,6874.17,"Epitheliochorial","Villous","Primates"
"galea_musteloides",2.63,1277.5,"Hemochorial","Labyrinthine","Rodentia"
"gazella_cuvieri",1.23,6533.5,"Epitheliochorial","Villous","Artiodactyla"
"gazella_dorcas",1.22,8650.5,"Epitheliochorial","Villous","Artiodactyla"
"gazella_leptoceros",1,5329,"Epitheliochorial","Villous","Artiodactyla"
"gazella_marica",1.39,7300,"Epitheliochorial","Villous","Artiodactyla"
"gazella_spekei",1,5405.04,"Epitheliochorial","Villous","Artiodactyla"
"gazella_subgutturosa",1.39,7300,"Epitheliochorial","Villous","Artiodactyla"
"genetta_tigrina",2.5,7774.5,"Endotheliochorial","Labyrinthine","Carnivora"
"geomys_bursarius",3.39,4380,"Hemochorial","Labyrinthine","Rodentia"
"giraffa_camelopardalis",1.12,14417.5,"Epitheliochorial","Villous","Artiodactyla"
"glaucomys_sabrinus",3,5183,"Hemochorial","Labyrinthine","Rodentia"
"glaucomys_volans",3.13,6935,"Hemochorial","Labyrinthine","Rodentia"
"glossophaga_soricina",1,4015,"Endotheliochorial","Labyrinthine","Chiroptera"
"gorilla_gorilla",1.01,20221,"Hemochorial","Villous","Primates"
"gulo_gulo",2.84,7117.5,"Endotheliochorial","Labyrinthine","Carnivora"
"halichoerus_grypus",1,17035.46,"Endotheliochorial","Labyrinthine","Carnivora"
"hapalemur_griseus",1.2,8504.5,"Epitheliochorial","Villous","Primates"
"helarctos_malayanus",1.1,13103.5,"Endotheliochorial","Labyrinthine","Carnivora"
"helogale_hirtula",3.37,3522.25,"Endotheliochorial","Labyrinthine","Carnivora"
"hemicentetes_semispinosus",5.17,1000.71,"Hemochorial","Labyrinthine","Afrosoricida"
"hemigalus_derbyanus",2,6570,"Endotheliochorial","Labyrinthine","Carnivora"
"hemitragus_jemlahicus",1.01,7957,"Epitheliochorial","Villous","Artiodactyla"
"heterocephalus_glaber",8.95,10329.5,"Hemochorial","Labyrinthine","Rodentia"
"heterohyrax_brucei",1.89,5110,"Hemochorial","Labyrinthine","Hyracoidea"
"hippopotamus_amphibius",1,22338,"Epitheliochorial","Villous","Artiodactyla"
"hippotragus_equinus",1,9453.5,"Epitheliochorial","Villous","Artiodactyla"
"hippotragus_niger",1,8121.25,"Epitheliochorial","Villous","Artiodactyla"
"hyaena_hyaena",2.5,9125,"Endotheliochorial","Labyrinthine","Carnivora"
"hydrictis_maculicollis",2,8358.5,"Endotheliochorial","Labyrinthine","Carnivora"
"hydrochoerus_hydrochaeris",3.49,5511.5,"Hemochorial","Labyrinthine","Rodentia"
"hydropotes_inermis",3,5079.58,"Epitheliochorial","Villous","Artiodactyla"
"hydrurga_leptonyx",0.98,9490,"Endotheliochorial","Labyrinthine","Carnivora"
"hylobates_agilis",1,20805,"Hemochorial","Villous","Primates"
"hylobates_lar",1,20805,"Hemochorial","Villous","Primates"
"hylobates_pileatus",1,20805,"Hemochorial","Villous","Primates"
"hystrix_africaeaustralis",2.1,8431.5,"Hemochorial","Labyrinthine","Rodentia"
"hystrix_cristata",2.3,10411.63,"Hemochorial","Labyrinthine","Rodentia"
"ictidomys_tridecemlineatus",8.09,2883.5,"Hemochorial","Labyrinthine","Rodentia"
"indri_indri",1.01,9231.94,"Epitheliochorial","Villous","Primates"
"inia_geoffrensis",1,11424.5,"Epitheliochorial","Villous","Artiodactyla"
"jaculus_jaculus",3.24,2664.5,"Hemochorial","Labyrinthine","Rodentia"
"kerodon_rupestris",1.52,4708.5,"Hemochorial","Labyrinthine","Rodentia"
"kobus_ellipsiprymnus",1.05,11080.79,"Epitheliochorial","Villous","Artiodactyla"
"kobus_leche",1,9271,"Epitheliochorial","Villous","Artiodactyla"
"kobus_megaceros",1,7701.5,"Epitheliochorial","Villous","Artiodactyla"
"lagostomus_maximus",2,3942,"Hemochorial","Labyrinthine","Rodentia"
"lama_guanicoe",1,22435.33,"Epitheliochorial","Villous","Artiodactyla"
"lemmus_lemmus",5.12,1213.63,"Hemochorial","Labyrinthine","Rodentia"
"lemur_catta",1.11,13614.5,"Epitheliochorial","Villous","Artiodactyla"
"leontopithecus_chrysomelas",1.95,11534,"Hemochorial","Trabecular","Primates"
"leontopithecus_rosalia",1.95,11534,"Hemochorial","Trabecular","Primates"
"leopardus_geoffroyi",2.02,8471.04,"Endotheliochorial","Labyrinthine","Carnivora"
"leopardus_pardalis",1.66,10293,"Endotheliochorial","Labyrinthine","Carnivora"
"leopardus_wiedii",1.5,8775.21,"Endotheliochorial","Labyrinthine","Carnivora"
"leptailurus_serval",2.35,8395,"Endotheliochorial","Labyrinthine","Carnivora"
"leptonychotes_weddellii",1,9125,"Endotheliochorial","Labyrinthine","Carnivora"
"leptonycteris_nivalis",1,3650,"Endotheliochorial","Labyrinthine","Chiroptera"
"leptonycteris_yerbabuenae",1,3686.5,"Endotheliochorial","Labyrinthine","Chiroptera"
"lepus_americanus",3.41,2920,"Hemochorial","Labyrinthine","Lagomorpha"
"limnogale_mergulus",2.87,2210.79,"Hemochorial","Labyrinthine","Afrosoricida"
"lissodelphis_borealis",1,15330,"Epitheliochorial","Villous","Artiodactyla"
"litocranius_walleri",1,6314.5,"Epitheliochorial","Villous","Artiodactyla"
"lobodon_carcinophaga",1,14235,"Endotheliochorial","Labyrinthine","Carnivora"
"lontra_canadensis",2.67,9855,"Endotheliochorial","Labyrinthine","Carnivora"
"lophocebus_aterrimus",1,13389.42,"Hemochorial","Villous","Primates"
"loris_tardigradus",1.37,7044.5,"Epitheliochorial","Villous","Primates"
"loxodonta_africana",1,29200,"Endotheliochorial","Labyrinthine","Proboscidea"
"lycaon_pictus",7.5,6205,"Endotheliochorial","Labyrinthine","Carnivora"
"lynx_canadensis",3.19,9782,"Endotheliochorial","Labyrinthine","Carnivora"
"lynx_lynx",2.25,9782,"Endotheliochorial","Labyrinthine","Carnivora"
"lynx_rufus",2.53,11801.67,"Endotheliochorial","Labyrinthine","Carnivora"
"macaca_fascicularis",1,14235,"Hemochorial","Trabecular","Primates"
"macaca_fuscata",1.42,14052.5,"Hemochorial","Trabecular","Primates"
"macaca_mulatta",1,14600,"Hemochorial","Trabecular","Primates"
"macaca_nigra",1,12410,"Hemochorial","Trabecular","Primates"
"macaca_radiata",1,10959.13,"Hemochorial","Trabecular","Primates"
"macaca_silenus",1,14663.88,"Hemochorial","Trabecular","Primates"
"macroscelides_proboscideus",1.6,3175.5,"Hemochorial","Labyrinthine","Macroscelidea"
"madoqua_guentheri",1,6387.5,"Epitheliochorial","Villous","Artiodactyla"
"madoqua_kirkii",1,6314.5,"Epitheliochorial","Villous","Artiodactyla"
"mandrillus_sphinx",1.05,16910.45,"Hemochorial","Trabecular","Primates"
"marmota_flaviventris",4.44,7738,"Hemochorial","Labyrinthine","Rodentia"
"marmota_monax",4.5,5110,"Hemochorial","Labyrinthine","Rodentia"
"martes_americana",2.73,6935,"Endotheliochorial","Labyrinthine","Carnivora"
"martes_zibellina",3.13,8030,"Endotheliochorial","Labyrinthine","Carnivora"
"mastomys_natalensis",8.6,1061.54,"Hemochorial","Labyrinthine","Rodentia"
"mazama_americana",1.22,6241.5,"Epitheliochorial","Villous","Artiodactyla"
"megaptera_novaeangliae",1,34675,"Epitheliochorial","Villous","Artiodactyla"
"melursus_ursinus",1.54,14600,"Hemochorial","Labyrinthine","Carnivora"
"meriones_shawi",5.63,1700.29,"Hemochorial","Labyrinthine","Rodentia"
"meriones_unguiculatus",5,2299.5,"Hemochorial","Labyrinthine","Rodentia"
"mesocricetus_auratus",8.69,3650,"Hemochorial","Labyrinthine","Rodentia"
"microcebus_murinus",2.41,6643,"Epitheliochorial","Villous","Primates"
"microdipodops_megacephalus",3.9,1977.08,"Endotheliochorial","Labyrinthine","Rodentia"
"microtus_xanthognathus",8.18,1000.25,"Hemochorial","Labyrinthine","Rodentia"
"miopithecus_talapoin",1,11278.5,"Hemochorial","Trabecular","Primates"
"mirounga_angustirostris",1,7406.46,"Endotheliochorial","Labyrinthine","Carnivora"
"mirza_coquereli",1.71,6351,"Epitheliochorial","Villous","Primates"
"mormoops_megalophylla",1,2728.03,"Hemochorial","Labyrinthine","Chiroptera"
"mungos_mungo",2.68,6351,"Endotheliochorial","Labyrinthine","Carnivora"
"muntiacus_muntjak",1.17,6862,"Epitheliochorial","Villous","Artiodactyla"
"muntiacus_reevesi",1,8468,"Epitheliochorial","Villous","Artiodactyla"
"mus_musculus",6.07,2190,"Hemochorial","Labyrinthine","Rodentia"
"mustela_putorius",7.68,5110,"Endotheliochorial","Labyrinthine","Carnivora"
"myocastor_coypus",5.34,4380,"Endotheliochorial","Labyrinthine","Carnivora"
"myodes_glareolus",4.3,1794.58,"Hemochorial","Labyrinthine","Rodentia"
"myodes_rutilus",6.3,1085.32,"Hemochorial","Labyrinthine","Rodentia"
"myoprocta_pratti",1.87,5402,"Hemochorial","Villous","Rodentia"
"myotis_lucifugus",1,12410,"Hemochorial","Labyrinthine","Chiroptera"
"myrmecophaga_tridactyla",1,11506.63,"Hemochorial","Trabecular","Pilosa"
"myzopoda_aurita",1.03,5044.91,"Endotheliochorial","Labyrinthine","Chiroptera"
"naemorhedus_goral",1,6916.75,"Epitheliochorial","Villous","Artiodactyla"
"nandinia_binotata",2,7741.04,"Endotheliochorial","Labyrinthine","Carnivora"
"nanger_dama",1,7044.5,"Epitheliochorial","Villous","Artiodactyla"
"nanger_granti",1,7190.5,"Epitheliochorial","Villous","Artiodactyla"
"nasalis_larvatus",1.01,9161.5,"Hemochorial","Trabecular","Primates"
"nasua_narica",4.17,9636,"Endotheliochorial","Labyrinthine","Carnivora"
"nasua_nasua",3.81,8650.5,"Endotheliochorial","Labyrinthine","Carnivora"
"natalus_tumidirostris",1.02,4590.07,"Endotheliochorial","Labyrinthine","Chiroptera"
"neofelis_nebulosa",2.25,7227,"Endotheliochorial","Labyrinthine","Carnivora"
"neotoma_albigula",2.14,3467.5,"Hemochorial","Labyrinthine","Rodentia"
"neotoma_floridana",2.63,3467.5,"Hemochorial","Labyrinthine","Rodentia"
"neotoma_fuscipes",2.72,304.17,"Hemochorial","Labyrinthine","Rodentia"
"neotoma_lepida",2.92,3832.5,"Hemochorial","Labyrinthine","Rodentia"
"neotragus_pygmaeus",1,5803.5,"Epitheliochorial","Villous","Artiodactyla"
"neovison_vison",4.76,4161,"Endotheliochorial","Labyrinthine","Carnivora"
"nomascus_gabriellae",1,16826.5,"Hemochorial","Villous","Primates"
"nycticebus_coucang",1.04,9672.5,"Epitheliochorial","Villous","Primates"
"nycticebus_pygmaeus",1.12,9672.5,"Epitheliochorial","Villous","Primates"
"ochotona_princeps",3,2670.58,"Hemochorial","Labyrinthine","Lagomorpha"
"octodon_degus",5.31,5110,"Hemochorial","Labyrinthine","Rodentia"
"odobenus_rosmarus",1.18,14600,"Endotheliochorial","Labyrinthine","Carnivora"
"odocoileus_hemionus",1.62,8030,"Epitheliochorial","Villous","Artiodactyla"
"odocoileus_virginianus",1.71,8395,"Epitheliochorial","Villous","Artiodactyla"
"okapia_johnstoni",1,12227.5,"Epitheliochorial","Villous","Artiodactyla"
"ondatra_zibethicus",6.42,3650,"Hemochorial","Labyrinthine","Rodentia"
"orcinus_orca",1,36500,"Epitheliochorial","Villous","Artiodactyla"
"oreamnos_americanus",1.32,7592,"Epitheliochorial","Villous","Artiodactyla"
"oreotragus_oreotragus",1,9453.5,"Epitheliochorial","Villous","Artiodactyla"
"orycteropus_afer",1.03,10877,"Endotheliochorial","Labyrinthine","Tubulidentata"
"oryctolagus_cuniculus",5.24,6570,"Hemochorial","Labyrinthine","Lagomorpha"
"oryx_dammah",1,10037.5,"Epitheliochorial","Villous","Artiodactyla"
"oryx_gazella",1,8723.5,"Epitheliochorial","Villous","Artiodactyla"
"oryx_leucoryx",1,8723.5,"Epitheliochorial","Villous","Artiodactyla"
"otocolobus_manul",4.14,5803.5,"Endotheliochorial","Labyrinthine","Carnivora"
"otocyon_megalotis",4,6527.42,"Endotheliochorial","Labyrinthine","Carnivora"
"otolemur_garnettii",1.26,6874.17,"Epitheliochorial","Villous","Primates"
"otospermophilus_beecheyi",6.71,1974.04,"Hemochorial","Labyrinthine","Rodentia"
"ovibos_moschatus",1.01,10001,"Epitheliochorial","Villous","Artiodactyla"
"ovis_canadensis",1.03,8760,"Epitheliochorial","Villous","Artiodactyla"
"ovis_dalli",1.06,8760,"Epitheliochorial","Villous","Artiodactyla"
"ovis_vignei",1.22,8322,"Epitheliochorial","Villous","Artiodactyla"
"pan_paniscus",1,20075,"Hemochorial","Villous","Primates"
"pan_troglodytes",1.08,27010,"Hemochorial","Villous","Primates"
"panthera_leo",2.83,10950,"Endotheliochorial","Labyrinthine","Carnivora"
"panthera_onca",2,10353.83,"Endotheliochorial","Labyrinthine","Carnivora"
"panthera_tigris",2.57,9599.5,"Endotheliochorial","Labyrinthine","Carnivora"
"panthera_uncia",2.12,7738,"Endotheliochorial","Labyrinthine","Carnivora"
"papio_anubis",1.01,16425,"Hemochorial","Trabecular","Primates"
"papio_hamadryas",1,16425,"Hemochorial","Villous","Primates"
"papio_papio",1.01,16425,"Hemochorial","Trabecular","Primates"
"paradoxurus_hermaphroditus",3.29,9125,"Endotheliochorial","Labyrinthine","Carnivora"
"paraxerus_cepapi",2.01,3491.83,"Hemochorial","Labyrinthine","Rodentia"
"pecari_tajacu",1.82,11497.5,"Epitheliochorial","Villous","Artiodactyla"
"pedetes_capensis",1,7315.21,"Hemochorial","Labyrinthine","Rodentia"
"perodicticus_potto",1.03,9782,"Epitheliochorial","Villous","Primates"
"perognathus_parvus",4.8,2117,"Hemochorial","Labyrinthine","Rodentia"
"peromyscus_eremicus",2.6,2701,"Hemochorial","Labyrinthine","Rodentia"
"peromyscus_leucopus",4.35,2920,"Hemochorial","Labyrinthine","Rodentia"
"peromyscus_maniculatus",4.62,3041.67,"Hemochorial","Labyrinthine","Rodentia"
"peromyscus_polionotus",3.6,2007.5,"Hemochorial","Labyrinthine","Rodentia"
"petrodromus_tetradactylus",1.17,2609.75,"Hemochorial","Labyrinthine","Macroscelidea"
"petromus_typicus",1.69,2579.33,"Hemochorial","Labyrinthine","Rodentia"
"phacochoerus_aethiopicus",3.37,6862,"Epitheliochorial","Villous","Artiodactyla"
"phacochoerus_africanus",3,7628.5,"Epitheliochorial","Villous","Artiodactyla"
"philantomba_monticola",1,5803.5,"Epitheliochorial","Villous","Artiodactyla"
"phoca_largha",1,17374,"Endotheliochorial","Labyrinthine","Carnivora"
"phoca_vitulina",1,17374,"Endotheliochorial","Labyrinthine","Carnivora"
"phocoena_phocoena",1,7446,"Epitheliochorial","Villous","Artiodactyla"
"phodopus_campbelli",5.48,1426.54,"Hemochorial","Labyrinthine","Rodentia"
"phodopus_sungorus",5.24,1426.54,"Hemochorial","Labyrinthine","Rodentia"
"phyllostomus_discolor",1,3285,"Endotheliochorial","Labyrinthine","Chiroptera"
"pithecia_pithecia",1,13206.92,"Hemochorial","Villous","Primates"
"platanista_gangetica",1,10220,"Epitheliochorial","Villous","Artiodactyla"
"poecilogale_albinucha",2.22,2278.21,"Endotheliochorial","Labyrinthine","Carnivora"
"pongo_abelii",1.14,21900,"Hemochorial","Villous","Primates"
"pongo_pygmaeus",1.14,21900,"Hemochorial","Villous","Primates"
"potamochoerus_porcus",3,8227.71,"Epitheliochorial","Villous","Artiodactyla"
"potamogale_velox",2.07,3004.09,"Hemochorial","Labyrinthine","Afrosoricida"
"potos_flavus",1,14016,"Endotheliochorial","Labyrinthine","Carnivora"
"prionailurus_bengalensis",2.5,6314.5,"Endotheliochorial","Labyrinthine","Carnivora"
"prionailurus_viverrinus",2,6278,"Endotheliochorial","Labyrinthine","Carnivora"
"procavia_capensis",2.44,5405.04,"Hemochorial","Villous","Hyracoidea"
"procyon_lotor",3.39,7665,"Endotheliochorial","Labyrinthine","Carnivora"
"propithecus_coquereli",1.01,11132.5,"Epitheliochorial","Villous","Primates"
"propithecus_diadema",1.01,4036.29,"Hemochorial","Villous","Primates"
"propithecus_tattersalli",1.04,7467.29,"Hemochorial","Villous","Primates"
"propithecus_verreauxi",1.02,11132.5,"Epitheliochorial","Villous","Primates"
"pseudois_nayaur",1.5,8760,"Epitheliochorial","Villous","Artiodactyla"
"pteronotus_davyi",1,2682.75,"Hemochorial","Labyrinthine","Chiroptera"
"pteronotus_parnellii",1,5135.41,"Hemochorial","Labyrinthine","Chiroptera"
"pteronura_brasiliensis",1.94,6314.5,"Endotheliochorial","Labyrinthine","Carnivora"
"pteropus_giganteus",1,14907.21,"Hemochorial","Labyrinthine","Chiroptera"
"pteropus_hypomelanus",1,7409.5,"Hemochorial","Labyrinthine","Chiroptera"
"pteropus_poliocephalus",1,8614,"Hemochorial","Labyrinthine","Chiroptera"
"pteropus_rodricensis",1,10950,"Hemochorial","Labyrinthine","Chiroptera"
"pudu_puda",1.03,7665,"Epitheliochorial","Villous","Artiodactyla"
"puma_concolor",2.76,8687,"Endotheliochorial","Labyrinthine","Carnivora"
"pusa_hispida",1,16790,"Endotheliochorial","Labyrinthine","Carnivora"
"pygathrix_nemaeus",1,9775.92,"Hemochorial","Trabecular","Primates"
"rangifer_tarandus",1.1,7920.5,"Epitheliochorial","Villous","Artiodactyla"
"raphicerus_campestris",1,5110,"Epitheliochorial","Villous","Artiodactyla"
"rattus_norvegicus",8.86,1825,"Hemochorial","Labyrinthine","Rodentia"
"ratufa_affinis",1.63,3522.25,"Hemochorial","Labyrinthine","Rodentia"
"rhinoceros_unicornis",1,17885,"Epitheliochorial","Villous","Perissodactyla"
"rhinolophus_rouxii",0.99,1825,"Endotheliochorial","Labyrinthine","Chiroptera"
"rhinopoma_hardwickii",1,4935.28,"Endotheliochorial","Labyrinthine","Chiroptera"
"rhynchocyon_petersi",1.93,1639.46,"Hemochorial","Labyrinthine","Macroscelidea"
"rousettus_aegyptiacus",1.04,8358.5,"Hemochorial","Labyrinthine","Chiroptera"
"rousettus_leschenaultii",1.01,5110,"Hemochorial","Labyrinthine","Chiroptera"
"rucervus_duvaucelii",1,8942.5,"Epitheliochorial","Villous","Artiodactyla"
"rucervus_eldii",1.01,7482.5,"Epitheliochorial","Villous","Artiodactyla"
"saccopteryx_bilineata",1,2190,"Endotheliochorial","Labyrinthine","Chiroptera"
"saguinus_bicolor",1.63,6935,"Hemochorial","Trabecular","Primates"
"saguinus_geoffroyi",1.95,9563,"Hemochorial","Trabecular","Primates"
"saguinus_imperator",2,8650.5,"Hemochorial","Trabecular","Primates"
"saguinus_midas",2,7665,"Hemochorial","Trabecular","Primates"
"saguinus_oedipus",1.9,9563,"Hemochorial","Trabecular","Primates"
"saiga_tatarica",1.58,4380,"Epitheliochorial","Villous","Artiodactyla"
"saimiri_boliviensis",1,11059.5,"Hemochorial","Trabecular","Primates"
"scalopus_aquaticus",3.75,2263,"Hemochorial","Labyrinthine","Eulipotyphla"
"sciurus_carolinensis",3,8760,"Hemochorial","Labyrinthine","Rodentia"
"sciurus_niger",3,5840,"Hemochorial","Labyrinthine","Rodentia"
"sciurus_vulgaris",4.43,5402,"Hemochorial","Labyrinthine","Rodentia"
"sekeetamys_calurus",2.9,2664.5,"Hemochorial","Labyrinthine","Rodentia"
"semnopithecus_entellus",1.02,10685.38,"Hemochorial","Trabecular","Primates"
"setifer_setosus",3.04,5146.5,"Hemochorial","Labyrinthine","Afrosoricida"
"solenodon_paradoxus",1.86,4416.5,"Hemochorial","Labyrinthine","Eulipotyphla"
"sorex_araneus",6.56,1168,"Hemochorial","Labyrinthine","Eulipotyphla"
"sorex_fumeus",5.25,517.08,"Hemochorial","Labyrinthine","Eulipotyphla"
"sorex_minutus",5.91,730,"Hemochorial","Labyrinthine","Eulipotyphla"
"sotalia_fluviatilis",0.99,12775,"Epitheliochorial","Villous","Artiodactyla"
"speothos_venaticus",4.13,5146.5,"Endotheliochorial","Labyrinthine","Carnivora"
"spermophilus_citellus",6,2445.5,"Hemochorial","Labyrinthine","Rodentia"
"stenella_coeruleoalba",1.5,20987.5,"Epitheliochorial","Villous","Artiodactyla"
"suncus_murinus",3.05,1183.21,"Hemochorial","Labyrinthine","Eulipotyphla"
"suricata_suricatta",3.86,7519,"Endotheliochorial","Labyrinthine","Carnivora"
"sus_cebifrons",5.03,6205,"Epitheliochorial","Villous","Artiodactyla"
"sus_scrofa",5.57,9855,"Epitheliochorial","Villous","Artiodactyla"
"sylvilagus_aquaticus",3.07,3250.1,"Hemochorial","Labyrinthine","Lagomorpha"
"sylvilagus_audubonii",3,2853.08,"Hemochorial","Labyrinthine","Lagomorpha"
"sylvilagus_floridanus",5,3577,"Epitheliochorial","Labyrinthine","Lagomorpha"
"sylvilagus_transitionalis",4.78,3577,"Hemochorial","Labyrinthine","Lagomorpha"
"symphalangus_syndactylus",1.02,15695,"Hemochorial","Villous","Primates"
"syncerus_caffer",1.08,10877,"Epitheliochorial","Villous","Artiodactyla"
"tadarida_brasiliensis",1.06,5475,"Endotheliochorial","Labyrinthine","Chiroptera"
"talpa_europaea",3.99,2555,"Endotheliochorial","Labyrinthine","Eulipotyphla"
"tamandua_tetradactyla",1,7135.75,"Hemochorial","Trabecular","Pilosa"
"tamias_striatus",4.22,3467.5,"Hemochorial","Labyrinthine","Rodentia"
"tamiasciurus_hudsonicus",4.2,4380,"Hemochorial","Labyrinthine","Rodentia"
"taphozous_melanopogon",1,7300,"Endotheliochorial","Labyrinthine","Chiroptera"
"tapirus_bairdii",1,10804,"Epitheliochorial","Villous","Perissodactyla"
"tapirus_indicus",1,13322.5,"Epitheliochorial","Villous","Perissodactyla"
"tapirus_pinchaque",1,10402.5,"Epitheliochorial","Villous","Perissodactyla"
"tapirus_terrestris",1,14454,"Epitheliochorial","Trabecular","Perissodactyla"
"tasmacetus_shepherdi",1,20382.01,"Epitheliochorial","Villous","Artiodactyla"
"taxidea_taxus",3,9490,"Endotheliochorial","Labyrinthine","Carnivora"
"tenrec_ecaudatus",16.89,3175.5,"Hemochorial","Labyrinthine","Afrosoricida"
"theropithecus_gelada",1,13140,"Hemochorial","Trabecular","Primates"
"thomomys_bottae",4.33,2226.5,"Hemochorial","Labyrinthine","Rodentia"
"thyroptera_tricolor",0.98,5421.74,"Hemochorial","Labyrinthine","Chiroptera"
"tolypeutes_tricinctus",0.93,2427.25,"Endotheliochorial","Trabecular","Cingulata"
"trachypithecus_auratus",1.06,11351.5,"Hemochorial","Villous","Primates"
"trachypithecus_cristatus",1,12373.5,"Hemochorial","Villous","Primates"
"trachypithecus_delacouri",1.5,9599.5,"Hemochorial","Villous","Primates"
"trachypithecus_francoisi",1.26,9599.5,"Hemochorial","Villous","Primates"
"trachypithecus_germaini",1,12373.5,"Hemochorial","Villous","Primates"
"trachypithecus_obscurus",1,12373.5,"Hemochorial","Villous","Primates"
"trachypithecus_vetulus",1,9526.5,"Hemochorial","Villous","Primates"
"tragelaphus_angasii",1,6752.5,"Epitheliochorial","Villous","Artiodactyla"
"tragelaphus_eurycerus",1,7993.5,"Epitheliochorial","Villous","Artiodactyla"
"tragelaphus_imberbis",1,7227,"Epitheliochorial","Villous","Artiodactyla"
"tragelaphus_oryx",1,9526.5,"Epitheliochorial","Villous","Artiodactyla"
"tragelaphus_scriptus",1,5584.5,"Epitheliochorial","Villous","Artiodactyla"
"tragelaphus_spekii",1,8249,"Epitheliochorial","Villous","Artiodactyla"
"tragelaphus_strepsiceros",1,8577.5,"Epitheliochorial","Villous","Artiodactyla"
"tragulus_javanicus",1,5110,"Epitheliochorial","Villous","Artiodactyla"
"tragulus_napu",1,6095.5,"Epitheliochorial","Villous","Artiodactyla"
"tremarctos_ornatus",1.5,14329.29,"Endotheliochorial","Labyrinthine","Carnivora"
"trichechus_manatus",1,20440,"Endotheliochorial","Labyrinthine","Sirenia"
"tupaia_belangeri",2,4532.08,"Endotheliochorial","Labyrinthine","Scandentia"
"tupaia_glis",2.22,4532.08,"Endotheliochorial","Labyrinthine","Scandentia"
"tupaia_gracilis",2.42,1274.46,"Endotheliochorial","Labyrinthine","Scandentia"
"tupaia_javanica",2.95,2438.96,"Endotheliochorial","Labyrinthine","Scandentia"
"tupaia_longipes",2.11,4532.08,"Endotheliochorial","Labyrinthine","Scandentia"
"tupaia_minor",1.99,4453,"Endotheliochorial","Labyrinthine","Scandentia"
"tupaia_montana",1.76,577.92,"Endotheliochorial","Labyrinthine","Scandentia"
"tupaia_palawanensis",2.6,2570.93,"Endotheliochorial","Labyrinthine","Scandentia"
"tupaia_picta",2.41,2310.43,"Endotheliochorial","Labyrinthine","Scandentia"
"tupaia_tana",2.19,5110,"Hemochorial","Labyrinthine","Scandentia"
"tursiops_truncatus",1,19345,"Epitheliochorial","Villous","Artiodactyla"
"urocitellus_columbianus",3.54,1548.21,"Hemochorial","Labyrinthine","Rodentia"
"urocitellus_richardsonii",7.23,2190,"Hemochorial","Labyrinthine","Rodentia"
"urocyon_cinereoargenteus",3.9,5913,"Endotheliochorial","Labyrinthine","Carnivora"
"ursus_americanus",2.47,12410,"Endotheliochorial","Labyrinthine","Carnivora"
"ursus_arctos",2.27,18250,"Endotheliochorial","Labyrinthine","Carnivora"
"ursus_maritimus",1.66,16425,"Endotheliochorial","Labyrinthine","Carnivora"
"ursus_thibetanus",1.67,14308,"Endotheliochorial","Labyrinthine","Carnivora"
"varecia_rubra",2.2,13206.92,"Epitheliochorial","Villous","Primates"
"vicugna_vicugna",1,22435.33,"Epitheliochorial","Villous","Artiodactyla"
"viverricula_indica",3.81,4675.04,"Endotheliochorial","Labyrinthine","Carnivora"
"vulpes_lagopus",8.12,5949.5,"Endotheliochorial","Labyrinthine","Carnivora"
"vulpes_macrotis",4.44,7300,"Endotheliochorial","Labyrinthine","Carnivora"
"vulpes_velox",4.44,7300,"Endotheliochorial","Labyrinthine","Carnivora"
"vulpes_vulpes",4.73,7774.5,"Endotheliochorial","Labyrinthine","Carnivora"
"vulpes_zerda",2.36,5949.5,"Endotheliochorial","Labyrinthine","Carnivora"
"xerus_inauris",2.12,4745,"Hemochorial","Labyrinthine","Rodentia"
"zalophus_californianus",1.1,13030.5,"Endotheliochorial","Labyrinthine","Carnivora"
