species,order,common_name,invasivness,interdigitation,Reference link url,,,,,
Chrysochloris_asiatica,Afrosoricida,Cape_golden mole,Hemochorial,Labyrinthine,https://reader.elsevier.com/reader/sd/pii/S0143400409002677?token=CBB6917B39312A819CF69AD406870D174F53F797C1E1015D52E398EFC3415864BF09E79BD1812806D1D626693A8344D34,,,,,
Echinops_telfairi,Afrosoricida,lesser_hedgehog tenrec,Hemochorial,Labyrinthine,https://genomics.senescence.info/species/entry.php?species=Echinops_telfairi,,,,,
Hemicentetes_semispinosus,Afrosoricida,lowland_streaked tenrec,Hemochorial,Labyrinthine,https://genomics.senescence.info/species/entry.php?species=Hemicentetes_semispinosus,,,,,
Limnogale_mergulus,Afrosoricida,web-footed_tenrec,Hemochorial,Labyrinthine,https://reader.elsevier.com/reader/sd/pii/S0143400409002677?token=CBB6917B39312A819CF69AD406870D174F53F797C1E1015D52E398EFC3415864BF09E79BD1812806D1D626693A8344D122,,,,,
Microgale_cowani,Afrosoricida,Cowan's_shrew tenrec,Hemochorial,Labyrinthine,https://reader.elsevier.com/reader/sd/pii/S0143400409002677?token=CBB6917B39312A819CF69AD406870D174F53F797C1E1015D52E398EFC3415864BF09E79BD1812806D1D626693A8344D121,,,,,
Oryzorictes_hova,Afrosoricida,mole-like_rice tenrec,Hemochorial,Labyrinthine,https://reader.elsevier.com/reader/sd/pii/S0143400409002677?token=CBB6917B39312A819CF69AD406870D174F53F797C1E1015D52E398EFC3415864BF09E79BD1812806D1D626693A8344D120,,,,,
Potamogale_velox,Afrosoricida,giant_otter shrew,Hemochorial,Labyrinthine,https://reader.elsevier.com/reader/sd/pii/S0143400409002677?token=CBB6917B39312A819CF69AD406870D174F53F797C1E1015D52E398EFC3415864BF09E79BD1812806D1D626693A8344D119,,,,,
Setifer_setosus,Afrosoricida,greater_hedgehog tenrec,Hemochorial,Labyrinthine,https://genomics.senescence.info/species/entry.php?species=Setifer_setosus&utm_,,,,,
Tenrec_ecaudatus,Afrosoricida,tailless_tenrec,Hemochorial,Labyrinthine,https://animaldiversity.org/accounts/Tenrec_ecaudatus/?,,,,,
Addax_nasomaculatus,Artiodactyla,addax,Epitheliochorial,Villous,https://www.sciencedirect.com/science/article/abs/pii/016815919190237R,,,,,
Aepyceros_melampus,Artiodactyla,impala,Epitheliochorial,Villous,https://www.sciencedirect.com/science/article/abs/pii/S0378432019300211,,,,,
Alcelaphus_buselaphus,Artiodactyla,hartebeest,Epitheliochorial,Villous,http://placentation.ucsd.edu/topifs.htm,,,,,
Alces_alces,Artiodactyla,moose,Epitheliochorial,Villous,https://www.sciencedirect.com/science/article/pii/S0093691X16303004?via%3Dihub,,,,,
Alces_americanus,Artiodactyla,elk,Epitheliochorial,Villous,https://www.sciencedirect.com/science/article/pii/S0093691X16303004,,,,,
Ammotragus_lervia,Artiodactyla,Barbary_sheep,Epitheliochorial,Villous,http://www.vivo.colostate.edu/hbooks/pathphys/reprod/placenta/structure.html,,,,,
Antidorcas_marsupialis,Artiodactyla,springbok,Epitheliochorial,Villous,http://placentation.ucsd.edu/springbok.htm,,,,,
Antilocapra_americana,Artiodactyla,pronghorn,Epitheliochorial,Villous,https://anatomypubs.onlinelibrary.wiley.com/doi/abs/10.1002/aja.1001250206,,,,,
Antilope_cervicapra,Artiodactyla,blackbuck,Epitheliochorial,Villous,https://www.jstor.org/stable/20094597,,,,,
Axis_axis,Artiodactyla,chital,Epitheliochorial,Villous,http://placentation.ucsd.edu/deer.html,,,,,
Axis_calamianensis,Artiodactyla,Calamian_deer,Epitheliochorial,Villous,,,,,,
Axis_kuhlii,Artiodactyla,Bawean_deer,Epitheliochorial,Villous,,,,,,
Babyrousa_babyrussa,Artiodactyla,Buru_babirusa,Epitheliochorial,Villous,https://link.springer.com/article/10.1007/BF00235496,,,,,
Babyrousa_celebensis,Artiodactyla,North_Sulawesi babirusa,Epitheliochorial,Villous,https://www.sciencedirect.com/science/article/pii/S0093691X10000828,,,,,
Bison_bison,Artiodactyla,American_bison,Epitheliochorial,Villous,https://www.sciencedirect.com/science/article/pii/S001664800700161X,,,,,
Bison_bonasus,Artiodactyla,European_bison,Epitheliochorial,Villous,https://www.sciencedirect.com/science/article/pii/S0378432008001504,,,,,
Blastocerus_dichotomus,Artiodactyla,marsh_deer,Epitheliochorial,Villous,https://academic.oup.com/conphys/article/6/1/cox073/4824840,,,,,
Bos_frontalis,Artiodactyla,gayal,Epitheliochorial,Villous,https://pmc.ncbi.nlm.nih.gov/articles/PMC8083812/,,,,,
Bos_gaurus,Artiodactyla,gaur,Epitheliochorial,Villous,https://pmc.ncbi.nlm.nih.gov/articles/PMC8083812/,,,,,
Bos_grunniens,Artiodactyla,domestic_yak,Epitheliochorial,Villous,https://www.mdpi.com/2076-2615/10/2/334,,,,,
Bos_indicus,Artiodactyla,zebu,Epitheliochorial,Villous,https://onlinelibrary.wiley.com/doi/abs/10.1111/j.1439-0531.2009.01345.x,,,,,
Bos_javanicus,Artiodactyla,banteng,Epitheliochorial,Villous,https://ajcb.in/journals/full_papers_july_2024/AJCB-Vol13-No1-82232_Setiadi%20et%20al.pdf,,,,,
Bos_taurus,Artiodactyla,cow,Epitheliochorial,Villous,https://link.springer.com/article/10.1186/1477-7827-7-25,,,,,
Boselaphus_tragocamelus,Artiodactyla,nilgai,Epitheliochorial,Villous,https://reader.elsevier.com/reader/sd/pii/S0143400409002677?token=CBB6917B39312A819CF69AD406870D174F53F797C1E1015D52E398EFC3415864BF09E79BD1812806D1D626693A8344D23,,,,,
Bubalus_bubalis,Artiodactyla,water_buffalo,Epitheliochorial,Villous,https://onlinelibrary.wiley.com/doi/abs/10.1002/jmor.10387,,,,,
Bubalus_depressicornis,Artiodactyla,dwarf_buffalo,Epitheliochorial,Villous,http://placentation.ucsd.edu/anoa.htm,,,,,
Bubalus_mindorensis,Artiodactyla,Mindoro_dwarf buffalo,Epitheliochorial,Villous,https://www.biosciproceedings.org/BP/0008/bp0008rdr1.pdf,,,,,
Budorcas_taxicolor,Artiodactyla,takin,Epitheliochorial,Villous,https://www.mdpi.com/2076-2615/14/4/571,,,,,
Camelus_bactrianus,Artiodactyla,Bactrian_camel,Epitheliochorial,Villous,http://placentation.ucsd.edu/camfs.htm,,,,,
Camelus_dromedarius,Artiodactyla,dromedary,Epitheliochorial,Villous,https://www.sciencedirect.com/science/article/pii/S0143400496900466,,,,,
Capra_cylindricornis,Artiodactyla,East_Caucasian tur,Epitheliochorial,Villous,https://reader.elsevier.com/reader/sd/pii/S0143400409002677?token=CBB6917B39312A819CF69AD406870D174F53F797C1E1015D52E398EFC3415864BF09E79BD1812806D1D626693A8344D22,,,,,
Capra_falconeri,Artiodactyla,markhor,Epitheliochorial,Villous,http://placentation.ucsd.edu/alpinefs.htm,,,,,
Capra_hircus,Artiodactyla,domestic_goat,Epitheliochorial,Villous,https://pmc.ncbi.nlm.nih.gov/articles/PMC1252677/,,,,,
Capra_ibex,Artiodactyla,Alpine_ibex,Epitheliochorial,Villous,https://reader.elsevier.com/reader/sd/pii/S0143400409002677?token=CBB6917B39312A819CF69AD406870D174F53F797C1E1015D52E398EFC3415864BF09E79BD1812806D1D626693A8344D20,,,,,
Capra_nubiana,Artiodactyla,Nubian_ibex,Epitheliochorial,Villous,https://link.springer.com/article/10.1007/s00580-010-1124-0,,,,,
Capra_pyrenaica,Artiodactyla,Iberian_ibex,Epitheliochorial,Villous,http://www.vivo.colostate.edu/hbooks/pathphys/reprod/placenta/structure.html,,,,,
Capreolus_capreolus,Artiodactyla,roe_deer,Epitheliochorial,Villous,https://reader.elsevier.com/reader/sd/pii/S0143400409002677?token=CBB6917B39312A819CF69AD406870D174F53F797C1E1015D52E398EFC3415864BF09E79BD1812806D1D626693A8344D32,,,,,
Capricornis_crispus,Artiodactyla,Japanese_serow,Epitheliochorial,Villous,http://placentation.ucsd.edu/serow.html,,,,,
Catagonus_wagneri,Artiodactyla,Chacoan_peccary,Epitheliochorial,Villous,https://www.sciencedirect.com/science/article/pii/S0143400405000779,,,,,
Cephalophus_dorsalis,Artiodactyla,bay_duiker,Epitheliochorial,Villous,https://pmc.ncbi.nlm.nih.gov/articles/PMC8083812/,,,,,
Cephalophus_jentinki,Artiodactyla,Jentink's_duiker,Epitheliochorial,Villous,,,,,,
Cephalophus_monticola,Artiodactyla,blue_duiker,Epitheliochorial,Villous,https://www.proquest.com/openview/235c251660bb463e5b2c14db0ba3a6fe/1?pq-origsite=gscholar&cbl=18750&diss=y,,,,,
Cephalophus_niger,Artiodactyla,black_duiker,Epitheliochorial,Villous,https://pmc.ncbi.nlm.nih.gov/articles/PMC8083812/,,,,,
Cephalophus_rufilatus,Artiodactyla,red-flanked_duiker,Epitheliochorial,Villous,https://journals.plos.org/plosone/article?id=10.1371/journal.pone.0246162,,,,,
Cephalophus_silvicultor,Artiodactyla,yellow-backed_duiker,Epitheliochorial,Villous,http://placentation.ucsd.edu/duiker.htm,,,,,
Cephalorhynchus_commersonii,Artiodactyla,Commerson's_dolphin,Epitheliochorial,Villous,https://placentation.ucsd.edu/commerson.htm?,,,,,
Cervus_canadensis,Artiodactyla,wapiti,Epitheliochorial,Villous,,,,,,
Cervus_duvaucelii,Artiodactyla,swamp_deer,Epitheliochorial,Villous,,,,,,
Cervus_elaphus,Artiodactyla,red_deer,Epitheliochorial,Villous,http://placentation.ucsd.edu/deer.html,,,,,
Cervus_eldii,Artiodactyla,Eld's_deer,Epitheliochorial,Villous,http://placentation.ucsd.edu/deer.html,,,,,
Cervus_nippon,Artiodactyla,sika_deer,Epitheliochorial,Villous,,,,,,
Cervus_timorensis,Artiodactyla,Javan_rusa,Epitheliochorial,Villous,https://reader.elsevier.com/reader/sd/pii/S0143400409002677?token=CBB6917B39312A819CF69AD406870D174F53F797C1E1015D52E398EFC3415864BF09E79BD1812806D1D626693A8344D31,,,,,
Cervus_unicolor,Artiodactyla,sambar,Epitheliochorial,Villous,https://reader.elsevier.com/reader/sd/pii/S0143400409002677?token=CBB6917B39312A819CF69AD406870D174F53F797C1E1015D52E398EFC3415864BF09E79BD1812806D1D626693A8344D30,,,,,
Connochaetes_gnou,Artiodactyla,black_wildebeest,Epitheliochorial,Villous,https://reader.elsevier.com/reader/sd/pii/S0143400409002677?token=CBB6917B39312A819CF69AD406870D174F53F797C1E1015D52E398EFC3415864BF09E79BD1812806D1D626693A8344D19,,,,,
Connochaetes_taurinus,Artiodactyla,blue_wildebeest,Epitheliochorial,Villous,http://placentation.ucsd.edu/gnu.html,,,,,
Copra_hircus,Artiodactyla,goat,Epitheliochorial,Villous,https://reader.elsevier.com/reader/sd/pii/S0143400409002677?token=CBB6917B39312A819CF69AD406870D174F53F797C1E1015D52E398EFC3415864BF09E79BD1812806D1D626693A8344D21,,,,,
Dama_dama,Artiodactyla,fallow_deer,Epitheliochorial,Villous,http://placentation.ucsd.edu/deer.html,,,,,
Damaliscus_lunatus,Artiodactyla,common_tsessebe,Epitheliochorial,Villous,https://reader.elsevier.com/reader/sd/pii/S0143400409002677?token=CBB6917B39312A819CF69AD406870D174F53F797C1E1015D52E398EFC3415864BF09E79BD1812806D1D626693A8344D18,,,,,
Elaphodus_cephalophus,Artiodactyla,tufted_deer,Epitheliochorial,Villous,,,,,,
Elaphurus_davidianus,Artiodactyla,Pre_David's deer,Epitheliochorial,Villous,http://placentation.ucsd.edu/deer.html,,,,,
Eudorcas_thomsonii,Artiodactyla,Thomson's_gazelle,Epitheliochorial,Villous,,,,,,
Gazella_cuvieri,Artiodactyla,Cuvier's_gazelle,Epitheliochorial,Villous,https://reader.elsevier.com/reader/sd/pii/S0143400409002677?token=CBB6917B39312A819CF69AD406870D174F53F797C1E1015D52E398EFC3415864BF09E79BD1812806D1D626693A8344D17,,,,,
Gazella_dama,Artiodactyla,dama_gazelle,Epitheliochorial,Villous,https://reader.elsevier.com/reader/sd/pii/S0143400409002677?token=CBB6917B39312A819CF69AD406870D174F53F797C1E1015D52E398EFC3415864BF09E79BD1812806D1D626693A8344D16,,,,,
Gazella_dorcas,Artiodactyla,dorcas_gazelle,Epitheliochorial,Villous,,,,,,
Gazella_granti,Artiodactyla,Grant's_gazelle,Epitheliochorial,Villous,https://reader.elsevier.com/reader/sd/pii/S0143400409002677?token=CBB6917B39312A819CF69AD406870D174F53F797C1E1015D52E398EFC3415864BF09E79BD1812806D1D626693A8344D15,,,,,
Gazella_leptoceros,Artiodactyla,rhim_gazelle,Epitheliochorial,Villous,,,,,,
Gazella_marica,Artiodactyla,Arabian_sand gazelle,Epitheliochorial,Villous,http://placentation.ucsd.edu/sgazel.html,,,,,
Gazella_soemmerringii,Artiodactyla,Gazella_soemmerringii,Epitheliochorial,Villous,https://reader.elsevier.com/reader/sd/pii/S0143400409002677?token=CBB6917B39312A819CF69AD406870D174F53F797C1E1015D52E398EFC3415864BF09E79BD1812806D1D626693A8344D14,,,,,
Gazella_spekei,Artiodactyla,Speke's_gazelle,Epitheliochorial,Villous,,,,,,
Gazella_subgutturosa,Artiodactyla,goitered,Epitheliochorial,Villous,http://placentation.ucsd.edu/persiangaz.html,,,,,
Gazella_thomsonii,Artiodactyla,Thomson's_gazelle,Epitheliochorial,Villous,https://reader.elsevier.com/reader/sd/pii/S0143400409002677?token=CBB6917B39312A819CF69AD406870D174F53F797C1E1015D52E398EFC3415864BF09E79BD1812806D1D626693A8344D13,,,,,
Giraffa_camelopardalis,Artiodactyla,northern_giraffe,Epitheliochorial,Villous,,,,,,
Giraffa_tippelskirchi,Artiodactyla,Masai_giraffe,Epitheliochorial,Villous,,,,,,
Hemitragus_hylocrius,Artiodactyla,Nilgiri_tahr,Epitheliochorial,Villous,http://placentation.ucsd.edu/tahr.html,,,,,
Hemitragus_jemlahicus,Artiodactyla,Himalayan_tahr,Epitheliochorial,Villous,http://placentation.ucsd.edu/himal.html,,,,,
Hexaprotodon_liberiensis,Artiodactyla,pygmy_hippopotamus,Epitheliochorial,Villous,https://www.sciencedirect.com/science/article/pii/S0143400485800357,,,,,
Hippotragus_equinus,Artiodactyla,roan_antelope,Epitheliochorial,Villous,https://placentation.ucsd.edu/roan.html,,,,,
Hippotragus_niger,Artiodactyla,sable_antelope,Epitheliochorial,Villous,https://repository.si.edu/server/api/core/bitstreams/d4bf06f1-30ff-4446-be50-35a72642dfcd/content,,,,,
Hydropotes_inermis,Artiodactyla,water_deer,Epitheliochorial,Villous,https://pmc.ncbi.nlm.nih.gov/articles/PMC1244412/,,,,,
Inia_geoffrensis,Artiodactyla,Amazon_river dolphin,Epitheliochorial,Villous,https://www.sciencedirect.com/science/article/pii/S0012160624002161?,,,,,
Kobus_defassa,Artiodactyla,waterbuck,Epitheliochorial,Villous,,,,,,
Kobus_ellipsiprymnus,Artiodactyla,Ellipsen_waterbuck,Epitheliochorial,Villous,http://placentation.ucsd.edu/buck.html,,,,,
Kobus_leche,Artiodactyla,lechwe,Epitheliochorial,Villous,https://www.sciencedirect.com/science/article/pii/0093691X83901930,,,,,
Kobus_megaceros,Artiodactyla,Nile_lechwe,Epitheliochorial,Villous,http://placentation.ucsd.edu/buck.html,,,,,
Lama_glama,Artiodactyla,llama,Epitheliochorial,Villous,https://www.sciencedirect.com/science/article/pii/S1055790308004715,,,,,
Lama_guanicoe,Artiodactyla,guanaco,Epitheliochorial,Villous,http://placentation.ucsd.edu/camfs.htm,,,,,
Lama_pacos,Artiodactyla,alpaca,Epitheliochorial,Villous,https://www.ncbi.nlm.nih.gov/pubmed/12802689,,,,,
Lemur_catta,Artiodactyla,ring-tailed_lemur,Epitheliochorial,Villous,http://placentation.ucsd.edu/ringlemur.html,,,,,
Lissodelphis_borealis,Artiodactyla,northern_right whale dolphin,Epitheliochorial,Villous,https://placentation.ucsd.edu/lisso.htm?,,,,,
Litocranius_walleri,Artiodactyla,gerenuk,Epitheliochorial,Villous,http://placentation.ucsd.edu/gerenukfs.htm,,,,,
Madoqua_guentheri,Artiodactyla,Gnther's_dik-dik,Epitheliochorial,Villous,https://academic.oup.com/mspecies/article/doi/10.2307/3504145/2600734,,,,,
Madoqua_kirkii,Artiodactyla,Kirk's_dik-dik,Epitheliochorial,Villous,https://www.sciencedirect.com/science/article/pii/0093691X83901930,,,,,
Mazama_americana,Artiodactyla,red_brocket,Epitheliochorial,Villous,https://www.sciencedirect.com/science/article/pii/S0093691X19301372,,,,,
Megaptera_novaeangliae,Artiodactyla,humpback_whale,Epitheliochorial,Villous,https://www.researchgate.net/figure/Placenta-of-the-Antarctic-minke-whale-on-day-153-of-gestation-fetal-length-L799-cm_fig1_233995220,,,,,
Muntiacus_muntjak,Artiodactyla,Indian_muntjac,Epitheliochorial,Villous,https://link.springer.com/article/10.1007/s00412-006-0066-4,,,,,
Muntiacus_reevesi,Artiodactyla,Reeves's_muntjac,Epitheliochorial,Villous,https://www.degruyterbrill.com/document/doi/10.1515/mamm.1970.34.2.303/html,,,,,
Naemorhedus_crispus,Artiodactyla,Japanese_serow,Epitheliochorial,Villous,https://reader.elsevier.com/reader/sd/pii/S0143400409002677?token=CBB6917B39312A819CF69AD406870D174F53F797C1E1015D52E398EFC3415864BF09E79BD1812806D1D626693A8344D12,,,,,
Naemorhedus_goral,Artiodactyla,Himalayan_goral,Epitheliochorial,Villous,https://www.sciencedirect.com/science/article/pii/S0093691X14003537,,,,,
Naemorhedus_griseus,Artiodactyla,Chinese_goral,Epitheliochorial,Villous,https://www.sciencedirect.com/science/article/pii/S0093691X14003537,,,,,
Nanger_dama,Artiodactyla,dama_gazelle,Epitheliochorial,Villous,https://bioone.org/journals/journal-of-zoo-and-wildlife-medicine/volume-51/issue-4/2020-0106/EVALUATION-OF-A-VISUAL-ENZYME-LINKED-IMMUNOSORBENT-ASSAY-ELISA-FOR/10.1638/2020-0106.full,,,,,
Nanger_granti,Artiodactyla,Grant's_gazelle,Epitheliochorial,Villous,,,,,,
Neotragus_moschatus,Artiodactyla,Suni,Hemochorial,Villous,https://rep.bioscientifica.com/view/journals/rep/88/2/jrf_88_2_014.xml,,,,,
Neotragus_pygmaeus,Artiodactyla,royal_antelope,Epitheliochorial,Villous,,,,,,
Odocoileus_hemionus,Artiodactyla,mule_deer,Epitheliochorial,Villous,,,,,,
Odocoileus_virginianus,Artiodactyla,white-tailed_deer,Epitheliochorial,Villous,,,,,,
Okapia_johnstoni,Artiodactyla,okapi,Epitheliochorial,Villous,http://placentation.ucsd.edu/okapi.htm,,,,,
Oreamnos_americanus,Artiodactyla,mountain_goat,Epitheliochorial,Villous,,,,,,
Oreotragus_oreotragus,Artiodactyla,klipspringer,Epitheliochorial,Villous,http://placentation.ucsd.edu/klipspringer.htm,,,,,
Oryx_dammah,Artiodactyla,scimitar_oryx,Epitheliochorial,Villous,http://placentation.ucsd.edu/scimitarfs.htm,,,,,
Oryx_gazella,Artiodactyla,South_African oryx,Epitheliochorial,Villous,https://reader.elsevier.com/reader/sd/pii/S0143400409002677?token=CBB6917B39312A819CF69AD406870D174F53F797C1E1015D52E398EFC3415864BF09E79BD1812806D1D626693A8344D11,,,,,
Oryx_leucoryx,Artiodactyla,Arabian_oryx,Epitheliochorial,Villous,https://www.sciencedirect.com/science/article/pii/S1751731123000927,,,,,
Ovibos_moschatus,Artiodactyla,muskox,Epitheliochorial,Villous,https://pmc.ncbi.nlm.nih.gov/articles/PMC2829387/,,,,,
Ovis_aries,Artiodactyla,Sheep,Epitheliochorial,Villous,https://pmc.ncbi.nlm.nih.gov/articles/PMC2829387/,,,,,
Ovis_canadensis,Artiodactyla,bighorn_sheep,Epitheliochorial,Villous,https://pmc.ncbi.nlm.nih.gov/articles/PMC2829387/,,,,,
Ovis_dalli,Artiodactyla,Dall's_sheep,Epitheliochorial,Villous,https://pmc.ncbi.nlm.nih.gov/articles/PMC2829387/,,,,,
Ovis_vignei,Artiodactyla,urial,Epitheliochorial,Villous,https://reader.elsevier.com/reader/sd/pii/S0143400409002677?token=CBB6917B39312A819CF69AD406870D174F53F797C1E1015D52E398EFC3415864BF09E79BD1812806D1D626693A8344D10,,,,,
Pecari_tajacu,Artiodactyla,collared_peccary,Epitheliochorial,Villous,,,,,,
Phacochoerus_aethiopicus,Artiodactyla,desert_warthog,Epitheliochorial,Villous,,,,,,
Phacochoerus_africanus,Artiodactyla,common_warthog,Epitheliochorial,Villous,https://www.annualreviews.org/docserver/fulltext/genet/58/1/annurev-genet-111523-102135.pdf?expires=1754776260&id=id&accname=ar-157036&checksum=973B29E18B32932C7228DADCDF349D59,,,,,
Philantomba_monticola,Artiodactyla,blue_duiker,Epitheliochorial,Villous,,,,,,
Platanista_gangetica,Artiodactyla,South_Asian river dolphin,Epitheliochorial,Villous,https://placentation.ucsd.edu/dolph.html?,,,,,
Platanista_minor,Artiodactyla,South_Asian river dolphin,Epitheliochorial,Villous,https://placentation.ucsd.edu/dolph.html?,,,,,
Potamochoerus_porcus,Artiodactyla,red_river hog,Epitheliochorial,Villous,,,,,,
Pseudois_nayaur,Artiodactyla,blue_sheep,Epitheliochorial,Villous,https://reader.elsevier.com/reader/sd/pii/S0143400409002677?token=CBB6917B39312A819CF69AD406870D174F53F797C1E1015D52E398EFC3415864BF09E79BD1812806D1D626693A8344D9,,,,,
Pudu_puda,Artiodactyla,pudus,Epitheliochorial,Villous,,,,,,
Rangifer_tarandus,Artiodactyla,reindeer,Epitheliochorial,Villous,,,,,,
Raphicerus_campestris,Artiodactyla,steenbok,Epitheliochorial,Villous,http://placentation.ucsd.edu/steen.htm,,,,,
Rucervus_eldii,Artiodactyla,Eld's_deer,Epitheliochorial,Villous,,,,,,
Saiga_tatarica,Artiodactyla,saiga_antelope,Epitheliochorial,Villous,https://reader.elsevier.com/reader/sd/pii/S0143400409002677?token=CBB6917B39312A819CF69AD406870D174F53F797C1E1015D52E398EFC3415864BF09E79BD1812806D1D626693A8344D8,,,,,
Sus_cebifrons,Artiodactyla,Visayan_warty pig,Epitheliochorial,Villous,,,,,,
Sus_scrofa,Artiodactyla,wild_boar,Epitheliochorial,Villous,,,,,,
Syncerus_caffer,Artiodactyla,African_buffalo,Epitheliochorial,Villous,http://placentation.ucsd.edu/congo.html,,,,,
Taurotragus_derbianus,Artiodactyla,giant_eland,Epitheliochorial,Villous,http://placentation.ucsd.edu/eland.htm,,,,,
Taurotragus_oryx,Artiodactyla,common_eland,Epitheliochorial,Villous,http://placentation.ucsd.edu/eland.htm,,,,,
Tayassu_tajacu,Artiodactyla,collared_peccary,Epitheliochorial,Villous,https://eurekamag.com/research/003/885/003885331.php?srsltid=AfmBOopmasZnh7aFfgA-euv2jJoWpebIUMERXXYKFpCs9w0dORNIs4L3&,,,,,
Tragelaphus_angasii,Artiodactyla,lowland_nyala,Epitheliochorial,Villous,http://placentation.ucsd.edu/nyala.htm,,,,,
Tragelaphus_eurycerus,Artiodactyla,antelope,Epitheliochorial,Villous,http://placentation.ucsd.edu/bongofs.htm,,,,,
Tragelaphus_imberbis,Artiodactyla,lesser_kudu,Epitheliochorial,Villous,https://www.sciencedirect.com/science/article/pii/S0143400480800130?,,,,,
Tragelaphus_oryx,Artiodactyla,common_eland,Epitheliochorial,Villous,https://www.sciencedirect.com/science/article/pii/S0143400480800130?,,,,,
Tragelaphus_scriptus,Artiodactyla,harnessed_bushbuck,Epitheliochorial,Villous,http://www.vivo.colostate.edu/hbooks/pathphys/reprod/placenta/structure.html,,,,,
Tragelaphus_spekii,Artiodactyla,sitatunga,Epitheliochorial,Villous,http://placentation.ucsd.edu/sita.html,,,,,
Tragelaphus_strepsiceros,Artiodactyla,greater_kudu,Epitheliochorial,Villous,,,,,,
Tragulus_javanicus,Artiodactyla,Java_mouse-deer,Epitheliochorial,Villous,http://placentation.ucsd.edu/chevro.htm,,,,,
Tragulus_napu,Artiodactyla,greater_mouse-deer,Epitheliochorial,Villous,http://placentation.ucsd.edu/chevro.htm,,,,,
Vicugna_pacos,Artiodactyla,huacayan_alpaca,Epitheliochorial,Villous,https://www.sciencedirect.com/science/article/pii/S0143400480800130?,,,,,
Vicugna_vicugna,Artiodactyla,vicua,Epitheliochorial,Villous,https://www.sciencedirect.com/science/article/pii/S0143400480800130?,,,,,
Acinonyx_jubatus,Carnivora,cheetah,Endotheliochorial,Labyrinthine,https://www.sciencedirect.com/science/article/pii/S0143400409004093?via%3Dihub,,,,,
Ailuropoda_melanoleuca,Carnivora,giant_panda,Endotheliochorial,Labyrinthine,https://placentation.ucsd.edu/panda.html,,,,,
Ailurus_fulgens,Carnivora,red_panda,Endotheliochorial,Labyrinthine,http://placentation.ucsd.edu/panda.html,,,,,
Aonyx_capensis,Carnivora,African_clawless otter,Endotheliochorial,Labyrinthine,,,,,,
Aonyx_cinerea,Carnivora,Asian_small-clawed otter,Endotheliochorial,Labyrinthine,http://placentation.ucsd.edu/clotter.htm,,,,,
Aonyx_cinereus,Carnivora,Asian_small-clawed otter,Endotheliochorial,Labyrinthine,http://placentation.ucsd.edu/clotter.htm,,,,,
Arctictis_binturong,Carnivora,binturong,Endotheliochorial,Labyrinthine,,,,,,
Arctocephalus_pusillus,Carnivora,brown_fur seal,Endotheliochorial,Labyrinthine,https://placentation.ucsd.edu/seal.htm,,,,,
Arctocephalus_townsendi,Carnivora,Guadalupe_fur seal,Endotheliochorial,Labyrinthine,https://placentation.ucsd.edu/seal.htm,,,,,
Bassariscus_astutus,Carnivora,ringtail,Endotheliochorial,Labyrinthine,https://pmc.ncbi.nlm.nih.gov/articles/PMC7148636/,,,,,
Bassariscus_sumichrasti,Carnivora,cacomistle,Endotheliochorial,Labyrinthine,https://pmc.ncbi.nlm.nih.gov/articles/PMC7148636/,,,,,
Bradypus_griseus,Carnivora,sloth_bear,Endotheliochorial,Labyrinthine,https://reader.elsevier.com/reader/sd/pii/S0143400409002677?token=CBB6917B39312A819CF69AD406870D174F53F797C1E1015D52E398EFC3415864BF09E79BD1812806D1D626693A8344D24,,,,,
Callorhinus_ursinus,Carnivora,northern_fur seal,Endotheliochorial,Labyrinthine,https://placentation.ucsd.edu/seal.htm,,,,,
Canis_latrans,Carnivora,coyote,Endotheliochorial,Labyrinthine,https://vivo.colostate.edu/hbooks/pathphys/reprod/placenta/dog_cat.html?,,,,,
Canis_lupus,Carnivora,wolf,Endotheliochorial,Labyrinthine,https://vivo.colostate.edu/hbooks/pathphys/reprod/placenta/dog_cat.html?,,,,,
Canis_mesomelas,Carnivora,black-backed_jackal,Endotheliochorial,Labyrinthine,https://vivo.colostate.edu/hbooks/pathphys/reprod/placenta/dog_cat.html?,,,,,
Canis_rufus,Carnivora,red_wolf,Endotheliochorial,Labyrinthine,https://vivo.colostate.edu/hbooks/pathphys/reprod/placenta/dog_cat.html?,,,,,
Caracal_caracal,Carnivora,caracal,Endotheliochorial,Labyrinthine,https://journals.co.za/doi/abs/10.10520/AJA00445096_1043,,,,,
Chrysocyon_brachyurus,Carnivora,maned_wolf,Endotheliochorial,Labyrinthine,,,,,,
Conepatus_semistriatus,Carnivora,striped_hog-nosed skunk,Endotheliochorial,Labyrinthine,,,,,,
Crocuta_crocuta,Carnivora,spotted_hyena,Hemochorial,Labyrinthine,https://pubmed.ncbi.nlm.nih.gov/17108685/,,,,,
Crossarchus_obscurus,Carnivora,common_kusimanse,Endotheliochorial,Labyrinthine,,,,,,
Cryptoprocta_ferox,Carnivora,fossa,Endotheliochorial,Labyrinthine,,,,,,
Cystophora_cristata,Carnivora,hooded_seal,Endotheliochorial,Labyrinthine,https://www.int-res.com/abstracts/dao/v106/n3/p187-196/,,,,,
Eira_barbara,Carnivora,tayra,Endotheliochorial,Labyrinthine,,,,,,
Enhydra_lutris,Carnivora,sea_otter,Endotheliochorial,Labyrinthine,http://placentation.ucsd.edu/seaotter.htm,,,,,
Eumetopias_jubatus,Carnivora,Steller_sea lion,Endotheliochorial,Labyrinthine,,,,,,
Felis_catus,Carnivora,cat,Endotheliochorial,Labyrinthine,http://placentation.ucsd.edu/cat.html,,,,,
Felis_chaus,Carnivora,jungle_cat,Endotheliochorial,Labyrinthine,,,,,,
Felis_margaritaat,Carnivora,sand_cat,Endotheliochorial,Labyrinthine,,,,,,
Felis_nigripes,Carnivora,black-footed_cat,Endotheliochorial,Labyrinthine,,,,,,
Felis_silvestris,Carnivora,European_wildcat,Endotheliochorial,Labyrinthine,,,,,,
Genetta_tigrina,Carnivora,Cape_genet,Endotheliochorial,Labyrinthine,,,,,,
Gulo_gulo,Carnivora,wolverine,Endotheliochorial,Labyrinthine,,,,,,
Halichoerus_grypus,Carnivora,grey_seal,Endotheliochorial,Labyrinthine,https://rep.bioscientifica.com/view/journals/rep/72/2/jrf_72_2_035.xml,,,,,
Helarctos_malayanus,Carnivora,sun_bear,Endotheliochorial,Labyrinthine,https://perinataldiscovery.ucsd.edu/comparative-placentation/species-index/mammalia/order-carnivora/sloth-bear/index.html?,,,,,
Helogale_hirtula,Carnivora,Ethiopian_dwarf mongoose,Endotheliochorial,Labyrinthine,https://perinataldiscovery.ucsd.edu/comparative-placentation/species-index/mammalia/order-carnivora/south-african-meerkat/index.html,,,,,
Hemigalus_derbyanus,Carnivora,banded_palm civet,Endotheliochorial,Labyrinthine,,,,,,
Hyaena_brunnea,Carnivora,brown_hyena,Endotheliochorial,Labyrinthine,,,,,,
Hyaena_hyaena,Carnivora,striped_hyena,Endotheliochorial,Labyrinthine,,,,,,
Hydrictis_maculicollis,Carnivora,spotted-necked_otter,Endotheliochorial,Labyrinthine,,,,,,
Hydrurga_leptonyx,Carnivora,leopard_seal,Endotheliochorial,Labyrinthine,https://reader.elsevier.com/reader/sd/pii/S0143400409002677?token=CBB6917B39312A819CF69AD406870D174F53F797C1E1015D52E398EFC3415864BF09E79BD1812806D1D626693A8344D91,,,,,
Leopardus_geoffroyi,Carnivora,Geoffroy's_cat,Endotheliochorial,Labyrinthine,,,,,,
Leopardus_pajeros,Carnivora,Pampas_cat,Endotheliochorial,Labyrinthine,,,,,,
Leopardus_pardalis,Carnivora,ocelot,Endotheliochorial,Labyrinthine,https://placentation.ucsd.edu/tiger.html?,,,,,
Leopardus_wiedii,Carnivora,margay,Endotheliochorial,Labyrinthine,https://books.google.com/books?id=0mmQDwAAQBAJ&pg=PA202&lpg=PA202&dq=margay+placenta&source=bl&ots=_wRnuhoQDV&sig=ACfU3U3Ujc6go9Yd84NAOqiMTtAhJaLK8Q&hl=en&sa=X&ved=2ahUKEwj7vsak1_nkAhWFpp4KHVadD8c4ChDoATAGegQICRAC#v=onepage&q=margay%20placenta&f=false (page 202),,,,,
Leptailurus_serval,Carnivora,serval,Endotheliochorial,Labyrinthine,,,,,,
Leptonychotes_weddellii,Carnivora,Weddell_seal,Endotheliochorial,Labyrinthine,https://reader.elsevier.com/reader/sd/pii/S0143400409002677?token=CBB6917B39312A819CF69AD406870D174F53F797C1E1015D52E398EFC3415864BF09E79BD1812806D1D626693A8344D90,,,,,
Lobodon_carcinophagus,Carnivora,crabeater_seal,Endotheliochorial,Labyrinthine,https://reader.elsevier.com/reader/sd/pii/S0143400409002677?token=CBB6917B39312A819CF69AD406870D174F53F797C1E1015D52E398EFC3415864BF09E79BD1812806D1D626693A8344D89,,,,,
Lontra_canadensis,Carnivora,North_American river otter,Endotheliochorial,Labyrinthine,https://perinataldiscovery.ucsd.edu/comparative-placentation/species-index/mammalia/order-carnivora/sea-otter/index.html,,,,,
Lutra_cinerea,Carnivora,Asian_small-clawed otter,Endotheliochorial,Labyrinthine,https://placentation.ucsd.edu/clotter.htm?,,,,,
Lycaon_pictus,Carnivora,African_wild dog,Endotheliochorial,Labyrinthine,,,,,,
Lynx_canadensis,Carnivora,Canada_lynx,Endotheliochorial,Labyrinthine,,,,,,
Lynx_lynx,Carnivora,Eurasian_lynx,Endotheliochorial,Labyrinthine,,,,,,
Lynx_rufus,Carnivora,bobcat,Endotheliochorial,Labyrinthine,,,,,,
Martes_americana,Carnivora,American_pine marten,Endotheliochorial,Labyrinthine,,,,,,
Martes_zibellina,Carnivora,sable,Endotheliochorial,Labyrinthine,http://www.vivo.colostate.edu/hbooks/pathphys/reprod/placenta/structure.html,,,,,
Melursus_ursinus,Carnivora,sloth_bear,Hemochorial,Labyrinthine,http://placentation.ucsd.edu/slbear.htm,,,,,
Mirounga_angustirostris,Carnivora,northern_elephant seal,Endotheliochorial,Labyrinthine,,,,,,
Mungos_mungo,Carnivora,banded_mongoose,Endotheliochorial,Labyrinthine,,,,,,
Mustela_putorius,Carnivora,European_polecat,Endotheliochorial,Labyrinthine,https://onlinelibrary.wiley.com/doi/full/10.1111/j.1439-0531.2008.01155.x?,,,,,
Mustela_vison,Carnivora,American_mink,Endotheliochorial,Labyrinthine,https://reader.elsevier.com/reader/sd/pii/S0143400409002677?token=CBB6917B39312A819CF69AD406870D174F53F797C1E1015D52E398EFC3415864BF09E79BD1812806D1D626693A8344D83,,,,,
Myocastor_coypus,Carnivora,coypu,Endotheliochorial,Labyrinthine,https://placentation.ucsd.edu/nutria.html?,,,,,
Nandinia_binotata,Carnivora,African_palm civet,Endotheliochorial,Labyrinthine,,,,,,
Nasua_narica,Carnivora,white-nosed_coati,Endotheliochorial,Labyrinthine,http://placentation.ucsd.edu/nasua.html,,,,,
Nasua_nasua,Carnivora,South_American coati,Endotheliochorial,Labyrinthine,http://placentation.ucsd.edu/nasua.html,,,,,
Neofelis_nebulosa,Carnivora,clouded_leopard,Endotheliochorial,Labyrinthine,,,,,,
Neovison_vison,Carnivora,American_mink,Endotheliochorial,Labyrinthine,,,,,,
Odobenus_rosmarus,Carnivora,walrus,Endotheliochorial,Labyrinthine,http://placentation.ucsd.edu/walrusfs.htm,,,,,
Otaria_flavescens,Carnivora,South_American sea lion,Endotheliochorial,Labyrinthine,,,,,,
Otocolobus_manul,Carnivora,Pallas's_cat,Endotheliochorial,Labyrinthine,,,,,,
Otocyon_megalotis,Carnivora,bat-eared_fox,Endotheliochorial,Labyrinthine,https://www.sciencedirect.com/topics/agricultural-and-biological-sciences/bat-eared-fox?,,,,,
Panthera_leo,Carnivora,lion,Endotheliochorial,Labyrinthine,http://placentation.ucsd.edu/lionfs.htm,,,,,
Panthera_onca,Carnivora,jaguar,Endotheliochorial,Labyrinthine,,,,,,
Panthera_tigris,Carnivora,tiger,Endotheliochorial,Labyrinthine,https://reader.elsevier.com/reader/sd/pii/S0143400409002677?token=CBB6917B39312A819CF69AD406870D174F53F797C1E1015D52E398EFC3415864BF09E79BD1812806D1D626693A8344D58,,,,,
Panthera_uncia,Carnivora,snow_leopard,Endotheliochorial,Labyrinthine,,,,,,
Paradoxurus_hermaphroditus,Carnivora,Asian_palm civet,Endotheliochorial,Labyrinthine,https://reader.elsevier.com/reader/sd/pii/S0143400409002677?token=CBB6917B39312A819CF69AD406870D174F53F797C1E1015D52E398EFC3415864BF09E79BD1812806D1D626693A8344D137,,,,,
Pekania_pennanti,Carnivora,fisher,Endotheliochorial,Labyrinthine,,,,,,
Phoca_largha,Carnivora,spotted_seal,Endotheliochorial,Labyrinthine,http://placentation.ucsd.edu/seal.htm,,,,,
Phoca_vitulina,Carnivora,harbor_seal,Endotheliochorial,Labyrinthine,,,,,,
Poecilogale_albinucha,Carnivora,African_striped weasel,Endotheliochorial,Labyrinthine,,,,,,
Potos_flavus,Carnivora,kinkajou,Endotheliochorial,Labyrinthine,,,,,,
Prionailurus_bengalensis),Carnivora,leopard_cat,Endotheliochorial,Labyrinthine,,,,,,
Prionailurus_viverrinus,Carnivora,fishing_cat,Endotheliochorial,Labyrinthine,,,,,,
Procyon_lotor,Carnivora,raccoon,Endotheliochorial,Labyrinthine,,,,,,
Proteles_cristata,Carnivora,aardwolf,Endotheliochorial,Labyrinthine,http://www.vivo.colostate.edu/hbooks/pathphys/reprod/placenta/structure.html,,,,,
Pteronura_brasiliensis,Carnivora,giant_otter,Endotheliochorial,Labyrinthine,,,,,,
Puma_concolor,Carnivora,cougar,Endotheliochorial,Labyrinthine,,,,,,
Puma_yagouaroundi,Carnivora,jaguarundi,Endotheliochorial,Labyrinthine,,,,,,
Pusa_hispida,Carnivora,ringed_seal,Endotheliochorial,Labyrinthine,,,,,,
Speothos_venaticus,Carnivora,bush_dog,Endotheliochorial,Labyrinthine,,,,,,
Spilogale_pygmaea,Carnivora,pygmy_spotted skunk,Endotheliochorial,Labyrinthine,,,,,,
Suricata_suricatta,Carnivora,meerkat,Endotheliochorial,Labyrinthine,,,,,,
Taxidea_taxus,Carnivora,American_badger,Endotheliochorial,Labyrinthine,http://www.vivo.colostate.edu/hbooks/pathphys/reprod/placenta/structure.html,,,,,
Tremarctos_ornatus,Carnivora,spectacled_bear,Endotheliochorial,Labyrinthine,https://www.ncbi.nlm.nih.gov/pubmed/6721184,,,,,
Uncia_uncia,Carnivora,snow_leopard,Endotheliochorial,Labyrinthine,,,,,,
Urocyon_cinereoargenteus,Carnivora,gray_fox,Endotheliochorial,Labyrinthine,,,,,,
Urocyon_littoralis,Carnivora,island_fox,Endotheliochorial,Labyrinthine,,,,,,
Ursus_americanus,Carnivora,American_black bear,Endotheliochorial,Labyrinthine,,,,,,
Ursus_arctos,Carnivora,brown_bear,Endotheliochorial,Labyrinthine,,,,,,
Ursus_maritimus,Carnivora,polar_bear,Endotheliochorial,Labyrinthine,http://www.vivo.colostate.edu/hbooks/pathphys/reprod/placenta/structure.html,,,,,
Ursus_thibetanus,Carnivora,Asian_black bear,Endotheliochorial,Labyrinthine,,,,,,
Viverra_civettina,Carnivora,Malabar_large-spotted civet,Endotheliochorial,Labyrinthine,https://reader.elsevier.com/reader/sd/pii/S0143400409002677?token=CBB6917B39312A819CF69AD406870D174F53F797C1E1015D52E398EFC3415864BF09E79BD1812806D1D626693A8344D136,,,,,
Viverricula_indica,Carnivora,small_Indian civet,Endotheliochorial,Labyrinthine,,,,,,
Vulpes_lagopus,Carnivora,Arctic_fox,Endotheliochorial,Labyrinthine,,,,,,
Vulpes_macrotis,Carnivora,kit_fox,Endotheliochorial,Labyrinthine,,,,,,
Vulpes_velox,Carnivora,swift_fox,Endotheliochorial,Labyrinthine,,,,,,
Vulpes_vulpes,Carnivora,red_fox,Endotheliochorial,Labyrinthine,,,,,,
Vulpes_zerda,Carnivora,fennec_fox,Endotheliochorial,Labyrinthine,,,,,,
Zalophus_californianus,Carnivora,California_sea lion,Endotheliochorial,Labyrinthine,,,,,,
Delphinapterus_leucas,Cetacea,beluga_whale,Epitheliochorial,Villous,,,,,,
Delphinus_delphis,Cetacea,short-beaked_common dolphin,Epitheliochorial,Villous,,,,,,
Orcinus_orca,Cetacea,killer_whale,Epitheliochorial,Villous,http://placentation.ucsd.edu/killerwhale.htm,,,,,
Phocoena_phocoena,Cetacea,harbour_porpoise,Epitheliochorial,Villous,,,,,,
Sotalia_fluviatilis,Cetacea,tucuxi,Epitheliochorial,Villous,https://www.ncbi.nlm.nih.gov/pubmed/17597550,,,,,
Stenella_coeruleoalba,Cetacea,striped_dolphin,Epitheliochorial,Villous,,,,,,
Tasmacetus_shepherdi,Cetacea,Shepherd's_beaked whale,Epitheliochorial,Villous,,,,,,
Tursiops_truncatus,Cetacea,common_bottlenose dolphin,Epitheliochorial,Villous,,,,,,
Tragelaphus_sylvaticus,Cetartiodactyla,Cape_bushbuck,Epitheliochorial,Villous,https://www.ncbi.nlm.nih.gov/pubmed/16712927,,,,,
Acerodon_jubatus,Chiroptera,giant_golden-crowned flying fox,Hemochorial,Labyrinthine,https://onlinelibrary.wiley.com/doi/epdf/10.1002/jez.b.21216,,,,,
Acerodon_lucifer,Chiroptera,giant_golden-crowned flying fox,Hemochorial,Labyrinthine,,,,,,
Artibeus_jamaicensis,Chiroptera,Mexican_fruit bat,Endotheliochorial,Labyrinthine,,,,,,
Artibeus_lituratus,Chiroptera,great_fruit-eating bat,Endotheliochorial,Labyrinthine,,,,,,
Carollia_perspicillata,Chiroptera,Seba's_short-tailed bat,Endotheliochorial,Labyrinthine,,,,,,
Chaerephon_plicata,Chiroptera,wrinkle-lipped_free-tailed bat,Hemochorial,Labyrinthine,https://reader.elsevier.com/reader/sd/pii/S0143400409002677?token=CBB6917B39312A819CF69AD406870D174F53F797C1E1015D52E398EFC3415864BF09E79BD1812806D1D626693A8344D77,,,,,
Chrotopterus_auritus,Chiroptera,big-eared_woolly bat,Endotheliochorial,Labyrinthine,,,,,,
Cynopterus_sphinx,Chiroptera,greater_short-nosed fruit bat,Hemochorial,Labyrinthine,https://reader.elsevier.com/reader/sd/pii/S0143400409002677?token=CBB6917B39312A819CF69AD406870D174F53F797C1E1015D52E398EFC3415864BF09E79BD1812806D1D626693A8344D95,,,,,
Desmodus_rotundus,Chiroptera,common_vampire bat,Endotheliochorial,Labyrinthine,,,,,,
Epomophorus_wahlbergi,Chiroptera,Wahlberg's_epauletted fruit bat,Hemochorial,Labyrinthine,,,,,,
Furipterus_horrens,Chiroptera,thumbless_bat,Hemochorial,Labyrinthine,https://reader.elsevier.com/reader/sd/pii/S0143400409002677?token=CBB6917B39312A819CF69AD406870D174F53F797C1E1015D52E398EFC3415864BF09E79BD1812806D1D626693A8344D59,,,,,
Glossophaga_soricina,Chiroptera,Pallas's_long-tongued bat,Endotheliochorial,Labyrinthine,https://link.springer.com/article/10.1007/BF03050914,,,,,
Leptonycteris_nivalis,Chiroptera,greater_long-nosed bat,Endotheliochorial,Labyrinthine,,,,,,
Leptonycteris_yerbabuenae,Chiroptera,lesser_long-nosed bat,Endotheliochorial,Labyrinthine,,,,,,
Macrotus_californicus,Chiroptera,California_leaf-nosed bat,Hemochorial,Labyrinthine,https://onlinelibrary.wiley.com/doi/epdf/10.1002/ar.1091820208,,,,,
Megaderma_lyra,Chiroptera,greater_false vampire bat,Hemochorial,Labyrinthine,https://reader.elsevier.com/reader/sd/pii/S0143400409002677?token=CBB6917B39312A819CF69AD406870D174F53F797C1E1015D52E398EFC3415864BF09E79BD1812806D1D626693A8344D75,,,,,
Miniopterns_schreibersi,Chiroptera,common_bent-wing bat,Hemochorial,Labyrinthine,https://reader.elsevier.com/reader/sd/pii/S0143400409002677?token=CBB6917B39312A819CF69AD406870D174F53F797C1E1015D52E398EFC3415864BF09E79BD1812806D1D626693A8344D135,,,,,
Molossus_ater,Chiroptera,black_mastiff bat,Hemochorial,Labyrinthine,https://reader.elsevier.com/reader/sd/pii/S0143400409002677?token=CBB6917B39312A819CF69AD406870D174F53F797C1E1015D52E398EFC3415864BF09E79BD1812806D1D626693A8344D76,,,,,
Mormoops_megalophylla,Chiroptera,ghost-faced_bat,Hemochorial,Labyrinthine,https://reader.elsevier.com/reader/sd/pii/S0143400409002677?token=CBB6917B39312A819CF69AD406870D174F53F797C1E1015D52E398EFC3415864BF09E79BD1812806D1D626693A8344D80,,,,,
Myotis_lucifugus,Chiroptera,little_brown bat,Hemochorial,Labyrinthine,https://reader.elsevier.com/reader/sd/pii/S0143400409002677?token=CBB6917B39312A819CF69AD406870D174F53F797C1E1015D52E398EFC3415864BF09E79BD1812806D1D626693A8344D134,,,,,
Myzopoda_aurita,Chiroptera,Madagascar_sucker-footed bat,Endotheliochorial,Labyrinthine,https://reader.elsevier.com/reader/sd/pii/S0143400409002677?token=CBB6917B39312A819CF69AD406870D174F53F797C1E1015D52E398EFC3415864BF09E79BD1812806D1D626693A8344D85,,,,,
Natalus_tumidirostris,Chiroptera,Trinidadian_funnel-eared bat,Endotheliochorial,Labyrinthine,https://reader.elsevier.com/reader/sd/pii/S0143400409002677?token=CBB6917B39312A819CF69AD406870D174F53F797C1E1015D52E398EFC3415864BF09E79BD1812806D1D626693A8344D86,,,,,
Phyllostomus_discolor,Chiroptera,pale_spear-nosed bat,Endotheliochorial,Labyrinthine,,,,,,
Pteronotus_davyi,Chiroptera,Davy's_(lesser) naked-backed bat,Hemochorial,Labyrinthine,https://reader.elsevier.com/reader/sd/pii/S0143400409002677?token=CBB6917B39312A819CF69AD406870D174F53F797C1E1015D52E398EFC3415864BF09E79BD1812806D1D626693A8344D79,,,,,
Pteronotus_parnellii,Chiroptera,Parnell's_mustached bat,Hemochorial,Labyrinthine,https://reader.elsevier.com/reader/sd/pii/S0143400409002677?token=CBB6917B39312A819CF69AD406870D174F53F797C1E1015D52E398EFC3415864BF09E79BD1812806D1D626693A8344D78,,,,,
Pteropus_giganteus,Chiroptera,Indian_flying fox,Hemochorial,Labyrinthine,https://www.researchgate.net/publication/230228374_Development_and_placentation_of_the_Indian_fruit_bat_Pteropus_giganteus_giganteus_Brunnich,,,,,
Pteropus_hypomelanus,Chiroptera,small_flying fox,Hemochorial,Labyrinthine,https://journals.plos.org/plosone/article?id=10.1371/journal.pone.0067584,,,,,
Pteropus_poliocephalus,Chiroptera,grey-headed_flying fox,Hemochorial,Labyrinthine,,,,,,
Pteropus_rodricensis,Chiroptera,Rodrigues_flying fox,Hemochorial,Labyrinthine,,,,,,
Rhinolophus_rouxii,Chiroptera,rufous_horseshoe bat,Endotheliochorial,Labyrinthine,https://reader.elsevier.com/reader/sd/pii/S0143400409002677?token=CBB6917B39312A819CF69AD406870D174F53F797C1E1015D52E398EFC3415864BF09E79BD1812806D1D626693A8344D96,,,,,
Rhinopoma_hardwickei,Chiroptera,esser_mouse-tailed bat,Endotheliochorial,Labyrinthine,https://reader.elsevier.com/reader/sd/pii/S0143400409002677?token=CBB6917B39312A819CF69AD406870D174F53F797C1E1015D52E398EFC3415864BF09E79BD1812806D1D626693A8344D97,,,,,
Rousettus_aegyptiacus,Chiroptera,Egyptian_fruit bat,Hemochorial,Labyrinthine,,,,,,
Rousettus_lanosus,Chiroptera,long-haired_rousette,Hemochorial,Labyrinthine,,,,,,
Rousettus_leschenaulti,Chiroptera,Leschenault's_rousette,Hemochorial,Labyrinthine,https://reader.elsevier.com/reader/sd/pii/S0143400409002677?token=CBB6917B39312A819CF69AD406870D174F53F797C1E1015D52E398EFC3415864BF09E79BD1812806D1D626693A8344D94,,,,,
Saccopteryx_bilineata,Chiroptera,greater_sac-winged bat,Endotheliochorial,Labyrinthine,https://reader.elsevier.com/reader/sd/pii/S0143400409002677?token=CBB6917B39312A819CF69AD406870D174F53F797C1E1015D52E398EFC3415864BF09E79BD1812806D1D626693A8344D54,,,,,
Tadarida_brasiliensis,Chiroptera,Mexican_free-tailed bat,Endotheliochorial,Labyrinthine,http://placentation.ucsd.edu/freetailedbat.htm,,,,,
Taphozous_melanopogon,Chiroptera,black-bearded_tomb bat,Endotheliochorial,Labyrinthine,https://reader.elsevier.com/reader/sd/pii/S0143400409002677?token=CBB6917B39312A819CF69AD406870D174F53F797C1E1015D52E398EFC3415864BF09E79BD1812806D1D626693A8344D53,,,,,
Thyroptera_tricolor,Chiroptera,Spixs_disk-winged bat,Hemochorial,Labyrinthine,https://reader.elsevier.com/reader/sd/pii/S0143400409002677?token=CBB6917B39312A819CF69AD406870D174F53F797C1E1015D52E398EFC3415864BF09E79BD1812806D1D626693A8344D124,,,,,
Chaetophractus_vellerosus,Cingulata,screaming_hairy armadillo,Hemochorial,Trabecular,https://www.ncbi.nlm.nih.gov/pmc/articles/PMC3447719/,,,,,
Chaetophractus_villosus,Cingulata,big_hairy armadillo,Hemochorial,Trabecular,https://reader.elsevier.com/reader/sd/pii/S0143400409002677?token=CBB6917B39312A819CF69AD406870D174F53F797C1E1015D52E398EFC3415864BF09E79BD1812806D1D626693A8344D47,,,,,
Dasypus_hybridus,Cingulata,southern_long-nosed armadillo,Hemochorial,Trabecular,https://reader.elsevier.com/reader/sd/pii/S0143400409002677?token=CBB6917B39312A819CF69AD406870D174F53F797C1E1015D52E398EFC3415864BF09E79BD1812806D1D626693A8344D46,,,,,
Dasypus_novemcinctus,Cingulata,nine-banded_armadillo,Hemochorial,Trabecular,http://placentation.ucsd.edu/arm.html,,,,,
Euphractus_sexcinctus,Cingulata,six-banded_armadillo,Hemochorial,Trabecular,https://zoologicalletters.biomedcentral.com/articles/10.1186/s40851-016-0048-1?,,,,,
Tolypeutes_tricinctus,Cingulata,Brazilian_three-banded armadillo,Endotheliochorial,Trabecular,http://placentation.ucsd.edu/3bandedarmadillofs.htm,,,,,
Cynocephalus_volans,Dermoptera,Philippine_flying lemur,Hemochorial,Labyrinthine,https://reader.elsevier.com/reader/sd/pii/S0143400409002677?token=CBB6917B39312A819CF69AD406870D174F53F797C1E1015D52E398EFC3415864BF09E79BD1812806D1D626693A8344D45,,,,,
Atelerix_albiventris,Erinaceomorpha,four-toed_hedgehog,Hemochorial,Labyrinthine,https://onlinelibrary.wiley.com/doi/pdf/10.1002/jmor.20289,,,,,
Erinaceus_europaeus,Erinaceomorpha,European_hedgehog,Hemochorial,Labyrinthine,https://www.sciencedirect.com/science/article/pii/S014340041630529X,,,,,
Blarina_brevicauda,Eulipotyphla,northern_short-tailed shrew,Hemochorial,Labyrinthine,https://reader.elsevier.com/reader/sd/pii/S0143400409002677?token=CBB6917B39312A819CF69AD406870D174F53F797C1E1015D52E398EFC3415864BF09E79BD1812806D1D626693A8344D113,,,,,
Scalopus_aquaticus,Eulipotyphla,common_mole,Hemochorial,Labyrinthine,https://onlinelibrary.wiley.com/doi/10.1002/aja.1001070303,,,,,
Solenodon_paradoxus,Eulipotyphla,Hispaniolan_solenodon,Hemochorial,Labyrinthine,https://reader.elsevier.com/reader/sd/pii/S0143400409002677?token=CBB6917B39312A819CF69AD406870D174F53F797C1E1015D52E398EFC3415864BF09E79BD1812806D1D626693A8344D108,,,,,
Sorex_araneus,Eulipotyphla,common_shrew,Hemochorial,Labyrinthine,https://reader.elsevier.com/reader/sd/pii/S0143400409002677?token=CBB6917B39312A819CF69AD406870D174F53F797C1E1015D52E398EFC3415864BF09E79BD1812806D1D626693A8344D112,,,,,
Sorex_fumeus,Eulipotyphla,smoky_shrew,Hemochorial,Labyrinthine,https://reader.elsevier.com/reader/sd/pii/S0143400409002677?token=CBB6917B39312A819CF69AD406870D174F53F797C1E1015D52E398EFC3415864BF09E79BD1812806D1D626693A8344D111,,,,,
Sorex_minutus,Eulipotyphla,Eurasian_pygmy shrew,Hemochorial,Labyrinthine,https://reader.elsevier.com/reader/sd/pii/S0143400409002677?token=CBB6917B39312A819CF69AD406870D174F53F797C1E1015D52E398EFC3415864BF09E79BD1812806D1D626693A8344D110,,,,,
Suncus_murinus,Eulipotyphla,Asian_house shrew,Hemochorial,Labyrinthine,https://reader.elsevier.com/reader/sd/pii/S0143400409002677?token=CBB6917B39312A819CF69AD406870D174F53F797C1E1015D52E398EFC3415864BF09E79BD1812806D1D626693A8344D109,,,,,
Talpa_europaea,Eulipotyphla,European_mole,Endotheliochorial,Labyrinthine,https://reader.elsevier.com/reader/sd/pii/S0143400409002677?token=CBB6917B39312A819CF69AD406870D174F53F797C1E1015D52E398EFC3415864BF09E79BD1812806D1D626693A8344D115,,,,,
Heterohyrax_brucei,Hyracoidea,yellow-spotted_rock hyrax,Hemochorial,Labyrinthine,,,,,,
Procavia_capensis,Hyracoidea,rock_hyrax,Hemochorial,Labyrinthine,,,,,,
Brachylagus_idahoensis,Lagomorpha,pygmy_rabbit,Hemochorial,Labyrinthine,https://greatbasin.wr.usgs.gov/docs/pyra_oliver_rpt2004.pdf,,,,,
Lepus_americanus,Lagomorpha,snowshoe_hare,Hemochorial,Labyrinthine,,,,,,
Ochotona_princeps,Lagomorpha,American_pika,Hemochorial,Labyrinthine,https://reader.elsevier.com/reader/sd/pii/S0143400409002677?token=CBB6917B39312A819CF69AD406870D174F53F797C1E1015D52E398EFC3415864BF09E79BD1812806D1D626693A8344D87,,,,,
Oryctolagus_cuniculus,Lagomorpha,European_rabbit,Hemochorial,Labyrinthine,,,,,,
Sylvilagus_aquaticus,Lagomorpha,swamp_rabbit,Hemochorial,Labyrinthine,,,,,,
Sylvilagus_audubonii,Lagomorpha,desert_cottontail,Hemochorial,Labyrinthine,,,,,,
Sylvilagus_floridanus,Lagomorpha,eastern_cottontail,Epitheliochorial,Labyrinthine,,,,,,
Sylvilagus_transitionalis,Lagomorpha,New_England cottontail,Hemochorial,Labyrinthine,,,,,,
Elephantulus_brachyrhynchus,Macroscelidea,short-snouted_elephant shrew,Hemochorial,Labyrinthine,https://books.google.com/books?id=yQzSe71g2AcC&pg=PA702&lpg=PA702&dq=Elephantulus+brachyrhynchus+placenta&source=bl&ots=lmr1jpn5EJ&sig=ACfU3U0YoCEQH4YQOzSyd1zk1KbtTw0Neg&hl=en&sa=X&ved=2ahUKEwjH4JekmIPlAhWFnp4KHQ6DAfMQ6AEwEXoECAoQAg#v=onepage&q=Elephantulus%20brachyrhynchus%20placenta&f=false,,,,,
Elephantulus_myurus,Macroscelidea,eastern_rock elephant shrew,Hemochorial,Labyrinthine,https://reader.elsevier.com/reader/sd/pii/S0143400409002677?token=CBB6917B39312A819CF69AD406870D174F53F797C1E1015D52E398EFC3415864BF09E79BD1812806D1D626693A8344D74,,,,,
Elephantulus_rufescens,Macroscelidea,rufous_elephant shrew,Hemochorial,Labyrinthine,https://reader.elsevier.com/reader/sd/pii/S0143400409002677?token=CBB6917B39312A819CF69AD406870D174F53F797C1E1015D52E398EFC3415864BF09E79BD1812806D1D626693A8344D73,,,,,
Macroscelides_proboscideus,Macroscelidea,round-eared_elephant shrew,Hemochorial,Labyrinthine,,,,,,
Petrodromus_tetradactylus,Macroscelidea,four-toed_elephant shrew,Hemochorial,Labyrinthine,https://reader.elsevier.com/reader/sd/pii/S0143400409002677?token=CBB6917B39312A819CF69AD406870D174F53F797C1E1015D52E398EFC3415864BF09E79BD1812806D1D626693A8344D71,,,,,
Rhynchocyon_chrysopygus,Macroscelidea,golden-rumped_elephant shrew,Hemochorial,Labyrinthine,https://reader.elsevier.com/reader/sd/pii/S0143400409002677?token=CBB6917B39312A819CF69AD406870D174F53F797C1E1015D52E398EFC3415864BF09E79BD1812806D1D626693A8344D72,,,,,
Rhynchocyon_petersi,Macroscelidea,black_and rufous elephant shrew,Hemochorial,Labyrinthine,http://placentation.ucsd.edu/elepshrew.htm,,,,,
Diceros_bicornis,Perissodactyla,hook-lipped_rhinoceros,Epitheliochorial,Villous,,,,,,
Ceratotherium_simum,Perissodactyla,white_rhinoceros,Epitheliochorial,Villous,http://placentation.ucsd.edu/wrhino.html,,,,,
Dicerorhinus_sumatrensis,Perissodactyla,Sumatran_rhinoceros,Epitheliochorial,Villous,,,,,,
Diceros_bicornis,Perissodactyla,black_rhinoceros,Epitheliochorial,Villous,http://placentation.ucsd.edu/blkrhino.htm,,,,,
Equus_africanus,Perissodactyla,African_wild donkey,Epitheliochorial,Villous,http://placentation.ucsd.edu/somal.htm,,,,,
Equus_asinus,Perissodactyla,Wild_ass,Epitheliochorial,Villous,,,,,,
Equus_burchellii,Perissodactyla,Burchell's_zebra,Epitheliochorial,Trabecular,https://reader.elsevier.com/reader/sd/pii/S0143400409002677?token=CBB6917B39312A819CF69AD406870D174F53F797C1E1015D52E398EFC3415864BF09E79BD1812806D1D626693A8344D57,,,,,
Equus_caballus,Perissodactyla,horse,Epitheliochorial,Trabecular,https://reader.elsevier.com/reader/sd/pii/S0143400409002677?token=CBB6917B39312A819CF69AD406870D174F53F797C1E1015D52E398EFC3415864BF09E79BD1812806D1D626693A8344D56,,,,,
Equus_ferus,Perissodactyla,wild_horse,Epitheliochorial,Villous,,,,,,
Equus_grevyi,Perissodactyla,Grvy's_zebra,Epitheliochorial,Villous,http://placentation.ucsd.edu/zeb.htm,,,,,
Equus_hemionus,Perissodactyla,onager,Epitheliochorial,Villous,http://placentation.ucsd.edu/kiang.html,,,,,
Equus_kiang,Perissodactyla,kiang,Epitheliochorial,Trabecular,https://reader.elsevier.com/reader/sd/pii/S0143400409002677?token=CBB6917B39312A819CF69AD406870D174F53F797C1E1015D52E398EFC3415864BF09E79BD1812806D1D626693A8344D55,,,,,
Equus_quagga,Perissodactyla,plains_zebra,Epitheliochorial,Villous,,,,,,
Equus_zebra,Perissodactyla,mountain_zebra,Epitheliochorial,Villous,http://placentation.ucsd.edu/zeb.htm,,,,,
Rhinoceros_unicornis,Perissodactyla,Indian_rhinoceros,Epitheliochorial,Villous,http://placentation.ucsd.edu/rhino.html,,,,,
Tapirus_bairdii,Perissodactyla,Baird's_tapir,Epitheliochorial,Villous,http://placentation.ucsd.edu/tapirfs.html,,,,,
Tapirus_indicus,Perissodactyla,Malayan_tapir,Epitheliochorial,Villous,http://placentation.ucsd.edu/tapirfs.html,,,,,
Tapirus_pinchaque,Perissodactyla,mountain_tapir,Epitheliochorial,Villous,,,,,,
Tapirus_terrestris,Perissodactyla,South_American tapir,Epitheliochorial,Trabecular,https://reader.elsevier.com/reader/sd/pii/S0143400409002677?token=CBB6917B39312A819CF69AD406870D174F53F797C1E1015D52E398EFC3415864BF09E79BD1812806D1D626693A8344D117,,,,,
Manis_tricuspis,Pholidota,tree_pangolin,Epitheliochorial,Villous,http://placentation.ucsd.edu/pangolinfs.htm,,,,,
Bradypus_pygmaeus,Pilosa,pygmy_three-toed sloth,Endotheliochorial,Trabecular,,,,,,
Bradypus_torquatus,Pilosa,maned_sloth,Endotheliochorial,Labyrinthine,https://reader.elsevier.com/reader/sd/pii/S0143400409002677?token=CBB6917B39312A819CF69AD406870D174F53F797C1E1015D52E398EFC3415864BF09E79BD1812806D1D626693A8344D25,,,,,
Bradypus_tridactylus,Pilosa,pale-throated_sloth,Endotheliochorial,Trabecular,http://placentation.ucsd.edu/sloth.htm,,,,,
Bradypus_variegatus,Pilosa,brown-throated_sloth,Endotheliochorial,Trabecular,,,,,,
Choloepus_didactylus,Pilosa,Linnaeus's_two-toed sloth,Endotheliochorial,Trabecular,http://placentation.ucsd.edu/chol.html,,,,,
Choloepus_hoffmanni,Pilosa,Hoffmann's_two-toed sloth,Endotheliochorial,Trabecular,http://placentation.ucsd.edu/chol.html,,,,,
Cyclopes_didactylus,Pilosa,silky_anteater,Hemochorial,Trabecular,https://reader.elsevier.com/reader/sd/pii/S0143400409002677?token=CBB6917B39312A819CF69AD406870D174F53F797C1E1015D52E398EFC3415864BF09E79BD1812806D1D626693A8344D44,,,,,
Myrmecophaga_tridactyla,Pilosa,giant_anteater,Hemochorial,Trabecular,http://placentation.ucsd.edu/antfs.htm,,,,,
Tamandua_tetradactyla,Pilosa,southern_tamandua,Hemochorial,Trabecular,https://reader.elsevier.com/reader/sd/pii/S0143400409002677?token=CBB6917B39312A819CF69AD406870D174F53F797C1E1015D52E398EFC3415864BF09E79BD1812806D1D626693A8344D84,,,,,
Allenopithecus_nigroviridis,Primates,Allen's_swamp monkey,Hemochorial,Labyrinthine,,,,,,
Allochrocebus_lhoesti,Primates,mountain_monkey,Hemochorial,Trabecular,,,,,,
Alouatta_caraya,Primates,black_howler,Hemochorial,Villous,,,,,,
Alouatta_palliata,Primates,mantled_howler,Hemochorial,Villous,http://placentation.ucsd.edu/howlerfs.htm,,,,,
Alouatta_seniculus,Primates,Colombian_red howler,Hemochorial,Trabecular,http://placentation.ucsd.edu/howler.html,,,,,
Aotus_trivirgatus,Primates,three-striped_night monkey,Hemochorial,Villous,,,,,,
Arctocebus_aureus,Primates,golden_angwantibo,Epitheliochorial,Villous,,,,,,
Ateles,Primates,Spider_monkey,Hemochorial,Villous,http://placentation.ucsd.edu/mon.html,,,,,
Ateles_fusciceps,Primates,black-headed_spider monkey,Hemochorial,Trabecular,http://placentation.ucsd.edu/mon.html,,,,,
Ateles_geoffroyi,Primates,Geoffroys_spider monkey,Hemochorial,Trabecular,http://placentation.ucsd.edu/mon.html,,,,,
Ateles_paniscus,Primates,red-faced_spider monkey,Hemochorial,Trabecular,http://placentation.ucsd.edu/mon.html,,,,,
Cacajao_calvus,Primates,bald_uakari,Hemochorial,Villous,,,,,,
Cacajao_melanocephalus,Primates,golden-backed_uakari,Hemochorial,Villous,,,,,,
Callicebus_donacophilus,Primates,white-eared_titi,Hemochorial,Villous,https://www.ncbi.nlm.nih.gov/pmc/articles/PMC3482116/,,,,,
Callicebus_modestus,Primates,Rio_Beni titi,Hemochorial,Villous,,,,,,
Callicebus_moloch,Primates,red-bellied_titi,Hemochorial,Villous,,,,,,
Callicebus_oenanthe,Primates,Rio_Mayo titi,Hemochorial,Villous,,,,,,
Callimico_goeldii,Primates,Goeldi's_marmoset,Hemochorial,Trabecular,,,,,,
Callithrix_geoffroyi,Primates,white-headed_marmoset,Hemochorial,Trabecular,,,,,,
Callithrix_jacchus,Primates,common_marmoset,Hemochorial,Trabecular,,,,,,
Callithrix_kuhlii,Primates,Wied's_marmoset,Hemochorial,Trabecular,https://www.ncbi.nlm.nih.gov/pmc/articles/PMC3482116/,,,,,
Callithrix_penicillata,Primates,black-tufted_marmoset,Hemochorial,Trabecular,,,,,,
Callithrix_pygmaea,Primates,pygmy_marmoset,Hemochorial,Trabecular,,,,,,
Cebuella_pygmaea,Primates,western_pygmy marmoset,Hemochorial,Trabecular,,,,,,
Cebus_albifrons,Primates,Humboldt's_white-fronted capuchin,Hemochorial,Trabecular,http://placentation.ucsd.edu/capuchin.htm,,,,,
Cebus_apella,Primates,tufted_capuchin,Hemochorial,Trabecular,http://placentation.ucsd.edu/capuchin.htm,,,,,
Cebus_capucinus,Primates,Colombian_white-faced capuchin,Hemochorial,Trabecular,http://placentation.ucsd.edu/capuchin.htm,,,,,
Cebus_imitator,Primates,Panamanian_white-faced capuchin,Hemochorial,Trabecular,,,,,,
Cercocebus_agilis,Primates,agile_mangabey,Hemochorial,Trabecular,,,,,,
Cercocebus_chrysogaster,Primates,golden-bellied_mangabey,Hemochorial,Trabecular,,,,,,
Cercocebus_torquatus,Primates,collared_mangabey,Hemochorial,Trabecular,https://www.ncbi.nlm.nih.gov/pmc/articles/PMC3482116/,,,,,
Cercopithecus_ascanius,Primates,red-tailed_monkey,Hemochorial,Trabecular,http://placentation.ucsd.edu/lesserspotnosedmonkey.htm,,,,,
Cercopithecus_cephus,Primates,moustached_guenon,Hemochorial,Trabecular,http://placentation.ucsd.edu/kolb.html,,,,,
Cercopithecus_diana,Primates,Diana_monkey,Hemochorial,Trabecular,http://placentation.ucsd.edu/kolb.html,,,,,
Cercopithecus_hamlyni,Primates,Hamlyn's_monkey,Hemochorial,Trabecular,http://placentation.ucsd.edu/kolb.html,,,,,
Cercopithecus_lhoesti,Primates,L'Hoest's_monkey,Hemochorial,Trabecular,,,,,,
Cercopithecus_mitis,Primates,blue_monkey,Hemochorial,Trabecular,http://placentation.ucsd.edu/kolb.html,,,,,
Cercopithecus_mona,Primates,mona_monkey,Hemochorial,Trabecular,http://placentation.ucsd.edu/lesserspotnosedmonkey.htm,,,,,
Cercopithecus_neglectus,Primates,De_Brazza's monkey,Hemochorial,Trabecular,,,,,,
Cercopithecus_nictitans,Primates,greater_spot-nosed monkey,Hemochorial,Trabecular,http://placentation.ucsd.edu/lesserspotnosedmonkey.htm,,,,,
Cercopithecus_petaurista,Primates,lesser_spot-nosed monkey,Hemochorial,Trabecular,http://placentation.ucsd.edu/lesserspotnosedmonkey.htm,,,,,
Cercopithecus_pogonias,Primates,crested_mona monkey,Hemochorial,Trabecular,,,,,,
Cheirogaleus_medius,Primates,fat-tailed_dwarf lemur,Epitheliochorial,Villous,,,,,,
Chlorocebus_aethiops,Primates,grivet,Hemochorial,Trabecular,,,,,,
Chlorocebus_pygerythrus,Primates,vervet_monkey,Hemochorial,Trabecular,,,,,,
Chlorocebus_sabaeus,Primates,green_monkey,Hemochorial,Trabecular,,,,,,
Colobus_angolensis,Primates,Angola_colobus,Hemochorial,Trabecular,http://placentation.ucsd.edu/colob.htm,,,,,
Colobus_guereza,Primates,mantled_guereza,Hemochorial,Trabecular,,,,,,
Daubentonia_madagascariensis,Primates,aye-aye,Epitheliochorial,Villous,,,,,,
Erythrocebus_patas,Primates,patas_monkey,Hemochorial,Trabecular,http://placentation.ucsd.edu/patas.html,,,,,
Eulemur_albifrons,Primates,white-headed_lemur,Epitheliochorial,Villous,,,,,,
Eulemur_collaris,Primates,collared_brown lemur,Epitheliochorial,Villous,http://placentation.ucsd.edu/brlemur.htm,,,,,
Eulemur_coronatus,Primates,crowned_lemur,Epitheliochorial,Villous,,,,,,
Eulemur_fulvus,Primates,common_brown lemur,Epitheliochorial,Villous,http://placentation.ucsd.edu/brlemur.htm,,,,,
Eulemur_macaco,Primates,black_lemur,Epitheliochorial,Villous,,,,,,
Eulemur_mongoz,Primates,mongoose_lemur,Epitheliochorial,Villous,,,,,,
Eulemur_rubriventer,Primates,red-bellied_lemur,Epitheliochorial,Villous,,,,,,
Eulemur_rufus,Primates,red_lemur,Epitheliochorial,Villous,,,,,,
Eulemur_sanfordi,Primates,Sanford's_brown lemur,Epitheliochorial,Villous,,,,,,
Galago_moholi,Primates,Mohol_bushbaby,Epitheliochorial,Villous,,,,,,
Galago_senegalensis,Primates,Senegal_bushbaby,Epitheliochorial,Villous,https://www.ncbi.nlm.nih.gov/pubmed/16174532,,,,,
Gorilla_gorilla,Primates,western_gorilla,Hemochorial,Villous,,,,,,
Hapalemur_alaotrensis,Primates,Lac_Alaotra bamboo lemur,Epitheliochorial,Villous,https://www.sciencedirect.com/topics/agricultural-and-biological-sciences/varecia,,,,,
Hapalemur_griseus,Primates,eastern_lesser bamboo lemur,Epitheliochorial,Villous,,,,,,
Homo_sapiens,Primates,Humans,Hemochorial,Villous,https://reader.elsevier.com/reader/sd/pii/S0143400409002677?token=CBB6917B39312A819CF69AD406870D174F53F797C1E1015D52E398EFC3415864BF09E79BD1812806D1D626693A8344D67,,,,,
Hylobates_agilis,Primates,agile_gibbon,Hemochorial,Villous,,,,,,
Hylobates_concolor,Primates,black_crested gibbon,Hemochorial,Villous,,,,,,
Hylobates_gabriellae,Primates,yellow-cheeked_crested gibbon,Hemochorial,Villous,,,,,,
Hylobates_hoolock,Primates,hoolock_gibbons,Hemochorial,Villous,,,,,,
Hylobates_lar,Primates,lar_gibbon,Hemochorial,Villous,,,,,,
Hylobates_leucogenys,Primates,northern_white-cheeked gibbon,Hemochorial,Villous,,,,,,
Hylobates_pileatus,Primates,pileated_gibbon,Hemochorial,Villous,http://www.vivo.colostate.edu/hbooks/pathphys/reprod/placenta/structure.html,,,,,
Indri_indri,Primates,indri,Epitheliochorial,Villous,https://reader.elsevier.com/reader/sd/pii/S0143400409002677?token=CBB6917B39312A819CF69AD406870D174F53F797C1E1015D52E398EFC3415864BF09E79BD1812806D1D626693A8344D69,,,,,
Lagothrix_cana,Primates,gray_woolly monkey,Hemochorial,Villous,http://placentation.ucsd.edu/woolly.htm,,,,,
Lagothrix_lagotricha,Primates,brown_woolly monkey,Hemochorial,Trabecular,http://placentation.ucsd.edu/woolly.htm,,,,,
Leontopithecus_chrysomelas,Primates,golden-headed_lion tamarin,Hemochorial,Trabecular,http://placentation.ucsd.edu/tam.html,,,,,
Leontopithecus_midas,Primates,lion_tamrin,Hemochorial,Trabecular,http://placentation.ucsd.edu/tam.html,,,,,
Leontopithecus_rosalia,Primates,golden_liontamarin,Hemochorial,Trabecular,http://placentation.ucsd.edu/tam.html,,,,,
Lophocebus_aterrimus,Primates,black_crested mangabey,Hemochorial,Villous,,,,,,
Loris_tardigradus,Primates,red_slender loris,Epitheliochorial,Villous,,,,,,
Macaca_fascicularis,Primates,crab-eating_macaque,Hemochorial,Trabecular,,,,,,
Macaca_fuscata,Primates,Japanese_macaque,Hemochorial,Trabecular,,,,,,
Macaca_mulatta,Primates,rhesus_macaque,Hemochorial,Trabecular,,,,,,
Macaca_nigra,Primates,Celebes_crested macaque,Hemochorial,Trabecular,http://placentation.ucsd.edu/macfs.html,,,,,
Macaca_radiata,Primates,bonnet_macaque,Hemochorial,Trabecular,,,,,,
Macaca_silenus,Primates,lion-tailed_macaque,Hemochorial,Trabecular,,,,,,
Mandrillus_sphinx,Primates,mandrill,Hemochorial,Trabecular,,,,,,
Microcebus_murinus,Primates,gray_mouse lemur,Epitheliochorial,Villous,,,,,,
Miopithecus_talapoin,Primates,Angolan_talapoin,Hemochorial,Trabecular,,,,,,
Mirza_coquereli,Primates,Coquerel's_giant mouse lemur,Epitheliochorial,Villous,,,,,,
Nasalis_larvatus,Primates,proboscis_monkey,Hemochorial,Trabecular,https://reader.elsevier.com/reader/sd/pii/S0143400409002677?token=CBB6917B39312A819CF69AD406870D174F53F797C1E1015D52E398EFC3415864BF09E79BD1812806D1D626693A8344D29,,,,,
Nomascus_gabriellae,Primates,olden-cheeked_crested gibbon,Hemochorial,Villous,,,,,,
Nycticebus_coucang,Primates,Sunda_slow loris,Epitheliochorial,Villous,,,,,,
Nycticebus_pygmaeus,Primates,pygmy_slow loris,Epitheliochorial,Villous,http://placentation.ucsd.edu/pygmylorisfs.htm,,,,,
Otolemur_crassicaudatus,Primates,brown_greater galago,Epitheliochorial,Villous,,,,,,
Otolemur_garnettii,Primates,northern_greater galago,Epitheliochorial,Villous,https://en.wikipedia.org/wiki/Northern_greater_galago,,,,,
Pan_paniscus,Primates,bonobo,Hemochorial,Villous,,,,,,
Pan_troglodytes,Primates,chimpanzee,Hemochorial,Villous,http://placentation.ucsd.edu/bono.html,,,,,
Papio_anubis,Primates,olive_baboon,Hemochorial,Trabecular,,,,,,
Papio_hamadryas,Primates,hamadryas_baboon,Hemochorial,Villous,,,,,,
Papio_papio,Primates,Guinea_baboon,Hemochorial,Trabecular,,,,,,
Perodicticus_potto,Primates,potto,Epitheliochorial,Villous,,,,,,
Pithecia_pithecia,Primates,white-faced_saki,Hemochorial,Villous,http://placentation.ucsd.edu/saki.html,,,,,
Pongo_abelii,Primates,Sumatran_orangutan,Hemochorial,Villous,,,,,,
Pongo_pygmaeus,Primates,Bornean_orangutan,Hemochorial,Villous,https://reader.elsevier.com/reader/sd/pii/S0143400409002677?token=CBB6917B39312A819CF69AD406870D174F53F797C1E1015D52E398EFC3415864BF09E79BD1812806D1D626693A8344D66,,,,,
Propithecus_coquereli,Primates,Coquerel'ssifaka,Epitheliochorial,Villous,http://placentation.ucsd.edu/coquerel_fs.htm,,,,,
Propithecus_diadema,Primates,diademed_sifaka,Hemochorial,Villous,,,,,,
Propithecus_tattersalli,Primates,golden-crowned_sifaka,Hemochorial,Villous,,,,,,
Propithecus_verreauxi,Primates,Verreaux's_sifaka,Epitheliochorial,Villous,http://placentation.ucsd.edu/coquerel_fs.htm,,,,,
Pygathrix_nemaeus,Primates,red-shanked_douc,Hemochorial,Trabecular,http://placentation.ucsd.edu/douc.html,,,,,
Saguinus_bicolor,Primates,pied_tamarin,Hemochorial,Trabecular,http://www.vivo.colostate.edu/hbooks/pathphys/reprod/placenta/structure.html,,,,,
Saguinus_fuscicollis,Primates,brown-mantled_tamarin,Hemochorial,Trabecular,,,,,,
Saguinus_geoffroyi,Primates,Geoffroy's_tamarin,Hemochorial,Trabecular,,,,,,
Saguinus_imperator,Primates,emperor_tamarin,Hemochorial,Trabecular,,,,,,
Saguinus_midas,Primates,red-handed_tamarin,Hemochorial,Trabecular,,,,,,
Saguinus_oedipus,Primates,cotton-top_tamarin,Hemochorial,Trabecular,,,,,,
Saguinus_ursula,Primates,black_tamarin,Hemochorial,Trabecular,,,,,,
Saimiri_boliviensis,Primates,black-capped_squirrel monkey,Hemochorial,Trabecular,https://www.ncbi.nlm.nih.gov/pmc/articles/PMC3482116/,,,,,
Saimiri_sciureus,Primates,Guianan_squirrel monkey,Hemochorial,Trabecular,http://placentation.ucsd.edu/sqmonkey.html,,,,,
Semnopithecus_entellus,Primates,northern_plains gray langur,Hemochorial,Trabecular,,,,,,
Semnopithecus_hypoleucos,Primates,black-footed_gray langur,Hemochorial,Trabecular,,,,,,
Symphalangus_syndactylus,Primates,siamang,Hemochorial,Villous,,,,,,
Tarsius_spectrum,Primates,spectral_tarsier,Hemochorial,Trabecular,https://reader.elsevier.com/reader/sd/pii/S0143400409002677?token=CBB6917B39312A819CF69AD406870D174F53F797C1E1015D52E398EFC3415864BF09E79BD1812806D1D626693A8344D118,,,,,
Theropithecus_gelada,Primates,gelada,Hemochorial,Trabecular,,,,,,
Trachypithecus_auratus,Primates,East_Javan langur,Hemochorial,Villous,,,,,,
Trachypithecus_cristatus,Primates,silvery_lutung,Hemochorial,Villous,http://placentation.ucsd.edu/silvered_leaf_monkey_fs.htm,,,,,
Trachypithecus_delacouri,Primates,Delacour's_langur,Hemochorial,Villous,https://bioone.org/journals/Mammalian-Species/volume-43/issue-1/880.1/Trachypithecus-delacouri-Primates-Cercopithecidae/10.1644/880.1.full,,,,,
Trachypithecus_francoisi,Primates,Franois'_langur,Hemochorial,Villous,http://placentation.ucsd.edu/Francois.htm,,,,,
Trachypithecus_germaini,Primates,Germain's_langur,Hemochorial,Villous,,,,,,
Trachypithecus_obscurus,Primates,dusky_leaf monkey,Hemochorial,Villous,,,,,,
Trachypithecus_selangorensis,Primates,Selangor_silvered langur,Hemochorial,Villous,,,,,,
Trachypithecus_vetulus,Primates,purple-faced_langur,Hemochorial,Villous,,,,,,
Varecia_rubra,Primates,red_ruffed lemur,Epitheliochorial,Villous,,,,,,
Varecia_variegata,Primates,black-and-white_ruffed lemur,Epitheliochorial,Villous,http://placentation.ucsd.edu/lem.html,,,,,
elephas,Proboscidea,Asian_Elephant,Hemochorial,Labyrinthine,,,,,,
Elephas_maximus,Proboscidea,Asian_elephant,Endotheliochorial,Labyrinthine,,,,,,
Loxodonta_africana,Proboscidea,African_bush elephant,Endotheliochorial,Labyrinthine,https://www.ncbi.nlm.nih.gov/pubmed/12828919,,,,,
Acomys_cahirinus,Rodentia,Cairo_spiny mouse,Hemochorial,Labyrinthine,,,,,,
Agouti_paca,Rodentia,lowland_paca,Hemochorial,Labyrinthine,,,,,,
Ammospermophilus_harrisii,Rodentia,Harris's_antelope squirrel,Hemochorial,Labyrinthine,,,,,,
Ammospermophilus_leucurus,Rodentia,white-tailed_antelope squirrel,Hemochorial,Labyrinthine,,,,,,
Ammospermophilus_nelsoni,Rodentia,San_Joaquin antelope squirrel,Hemochorial,Labyrinthine,,,,,,
Anomalurus_beecrofti,Rodentia,Beecroft's_flying squirrel,Hemochorial,Trabecular,https://reader.elsevier.com/reader/sd/pii/S0143400409002677?token=CBB6917B39312A819CF69AD406870D174F53F797C1E1015D52E398EFC3415864BF09E79BD1812806D1D626693A8344D4,,,,,
Anomalurus_derbianus,Rodentia,Lord_Derby's scaly-tailed squirrel,Hemochorial,Trabecular,https://reader.elsevier.com/reader/sd/pii/S0143400409002677?token=CBB6917B39312A819CF69AD406870D174F53F797C1E1015D52E398EFC3415864BF09E79BD1812806D1D626693A8344D3,,,,,
Aplodontia_rufa,Rodentia,mountain_beaver,Hemochorial,Labyrinthine,https://reader.elsevier.com/reader/sd/pii/S0143400409002677?token=CBB6917B39312A819CF69AD406870D174F53F797C1E1015D52E398EFC3415864BF09E79BD1812806D1D626693A8344D5,,,,,
Arvicola_terrestris,Rodentia,European_water vole,Hemochorial,Labyrinthine,https://reader.elsevier.com/reader/sd/pii/S0143400409002677?token=CBB6917B39312A819CF69AD406870D174F53F797C1E1015D52E398EFC3415864BF09E79BD1812806D1D626693A8344D42,,,,,
Atherurus_africanus,Rodentia,African_brush-tailed porcupine,Hemochorial,Labyrinthine,https://reader.elsevier.com/reader/sd/pii/S0143400409002677?token=CBB6917B39312A819CF69AD406870D174F53F797C1E1015D52E398EFC3415864BF09E79BD1812806D1D626693A8344D68,,,,,
Bandicota_indica,Rodentia,greater_bandicoot rat,Hemochorial,Labyrinthine,https://reader.elsevier.com/reader/sd/pii/S0143400409002677?token=CBB6917B39312A819CF69AD406870D174F53F797C1E1015D52E398EFC3415864BF09E79BD1812806D1D626693A8344D82,,,,,
Bathyergus_janetta,Rodentia,Namaqua_dune mole-rat,Hemochorial,Labyrinthine,https://reader.elsevier.com/reader/sd/pii/S0143400409002677?token=CBB6917B39312A819CF69AD406870D174F53F797C1E1015D52E398EFC3415864BF09E79BD1812806D1D626693A8344D7,,,,,
Callosciurus_prevostii,Rodentia,Prevost's_squirrel,Hemochorial,Villous,,,,,,
Callosciurus_quinquestriatus,Rodentia,Anderson's_squirrel,Hemochorial,Labyrinthine,,,,,,
Callospermophilus_lateralis,Rodentia,golden-mantled_ground squirrel,Hemochorial,Labyrinthine,,,,,,
Calomys_callosus,Rodentia,large_vesper mouse,Hemochorial,Labyrinthine,https://reader.elsevier.com/reader/sd/pii/S0143400409002677?token=CBB6917B39312A819CF69AD406870D174F53F797C1E1015D52E398EFC3415864BF09E79BD1812806D1D626693A8344D41,,,,,
Capromys_pilorides,Rodentia,Desmarest's_hutia,Hemochorial,Labyrinthine,,,,,,
Castor_canadensis,Rodentia,North_American beaver,Hemochorial,Labyrinthine,http://placentation.ucsd.edu/beav.html,,,,,
Cavia_fulgida,Rodentia,shiny_guinea pig,Hemochorial,Labyrinthine,http://placentation.ucsd.edu/guinea.htm,,,,,
Cavia_porcellus,Rodentia,guinea_pig,Hemochorial,Labyrinthine,,,,,,
Cavia_tschudii,Rodentia,montane_guinea pig,Hemochorial,Labyrinthine,,,,,,
Chaetodipus_fallax,Rodentia,San_Diego pocket mouse,Hemochorial,Labyrinthine,https://reader.elsevier.com/reader/sd/pii/S0143400409002677?token=CBB6917B39312A819CF69AD406870D174F53F797C1E1015D52E398EFC3415864BF09E79BD1812806D1D626693A8344D65,,,,,
Chinchilla_brevicaudata,Rodentia,short-tailed_chinchilla,Hemochorial,Labyrinthine,,,,,,
Chinchilla_chinchilla,Rodentia,short-tailed_chinchilla,Hemochorial,Labyrinthine,http://www.vivo.colostate.edu/hbooks/pathphys/reprod/placenta/structure.html,,,,,
Chinchilla_lanigera,Rodentia,long-tailed_chinchilla,Hemochorial,Labyrinthine,https://royalsocietypublishing.org/doi/full/10.1098/rsos.161098,,,,,
Clethrionomys_rutilus,Rodentia,northern_red-backed vole,Hemochorial,Labyrinthine,,,,,,
Coendou_mexicanus,Rodentia,Mexican_hairy dwarf porcupine,Hemochorial,Labyrinthine,,,,,,
Coendou_prehensilis,Rodentia,Brazilian_porcupine,Hemochorial,Labyrinthine,,,,,,
Coendou_rothschildi,Rodentia,Rothschild's_porcupine,Hemochorial,Labyrinthine,,,,,,
Crateromys_heaneyi,Rodentia,golden-mantled_ground squirrel,Hemochorial,Labyrinthine,,,,,,
Cricetomys_gambianus,Rodentia,Gambian_pouched rat,Hemochorial,Labyrinthine,,,,,,
Cricetulus_barabensis,Rodentia,Chinese_striped hamster,Hemochorial,Labyrinthine,,,,,,
Cricetulus_longicaudatus,Rodentia,long-tailed_dwarf hamster,Hemochorial,Labyrinthine,,,,,,
Ctenodactylus_gundi,Rodentia,common_gundi,Hemochorial,Labyrinthine,https://reader.elsevier.com/reader/sd/pii/S0143400409002677?token=CBB6917B39312A819CF69AD406870D174F53F797C1E1015D52E398EFC3415864BF09E79BD1812806D1D626693A8344D43,,,,,
Cuniculus_paca,Rodentia,lowland_paca,Hemochorial,Labyrinthine,,,,,,
Cynomys_ludovicianus,Rodentia,black-tailed_prairie dog,Hemochorial,Labyrinthine,https://onlinelibrary.wiley.com/doi/pdf/10.1002/jez.a.10292,,,,,
Dasyprocta_azarae,Rodentia,South_Americanagouti,Hemochorial,Labyrinthine,https://reader.elsevier.com/reader/sd/pii/S0143400409002677?token=CBB6917B39312A819CF69AD406870D174F53F797C1E1015D52E398EFC3415864BF09E79BD1812806D1D626693A8344D49,,,,,
Dasyprocta_leporina,Rodentia,red-rumped_agouti,Hemochorial,Labyrinthine,https://reader.elsevier.com/reader/sd/pii/S0143400409002677?token=CBB6917B39312A819CF69AD406870D174F53F797C1E1015D52E398EFC3415864BF09E79BD1812806D1D626693A8344D48,,,,,
Dasyprocta_punctata,Rodentia,Central_American agouti,Hemochorial,Labyrinthine,,,,,,
Dicrostonyx_groenlandicus,Rodentia,northern_collared lemming,Hemochorial,Labyrinthine,https://reader.elsevier.com/reader/sd/pii/S0143400409002677?token=CBB6917B39312A819CF69AD406870D174F53F797C1E1015D52E398EFC3415864BF09E79BD1812806D1D626693A8344D38,,,,,
Dinomys_branick,Rodentia,pacarana,Hemochorial,Labyrinthine,,,,,,
Dipodomys_deserti,Rodentia,desert_kangaroo rat,Hemochorial,Labyrinthine,,,,,,
Dipodomys_merriami,Rodentia,Merriam's_kangaroo rat,Endotheliochorial,Labyrinthine,,,,,,
Dipodomys_ordii,Rodentia,Ord's_kangaroo rat,Endotheliochorial,Labyrinthine,,,,,,
Dipodomys_panamintinus,Rodentia,Panamint_kangaroo rat,Endotheliochorial,Labyrinthine,https://reader.elsevier.com/reader/sd/pii/S0143400409002677?token=CBB6917B39312A819CF69AD406870D174F53F797C1E1015D52E398EFC3415864BF09E79BD1812806D1D626693A8344D64,,,,,
Dolichotis_patagonum,Rodentia,Patagonian_mara,Hemochorial,Labyrinthine,,,,,,
Erethizon_dorsatum,Rodentia,North_American porcupine,Hemochorial,Labyrinthine,,,,,,
Fukomys_damarensis,Rodentia,Damaraland_mole-rat,Hemochorial,Villous,,,,,,
Fukomys_mechowii,Rodentia,Mechow's_mole-rat,Hemochorial,Labyrinthine,,,,,,
Funambulus_pennantii,Rodentia,northern_palm squirrel,Hemochorial,Labyrinthine,https://reader.elsevier.com/reader/sd/pii/S0143400409002677?token=CBB6917B39312A819CF69AD406870D174F53F797C1E1015D52E398EFC3415864BF09E79BD1812806D1D626693A8344D107,,,,,
Galea_musteloides,Rodentia,common_yellow-toothed cavy,Hemochorial,Labyrinthine,https://reader.elsevier.com/reader/sd/pii/S0143400409002677?token=CBB6917B39312A819CF69AD406870D174F53F797C1E1015D52E398EFC3415864BF09E79BD1812806D1D626693A8344D28,,,,,
Geomys_bursarius,Rodentia,plains_pocket gopher,Hemochorial,Labyrinthine,https://reader.elsevier.com/reader/sd/pii/S0143400409002677?token=CBB6917B39312A819CF69AD406870D174F53F797C1E1015D52E398EFC3415864BF09E79BD1812806D1D626693A8344D61,,,,,
Glaucomys_sabrinus,Rodentia,northern_flying squirrel,Hemochorial,Labyrinthine,,,,,,
Glaucomys_volans,Rodentia,southern_flying squirrel,Hemochorial,Labyrinthine,,,,,,
Heterocephalus_glaber,Rodentia,naked_mole-rat,Hemochorial,Labyrinthine,,,,,,
Hydrochaeris_hydrochaeris,Rodentia,capybara,Hemochorial,Labyrinthine,https://reader.elsevier.com/reader/sd/pii/S0143400409002677?token=CBB6917B39312A819CF69AD406870D174F53F797C1E1015D52E398EFC3415864BF09E79BD1812806D1D626693A8344D27,,,,,
Hydrochoerus_hydrochaeris,Rodentia,capybara,Hemochorial,Labyrinthine,,,,,,
Hylopetes_winstoni,Rodentia,Sumatran_flying squirrel,Hemochorial,Labyrinthine,,,,,,
Hystrix_africaeaustralis,Rodentia,Cape_porcupine,Hemochorial,Labyrinthine,,,,,,
Hystrix_cristata,Rodentia,crested_porcupine,Hemochorial,Labyrinthine,,,,,,
Hystrix_indica,Rodentia,Indian_crested porcupine,Hemochorial,Labyrinthine,,,,,,
Ictidomys_tridecemlineatus,Rodentia,thirteen-lined_ground squirrel,Hemochorial,Labyrinthine,,,,,,
Jaculus_jaculus,Rodentia,lesser_jerboa,Hemochorial,Labyrinthine,,,,,,
Kerodon_rupestris,Rodentia,rock_cavy,Hemochorial,Labyrinthine,,,,,,
Lagostomus_maximus,Rodentia,plains_viscacha,Hemochorial,Labyrinthine,https://reader.elsevier.com/reader/sd/pii/S0143400409002677?token=CBB6917B39312A819CF69AD406870D174F53F797C1E1015D52E398EFC3415864BF09E79BD1812806D1D626693A8344D33,,,,,
Lemmus_lemmus,Rodentia,Norway_lemming,Hemochorial,Labyrinthine,https://reader.elsevier.com/reader/sd/pii/S0143400409002677?token=CBB6917B39312A819CF69AD406870D174F53F797C1E1015D52E398EFC3415864BF09E79BD1812806D1D626693A8344D37,,,,,
Marmota_flaviventris,Rodentia,yellow-bellied_marmot,Hemochorial,Labyrinthine,https://reader.elsevier.com/reader/sd/pii/S0143400409002677?token=CBB6917B39312A819CF69AD406870D174F53F797C1E1015D52E398EFC3415864BF09E79BD1812806D1D626693A8344D106,,,,,
Marmota_monax,Rodentia,groundhog,Hemochorial,Labyrinthine,,,,,,
Mastomys_natalensis,Rodentia,Natal_multimammate mouse,Hemochorial,Labyrinthine,,,,,,
Meriones_shawi,Rodentia,Shaw's_jird,Hemochorial,Labyrinthine,https://reader.elsevier.com/reader/sd/pii/S0143400409002677?token=CBB6917B39312A819CF69AD406870D174F53F797C1E1015D52E398EFC3415864BF09E79BD1812806D1D626693A8344D81,,,,,
Meriones_unguiculatus,Rodentia,Mongolian_gerbil,Hemochorial,Labyrinthine,,,,,,
Mesocricetus_auratus,Rodentia,golden_hamster,Hemochorial,Labyrinthine,,,,,,
Microdipodops_megacephalus,Rodentia,dark_kangaroo mouse,Endotheliochorial,Labyrinthine,https://reader.elsevier.com/reader/sd/pii/S0143400409002677?token=CBB6917B39312A819CF69AD406870D174F53F797C1E1015D52E398EFC3415864BF09E79BD1812806D1D626693A8344D63,,,,,
Microtus_xanthognathus,Rodentia,taiga_vole,Hemochorial,Labyrinthine,https://reader.elsevier.com/reader/sd/pii/S0143400409002677?token=CBB6917B39312A819CF69AD406870D174F53F797C1E1015D52E398EFC3415864BF09E79BD1812806D1D626693A8344D36,,,,,
Mus_musculus,Rodentia,house_mouse,Hemochorial,Labyrinthine,,,,,,
Myodes_glareolus,Rodentia,bank_vole,Hemochorial,Labyrinthine,https://reader.elsevier.com/reader/sd/pii/S0143400409002677?token=CBB6917B39312A819CF69AD406870D174F53F797C1E1015D52E398EFC3415864BF09E79BD1812806D1D626693A8344D40,,,,,
Myodes_rutilus,Rodentia,northern_red-backed vole,Hemochorial,Labyrinthine,https://reader.elsevier.com/reader/sd/pii/S0143400409002677?token=CBB6917B39312A819CF69AD406870D174F53F797C1E1015D52E398EFC3415864BF09E79BD1812806D1D626693A8344D39,,,,,
Myoprocta_pratti,Rodentia,green_acouchi,Hemochorial,Villous,https://onlinelibrary.wiley.com/doi/pdf/10.1002/jez.a.10292,,,,,
Neotoma_albigula,Rodentia,white-throated_woodrat,Hemochorial,Labyrinthine,,,,,,
Neotoma_floridana,Rodentia,eastern_woodrat,Hemochorial,Labyrinthine,,,,,,
Neotoma_fuscipes,Rodentia,dusky-footed_woodrat,Hemochorial,Labyrinthine,,,,,,
Neotoma_lepida,Rodentia,desert_woodrat,Hemochorial,Labyrinthine,,,,,,
Octodon_degus,Rodentia,common_degu,Hemochorial,Labyrinthine,http://placentation.ucsd.edu/degu.htm,,,,,
Ondatra_zibethicus,Rodentia,muskrat,Hemochorial,Labyrinthine,http://placentation.ucsd.edu/muskratfs.htm,,,,,
Otospermophilus_beecheyi,Rodentia,California_ground squirrel,Hemochorial,Labyrinthine,,,,,,
Paraxerus_cepapi,Rodentia,Smith's_bush squirrel,Hemochorial,Labyrinthine,http://www.vivo.colostate.edu/hbooks/pathphys/reprod/placenta/structure.html,,,,,
Pedetes_capensis,Rodentia,South_African springhare,Hemochorial,Labyrinthine,,,,,,
Perognathus_parvus,Rodentia,Great_Basin pocket mouse,Hemochorial,Labyrinthine,https://reader.elsevier.com/reader/sd/pii/S0143400409002677?token=CBB6917B39312A819CF69AD406870D174F53F797C1E1015D52E398EFC3415864BF09E79BD1812806D1D626693A8344D62,,,,,
Peromyscus_eremicus,Rodentia,cactus_mouse,Hemochorial,Labyrinthine,,,,,,
Peromyscus_leucopus,Rodentia,white-footed_mouse,Hemochorial,Labyrinthine,,,,,,
Peromyscus_maniculatus,Rodentia,deer_mouse,Hemochorial,Labyrinthine,https://reader.elsevier.com/reader/sd/pii/S0143400409002677?token=CBB6917B39312A819CF69AD406870D174F53F797C1E1015D52E398EFC3415864BF09E79BD1812806D1D626693A8344D35,,,,,
Peromyscus_polionotus,Rodentia,oldfield_mouse,Hemochorial,Labyrinthine,,,,,,
Petromns_typicus,Rodentia,dassie_rat,Hemochorial,Labyrinthine,https://reader.elsevier.com/reader/sd/pii/S0143400409002677?token=CBB6917B39312A819CF69AD406870D174F53F797C1E1015D52E398EFC3415864BF09E79BD1812806D1D626693A8344D88,,,,,
Phodopus_campbelli,Rodentia,Campbell's_dwarf hamster,Hemochorial,Labyrinthine,http://placentation.ucsd.edu/siberianham.htm,,,,,
Phodopus_sungorus,Rodentia,winter_white dwarf hamster,Hemochorial,Labyrinthine,,,,,,
Rattus_norvegicus,Rodentia,brown_rat,Hemochorial,Labyrinthine,,,,,,
Ratufa_affinis,Rodentia,cream-coloured_giant squirrel,Hemochorial,Labyrinthine,,,,,,
Sciurus_carolinensis,Rodentia,Geoffroy's_tamarin,Hemochorial,Labyrinthine,,,,,,
Sciurus_niger,Rodentia,fox_squirrel,Hemochorial,Labyrinthine,,,,,,
Sciurus_vulgaris,Rodentia,red_squirrel,Hemochorial,Labyrinthine,,,,,,
Sekeetamys_calurus,Rodentia,bushy-tailed_jird,Hemochorial,Labyrinthine,,,,,,
Spalax_ehrenbergi,Rodentia,Middle_East blind mole-rat,Hemochorial,Labyrinthine,,,,,,
Spalax_giganteus,Rodentia,giant_mole-rat,Hemochorial,Labyrinthine,,,,,,
Spermophilus_citellus,Rodentia,European_ground squirrel,Hemochorial,Labyrinthine,https://reader.elsevier.com/reader/sd/pii/S0143400409002677?token=CBB6917B39312A819CF69AD406870D174F53F797C1E1015D52E398EFC3415864BF09E79BD1812806D1D626693A8344D105,,,,,
Spermophilus_elegans,Rodentia,Wyoming_ground squirrel,Hemochorial,Labyrinthine,https://reader.elsevier.com/reader/sd/pii/S0143400409002677?token=CBB6917B39312A819CF69AD406870D174F53F797C1E1015D52E398EFC3415864BF09E79BD1812806D1D626693A8344D104,,,,,
Spermophilus_franklinii,Rodentia,Franklin's_ground squirrel,Hemochorial,Labyrinthine,https://reader.elsevier.com/reader/sd/pii/S0143400409002677?token=CBB6917B39312A819CF69AD406870D174F53F797C1E1015D52E398EFC3415864BF09E79BD1812806D1D626693A8344D103,,,,,
Spermophilus_richardsonii,Rodentia,Richardson's_ground squirrel,Hemochorial,Labyrinthine,https://reader.elsevier.com/reader/sd/pii/S0143400409002677?token=CBB6917B39312A819CF69AD406870D174F53F797C1E1015D52E398EFC3415864BF09E79BD1812806D1D626693A8344D102,,,,,
Spermophilus_tridecemlineatus,Rodentia,thirteen-lined_ground squirrel,Hemochorial,Labyrinthine,https://reader.elsevier.com/reader/sd/pii/S0143400409002677?token=CBB6917B39312A819CF69AD406870D174F53F797C1E1015D52E398EFC3415864BF09E79BD1812806D1D626693A8344D101,,,,,
Sphiggurus_villosus,Rodentia,Paraguaian_hairy dwarf porcupine,Hemochorial,Labyrinthine,,,,,,
Tamias_amoenus,Rodentia,yellow-pine_chipmunk,Hemochorial,Labyrinthine,https://reader.elsevier.com/reader/sd/pii/S0143400409002677?token=CBB6917B39312A819CF69AD406870D174F53F797C1E1015D52E398EFC3415864BF09E79BD1812806D1D626693A8344D100,,,,,
Tamias_quadrivittatus,Rodentia,Colorado_chipmunk,Hemochorial,Labyrinthine,https://reader.elsevier.com/reader/sd/pii/S0143400409002677?token=CBB6917B39312A819CF69AD406870D174F53F797C1E1015D52E398EFC3415864BF09E79BD1812806D1D626693A8344D99,,,,,
Tamias_striatus,Rodentia,eastern_chipmunk,Hemochorial,Labyrinthine,,,,,,
Tamiasciurus_hudsonicus,Rodentia,American_red squirrel,Hemochorial,Labyrinthine,,,,,,
Thomomys_bottae,Rodentia,Botta's_pocket gopher,Hemochorial,Labyrinthine,https://reader.elsevier.com/reader/sd/pii/S0143400409002677?token=CBB6917B39312A819CF69AD406870D174F53F797C1E1015D52E398EFC3415864BF09E79BD1812806D1D626693A8344D60,,,,,
Urocitellus_columbianus,Rodentia,Columbian_ground squirrel,Hemochorial,Labyrinthine,,,,,,
Urocitellus_endemicus,Rodentia,southern_Idaho ground squirrel,Hemochorial,Labyrinthine,,,,,,
Urocitellus_richardsonii,Rodentia,Richardson's_ground squirrel,Hemochorial,Labyrinthine,,,,,,
Xerus_inauris,Rodentia,Cape_ground squirrel,Hemochorial,Labyrinthine,https://reader.elsevier.com/reader/sd/pii/S0143400409002677?token=CBB6917B39312A819CF69AD406870D174F53F797C1E1015D52E398EFC3415864BF09E79BD1812806D1D626693A8344D98,,,,,
Zapus_hudsonius,Rodentia,meadow_jumping mouse,Hemochorial,Labyrinthine,https://reader.elsevier.com/reader/sd/pii/S0143400409002677?token=CBB6917B39312A819CF69AD406870D174F53F797C1E1015D52E398EFC3415864BF09E79BD1812806D1D626693A8344D52,,,,,
Anathana_ellioti,Scandentia,Madras_treeshrew,Endotheliochorial,Labyrinthine,,,,,,
Dendrogale_murina,Scandentia,northern_smooth-tailed treeshrew,Endotheliochorial,Labyrinthine,https://reader.elsevier.com/reader/sd/pii/S0143400409002677?token=CBB6917B39312A819CF69AD406870D174F53F797C1E1015D52E398EFC3415864BF09E79BD1812806D1D626693A8344D133,,,,,
Tupaia_belangeri,Scandentia,northern_treeshrew,Endotheliochorial,Labyrinthine,,,,,,
Tupaia_glis,Scandentia,common_treeshrew,Endotheliochorial,Labyrinthine,,,,,,
Tupaia_gracilis,Scandentia,slender_treeshrew,Endotheliochorial,Labyrinthine,https://reader.elsevier.com/reader/sd/pii/S0143400409002677?token=CBB6917B39312A819CF69AD406870D174F53F797C1E1015D52E398EFC3415864BF09E79BD1812806D1D626693A8344D132,,,,,
Tupaia_javanica,Scandentia,Horsfield's_treeshrew,Endotheliochorial,Labyrinthine,https://reader.elsevier.com/reader/sd/pii/S0143400409002677?token=CBB6917B39312A819CF69AD406870D174F53F797C1E1015D52E398EFC3415864BF09E79BD1812806D1D626693A8344D131,,,,,
Tupaia_longipes,Scandentia,long-footed_treeshrew,Endotheliochorial,Labyrinthine,https://reader.elsevier.com/reader/sd/pii/S0143400409002677?token=CBB6917B39312A819CF69AD406870D174F53F797C1E1015D52E398EFC3415864BF09E79BD1812806D1D626693A8344D130,,,,,
Tupaia_minor,Scandentia,pygmy_treeshrew,Endotheliochorial,Labyrinthine,,,,,,
Tupaia_montana,Scandentia,mountain_treeshrew,Endotheliochorial,Labyrinthine,https://reader.elsevier.com/reader/sd/pii/S0143400409002677?token=CBB6917B39312A819CF69AD406870D174F53F797C1E1015D52E398EFC3415864BF09E79BD1812806D1D626693A8344D129,,,,,
Tupaia_palawanensis,Scandentia,Palawan_treeshrew,Endotheliochorial,Labyrinthine,https://reader.elsevier.com/reader/sd/pii/S0143400409002677?token=CBB6917B39312A819CF69AD406870D174F53F797C1E1015D52E398EFC3415864BF09E79BD1812806D1D626693A8344D128,,,,,
Tupaia_picta,Scandentia,painted_treeshrew,Endotheliochorial,Labyrinthine,https://reader.elsevier.com/reader/sd/pii/S0143400409002677?token=CBB6917B39312A819CF69AD406870D174F53F797C1E1015D52E398EFC3415864BF09E79BD1812806D1D626693A8344D127,,,,,
Tupaia_tana,Scandentia,large_treeshrew,Endotheliochorial,Labyrinthine,https://onlinelibrary.wiley.com/doi/epdf/10.1002/ar.1091320403,,,,,
Urogale_everetti,Scandentia,Mindanao_treeshrew,Endotheliochorial,Labyrinthine,https://reader.elsevier.com/reader/sd/pii/S0143400409002677?token=CBB6917B39312A819CF69AD406870D174F53F797C1E1015D52E398EFC3415864BF09E79BD1812806D1D626693A8344D126,,,,,https://genomics.senescence.info/species/entry.php?species=Urogale_everetti&utm_source=chatgpt.com
Trichechus_inunguis,Sirenia,Amazonian_manatee,Endotheliochorial,Labyrinthine,https://reader.elsevier.com/reader/sd/pii/S0143400409002677?token=CBB6917B39312A819CF69AD406870D174F53F797C1E1015D52E398EFC3415864BF09E79BD1812806D1D626693A8344D125,,,,,
Trichechus_manatus,Sirenia,West_Indian manatee,Endotheliochorial,Labyrinthine,https://www.semanticscholar.org/paper/Placentation-in-the-Amazonian-manatee-(Trichechus-Carter-Miglino/9dc0558666ba7e53bdf3908a3a907ee06524bca1,,,,,
Hippopotamus_amphibius,Therapsida,hippopotamus,Epitheliochorial,Villous,,,,,,
Orycteropus_afer,Tubulidentata,aardvark,Endotheliochorial,Labyrinthine,http://placentation.ucsd.edu/aard.html,,,,https://animaldiversity.org/accounts/Orycteropus_afer/?utm_source=chatgpt.com,