taxonomic_order;species;common_name;gestation_length;neonate_body_size;litter_size;interbirth_interval;longevity;invasiveness;interdigitation;body_mass_g;litter_mass;female_body_mass_g
Chiroptera;acerodon_jubatus;giant_golden-crowned_flying_fox;166.65;-999;1;369.71;7320.34;Hemochorial;Labyrinthine;1087.04;-999;
Carnivora;acinonyx_jubatus;cheetah;90.12;441.66;3.04;541.88;7482.5;Endotheliochorial;Labyrinthine;50577.92;1342.6464;
Rodentia;acomys_cahirinus;Cairo_spiny_mouse;38;5.49;2.47;33.98;2731.42;Hemochorial;Labyrinthine;45.2;13.5603;32
Artiodactyla;addax_nasomaculatus;addax;276;5633.76;1;357.26;10293;Epitheliochorial;Villous;94288.68;5633.76;
Artiodactyla;aepyceros_melampus;impala;196.74;5238.4;1;364.75;9344;Epitheliochorial;Villous;52500;5238.4;40480
Carnivora;ailuropoda_melanoleuca;giant_panda;131.18;104.39;1.54;592.97;13432;Endotheliochorial;Labyrinthine;117500;160.7606;
Carnivora;ailurus_fulgens;red_panda;123.44;104.04;2;364.75;6935;Endotheliochorial;Labyrinthine;4747.54;208.08;
Artiodactyla;alcelaphus_buselaphus;hartebeest;240.64;12500;1;358.26;5828.85;Epitheliochorial;Villous;159938.9;12500;
Artiodactyla;alces_alces;moose;241.98;12999.99;1.28;364.75;9855;Epitheliochorial;Villous;359750;16639.9872;
Primates;allenopithecus_nigroviridis;Allen's_swamp_monkey;165.59;240.71;1;470.45;10019.25;Hemochorial;Labyrinthine;4690;240.71;
Primates;alouatta_caraya;black_howler;187;260.6;1;337.58;11826;Hemochorial;Villous;5462.5;260.6;4330
Primates;alouatta_palliata;mantled_howler;186;318.29;1;533.82;9125;Hemochorial;Villous;5659.14;318.29;4855
Primates;alouatta_seniculus;Colombian_red_howler;190;293.42;1.2;465.36;9125;Hemochorial;Trabecular;6398.31;352.104;4030
Rodentia;ammospermophilus_harrisii;Harris's_antelope_squirrel;29.36;3.59;6.66;290.28;3869;Hemochorial;Labyrinthine;126;23.9094;
Rodentia;ammospermophilus_leucurus;white-tailed_antelope_squirrel;29.19;2.9;8;233.62;4088;Hemochorial;Labyrinthine;99.37;23.2;88.8
Artiodactyla;ammotragus_lervia;Barbary_sheep;151.81;4500;1.22;220.8;7920.5;Epitheliochorial;Villous;92500;5490;
Scandentia;anathana_ellioti;Madras_treeshrew;46.31;-999;4.84;147.47;2851.09;Endotheliochorial;Labyrinthine;160;-4835.16;
Artiodactyla;antidorcas_marsupialis;springbok;169.49;3841.48;1;364.75;7300;Epitheliochorial;Villous;33571.24;3841.48;27850
Artiodactyla;antilocapra_americana;pronghorn;247.45;3454.7;1.89;364.75;5657.5;Epitheliochorial;Villous;45375;6529.383;
Artiodactyla;antilope_cervicapra;blackbuck;167.7;3386.14;1;221.63;8723.5;Epitheliochorial;Villous;37500;3386.14;
Carnivora;aonyx_capensis;African_clawless_otter;63;-999;2.56;245.21;5183;Endotheliochorial;Labyrinthine;21411.11;-2557.44;
Primates;aotus_trivirgatus;three-striped_night_monkey;142;96.49;1.06;269.82;10986.5;Hemochorial;Villous;872.98;102.2794;
Rodentia;aplodontia_rufa;mountain_beaver;29.91;23.12;2.8;365;3650;Hemochorial;Labyrinthine;706.8;64.736;
Carnivora;arctictis_binturong;binturong;92;317.35;2.5;332.57;9928;Endotheliochorial;Labyrinthine;12999.99;793.375;
Primates;arctocebus_aureus;golden_angwantibo;133.74;;1;140.64;4745;Epitheliochorial;Villous;257.5;;
Carnivora;arctocephalus_pusillus;brown_fur_seal;357.83;5750;1;364.75;11716.5;Endotheliochorial;Labyrinthine;127551;5750;
Carnivora;arctocephalus_townsendi;Guadalupe_fur_seal;246.38;-999;1;364.75;11169;Endotheliochorial;Labyrinthine;101063.7;-999;
Chiroptera;artibeus_jamaicensis;Mexican_fruit_bat;106.54;10.57;1;219.85;7014.08;Endotheliochorial;Labyrinthine;46.1;10.57;
Chiroptera;artibeus_lituratus;great_fruit-eating_bat;106.54;8.9;1;219.85;7014.08;Endotheliochorial;Labyrinthine;46.1;8.9;77.64533956
Erinaceomorpha;atelerix_albiventris;four-toed_hedgehog;35.5;8;4.49;271.67;4161;Hemochorial;Labyrinthine;600;35.92;178.94
Primates;ateles_fusciceps;black-headed_spider_monkey;227;499.99;1;925.37;17520;Hemochorial;Trabecular;7267.5;499.99;
Primates;ateles_geoffroyi;Geoffroys_spider_monkey;229.19;425.85;1;1008.38;17520;Hemochorial;Trabecular;7267.5;425.85;7653
Primates;ateles_paniscus;red-faced_spider_monkey;228.18;478.64;1;1071.36;16790;Hemochorial;Trabecular;7887.5;478.64;
Rodentia;atherurus_africanus;African_brush-tailed_porcupine;106.53;146.27;1.5;191.96;8364.58;Hemochorial;Labyrinthine;2875.65;219.405;
Artiodactyla;axis_axis;chital;226.75;3156.86;1.03;425.62;7592;Epitheliochorial;Villous;45500;3251.5658;50000
Artiodactyla;babyrousa_babyrussa;Buru_babirusa;156.5;715;1.4;301;8760;Epitheliochorial;Villous;92950.09;1001;
Artiodactyla;babyrousa_celebensis;North_Sulawesi_babirusa;156.5;;1.4;302.92;8760;Epitheliochorial;Villous;92950.09;;
Rodentia;bandicota_indica;greater_bandicoot_rat;22;9.77;6.12;35.98;1533;Hemochorial;Labyrinthine;511;59.7924;503
Carnivora;bassariscus_astutus;ringtail;54.23;27.74;3;364.75;6935;Endotheliochorial;Labyrinthine;1010.37;83.22;
Carnivora;bassariscus_sumichrasti;cacomistle;64.72;-999;2;251.2;8760;Endotheliochorial;Labyrinthine;906;-1998;
Rodentia;bathyergus_janetta;Namaqua_dune_mole-rat;68.41;15.39;3.3;133.74;547.5;Hemochorial;Labyrinthine;627.5;50.787;
Eulipotyphla;blarina_brevicauda;northern_short-tailed_shrew;20.09;0.89;5.73;57.43;1003.75;Hemochorial;Labyrinthine;20.7;5.0997;20.23
Artiodactyla;blastocerus_dichotomus;marsh_deer;270.58;4199.99;1;345.59;5000.5;Epitheliochorial;Villous;102500;4199.99;
Artiodactyla;bos_gaurus;gaur;274.77;;1.17;518.16;9563;Epitheliochorial;Villous;812571.5;;
Artiodactyla;bos_javanicus;banteng;295.89;-999;1.22;470.28;9891.5;Epitheliochorial;Villous;683333.3;-1218.78;
Artiodactyla;boselaphus_tragocamelus;nilgai;255;5875;1.5;382.49;7920.5;Epitheliochorial;Villous;180000;8812.5;
Lagomorpha;brachylagus_idahoensis;pygmy_rabbit;33.04;-999;5.91;38.97;1578.63;Hemochorial;Labyrinthine;431.19;-5904.09;
Pilosa;bradypus_pygmaeus;pygmy_three-toed_sloth;160.36;;1.11;378.2;9120.93;Endotheliochorial;Trabecular;2900;;
Pilosa;bradypus_torquatus;maned_sloth;150;-999;1;368.26;4380;Endotheliochorial;Labyrinthine;4184.21;-999;6900
Pilosa;bradypus_tridactylus;pale-throated_sloth;126.96;178.66;1;392.15;14600;Endotheliochorial;Labyrinthine;4072.9;178.66;3520
Pilosa;bradypus_variegatus;brown-throated_sloth;170.84;271.81;1;364.75;9866.91;Endotheliochorial;Labyrinthine;3963.18;271.81;4326
Artiodactyla;bubalus_depressicornis;dwarf_buffalo;300;-999;1;415.85;13176.5;Epitheliochorial;Villous;205994.6;-999;
Artiodactyla;bubalus_mindorensis;Mindoro_dwarf_buffalo;302.93;-999;1;1094.25;10220;Epitheliochorial;Villous;243861.5;-999;
Artiodactyla;budorcas_taxicolor;takin;235.6;-999;1.17;364.75;7993.5;Epitheliochorial;Villous;294515.3;-1168.83;
Primates;cacajao_calvus;bald_uakari;182;-999;1;775.28;13781.79;Hemochorial;Villous;3421.04;-999;
Primates;callimico_goeldii;Goeldi's_marmoset;153.5;50.5;1;180.63;8103;Hemochorial;Trabecular;556.5;50.5;
Primates;callithrix_geoffroyi;white-headed_marmoset;144;;2.24;164.29;8318.96;Hemochorial;Trabecular;299.61;;274.5
Primates;callithrix_jacchus;common_marmoset;144;27.74;2.24;164.29;8318.96;Hemochorial;Trabecular;255.2;62.1376;324
Primates;callithrix_kuhlii;Wied's_marmoset;144;;2;164.29;8318.96;Hemochorial;Trabecular;307;;
Primates;callithrix_penicillata;black-tufted_marmoset;144;-999;2;164.29;8318.96;Hemochorial;Trabecular;307;-1998;357.8571429
Carnivora;callorhinus_ursinus;northern_fur_seal;254.75;5354.8;1;364.75;12775;Endotheliochorial;Labyrinthine;55464.82;5354.8;42187.5
Rodentia;callosciurus_prevostii;Prevost's_squirrel;47.79;16.34;1.77;190.82;7701.5;Hemochorial;Villous;400;28.9218;
Rodentia;callospermophilus_lateralis;golden-mantled_ground_squirrel;30.44;;5.12;402.48;3796;Hemochorial;Labyrinthine;227.3;;
Rodentia;calomys_callosus;large_vesper_mouse;22.01;2.4;4.99;20.99;416.83;Hemochorial;Labyrinthine;48.6;11.976;
Artiodactyla;camelus_dromedarius;dromedary;395.76;36751.19;1;610.29;14600;Epitheliochorial;Villous;434000;36751.19;
Carnivora;canis_latrans;coyote;62.39;200.01;5.61;364.75;7969.17;Endotheliochorial;Labyrinthine;11050;1122.0561;
Carnivora;canis_lupus;wolf;62.2;412.31;4.98;364.75;10767.5;Endotheliochorial;Labyrinthine;29190.76;2053.3038;31100
Carnivora;canis_rufus;red_wolf;67.81;;4.25;288.23;5847.27;Endotheliochorial;Labyrinthine;23500;;
Artiodactyla;capra_cylindricornis;East_Caucasian_tur;161;;1.2;517.9;7373;Epitheliochorial;Villous;50000;;
Artiodactyla;capra_falconeri;markhor;163.07;-999;2;423.52;6971.5;Epitheliochorial;Villous;41000;-1998;
Artiodactyla;capra_ibex;Alpine_ibex;169;2779.07;1.18;517.9;8139.5;Epitheliochorial;Villous;77000;3279.3026;
Artiodactyla;capra_nubiana;Nubian_ibex;169;-999;1.11;517.9;8139.5;Epitheliochorial;Villous;70523.41;-1108.89;
Artiodactyla;capreolus_capreolus;roe_deer;153;1208.55;1.79;364.75;6387.5;Epitheliochorial;Villous;21666.69;2163.3045;20200
Artiodactyla;capricornis_crispus;Japanese_serow;215;3499.99;1;547.13;8760;Epitheliochorial;Villous;43030.64;3499.99;38430
Rodentia;capromys_pilorides;Desmarest's_hutia;125;199.49;2;187.49;5040.04;Hemochorial;Labyrinthine;4683.3;398.98;
Carnivora;caracal_caracal;caracal;73.96;195.86;3;364.75;7409.5;Endotheliochorial;Labyrinthine;14000;587.58;
Chiroptera;carollia_perspicillata;Seba's_short-tailed_bat;95;4.89;1;158.89;6205;Hemochorial;Labyrinthine;16.4;4.89;16.48770687
Rodentia;castor_canadensis;North_American_beaver;114.44;415.17;3.58;364.75;8541;Hemochorial;Labyrinthine;19928.33;1486.3086;15010
Artiodactyla;catagonus_wagneri;Chacoan_peccary;152.08;600.2;2.45;325.08;5344.21;Epitheliochorial;Villous;35433.2;1470.49;
Rodentia;cavia_fulgida;shiny_guinea_pig;73.39;-999;1.34;85.01;2401.99;Hemochorial;Labyrinthine;282.5;-1338.66;
Rodentia;cavia_tschudii;montane_guinea_pig;63;-999;2.02;73.65;3650;Hemochorial;Labyrinthine;580.94;-2017.98;
Primates;cebus_albifrons;Humboldt's_white-fronted_capuchin;158;231.92;1;546.88;16060;Hemochorial;Trabecular;2488.59;231.92;2130
Primates;cebus_capucinus;Colombian_white-faced_capuchin;162;238.36;1;796.37;20075;Hemochorial;Trabecular;2655;238.36;2783.5
Artiodactyla;cephalophus_dorsalis;bay_duiker;236;1611.37;1;310.77;6387.5;Epitheliochorial;Villous;11600;1611.37;11600
Artiodactyla;cephalophus_jentinki;Jentink's_duiker;205.76;4581.46;1;271.42;7771.46;Epitheliochorial;Villous;69244.92;4581.46;
Artiodactyla;cephalophus_niger;black_duiker;127.83;1940;1;231.41;5402;Epitheliochorial;Villous;18100;1940;
Artiodactyla;cephalophus_rufilatus;red-flanked_duiker;233.99;975.1;1;246.4;5548;Epitheliochorial;Villous;12500;975.1;
Artiodactyla;cephalophus_silvicultor;yellow-backed_duiker;165.27;4400.72;1;305.79;8212.5;Epitheliochorial;Villous;62006.6;4400.72;
Artiodactyla;cephalorhynchus_commersonii;Commerson's_dolphin;365.23;5834.74;1;702.43;9417;Epitheliochorial;Trabecular;68700;5834.74;
Perissodactyla;ceratotherium_simum;white_rhinoceros;515;48500;1;987.45;18250;Epitheliochorial;Villous;2230000;48500;
Primates;cercocebus_agilis;agile_mangabey;169.86;;1;445.37;16790;Hemochorial;Trabecular;7775;;
Primates;cercocebus_chrysogaster;golden-bellied_mangabey;169.86;;1;445.37;16790;Hemochorial;Trabecular;7775;;
Primates;cercocebus_torquatus;collared_mangabey;167.99;-999;1;445.37;16790;Hemochorial;Trabecular;8789;-999;6200
Primates;cercopithecus_cephus;moustached_guenon;172;337.19;1;820.44;13140;Hemochorial;Trabecular;3399.94;337.19;
Primates;cercopithecus_diana;Diana_monkey;168.99;466.9;1;364.75;13614.5;Hemochorial;Trabecular;4550;466.9;
Primates;cercopithecus_hamlyni;Hamlyn's_monkey;170.74;;1;471.7;10439;Hemochorial;Trabecular;4531.25;;3361
Primates;cercopithecus_mitis;blue_monkey;136.96;402;1;540.01;13797;Hemochorial;Trabecular;6116.5;402;3929
Primates;cercopithecus_mona;mona_monkey;172.73;280.49;1;608.22;11202.46;Hemochorial;Trabecular;4240.09;280.49;
Primates;cercopithecus_neglectus;De_Brazza's_monkey;176;259.95;1;474.18;11242;Hemochorial;Trabecular;5701;259.95;
Artiodactyla;cervus_elaphus;red_deer;244.4;8255.82;1.04;459.33;11497.5;Epitheliochorial;Villous;160166.7;8586.0528;203625
Artiodactyla;cervus_nippon;sika_deer;223.66;4277.11;1;362.31;9599.5;Epitheliochorial;Villous;52999.99;4277.11;28640
Chiroptera;chaerephon_plicatus;wrinkle-lipped_free-tailed_bat;88.64;4.5;0.99;272.18;2467;Hemochorial;Labyrinthine;21.83;4.455;17.2
Rodentia;chaetodipus_fallax;San_Diego_pocket_mouse;25;-999;3.23;203.39;3041.67;Hemochorial;Labyrinthine;18.95;-3226.77;
Cingulata;chaetophractus_vellerosus;screaming_hairy_armadillo;93.07;;1.5;250.17;5919.08;Hemochorial;Trabecular;1315.05;;850
Cingulata;chaetophractus_villosus;big_hairy_armadillo;67;124.48;1.65;314.53;9198;Hemochorial;Trabecular;4372.8;205.392;2507
Primates;cheirogaleus_medius;fat-tailed_dwarf_lemur;63.77;14.65;2.2;364.75;8471.04;Epitheliochorial;Villous;294.19;32.23;282
Rodentia;chinchilla_lanigera;long-tailed_chinchilla;112.47;39.59;1.69;123.77;7300;Hemochorial;Labyrinthine;485;66.9071;800
Primates;chlorocebus_aethiops;grivet;167.99;-999;1;434.05;16790;Hemochorial;Trabecular;5104.25;-999;2740
Primates;chlorocebus_pygerythrus;vervet_monkey;167.99;;1;434.05;16790;Hemochorial;Trabecular;5104.25;;
Primates;chlorocebus_sabaeus;green_monkey;167.99;;1;434.05;16790;Hemochorial;Trabecular;5104.25;;
Pilosa;choloepus_didactylus;Linnaeus's_two-toed_sloth;274.32;364;1;705.22;13432;Endotheliochorial;Trabecular;6250;364;
Pilosa;choloepus_hoffmanni;Hoffmann's_two-toed_sloth;344.89;373;1;455.81;13505;Endotheliochorial;Trabecular;4250;373;6300
Chiroptera;chrotopterus_auritus;big-eared_woolly_bat;153.05;-999;1;355.2;5894.62;Endotheliochorial;Labyrinthine;84.38;-999;94.38153846
Afrosoricida;chrysochloris_asiatica;Cape_golden_mole;67.67;-999;3.12;245.54;879.04;Hemochorial;Labyrinthine;36.93;-3116.88;
Carnivora;chrysocyon_brachyurus;maned_wolf;64;372.29;3;286.19;6132;Endotheliochorial;Labyrinthine;22250;1116.87;24630
Rodentia;coendou_mexicanus;Mexican_hairy_dwarf_porcupine;137.09;;1;220.21;6095.5;Hemochorial;Labyrinthine;2000;;
Rodentia;coendou_prehensilis;Brazilian_porcupine;203;410.8;1;393.64;9709;Hemochorial;Labyrinthine;3900;410.8;
Primates;colobus_angolensis;Angola_colobus;190.53;-999;1;441.9;12884.5;Hemochorial;Trabecular;8937.5;-999;7770
Primates;colobus_guereza;mantled_guereza;180;444.92;1;441.9;12775;Hemochorial;Trabecular;9058.41;444.92;
Artiodactyla;connochaetes_gnou;black_wildebeest;258.72;10941.45;1;365;7957;Epitheliochorial;Villous;132250;10941.45;
Artiodactyla;connochaetes_taurinus;blue_wildebeest;253;18044.36;1;364.75;9015.5;Epitheliochorial;Villous;180500;18044.36;
Rodentia;crateromys_heaneyi;golden-mantled_ground_squirrel;36.66;;2.04;86.89;3218.08;Hemochorial;Labyrinthine;1000;;
Rodentia;cricetomys_gambianus;Gambian_pouched_rat;34;22.68;3.33;68.77;3066;Hemochorial;Labyrinthine;1510.7;75.5244;
Rodentia;cricetulus_barabensis;Chinese_striped_hamster;20.55;2;5.33;39.76;1934.5;Hemochorial;Labyrinthine;22.85;10.66;
Rodentia;cricetulus_longicaudatus;long-tailed_dwarf_hamster;22.12;-999;5.71;49.93;60.83;Hemochorial;Labyrinthine;22.1;-5704.29;
Carnivora;crocuta_crocuta;spotted_hyena;110;1460;2;444.72;15001.5;Hemochorial;Labyrinthine;63000;2920;
Carnivora;crossarchus_obscurus;common_kusimanse;68.48;9.78;4;121.58;4854.5;Endotheliochorial;Labyrinthine;790;39.12;
Carnivora;cryptoprocta_ferox;fossa;91.31;99.96;3;399.3;8431.5;Endotheliochorial;Labyrinthine;9500;299.88;6100
Rodentia;ctenodactylus_gundi;common_gundi;74;29.89;1.9;69.65;2117;Hemochorial;Labyrinthine;288.8;56.791;
Rodentia;cuniculus_paca;lowland_paca;116;674.77;1.01;190.87;6132;Hemochorial;Labyrinthine;9000;681.5177;
Pilosa;cyclopes_didactylus;silky_anteater;215.75;-999;1;360.86;839.5;Hemochorial;Trabecular;251.98;-999;
Dermoptera;cynocephalus_volans;Philippine_flying_lemur;105;35.79;1;353.59;6387.5;Hemochorial;Labyrinthine;1250;35.79;
Rodentia;cynomys_ludovicianus;black-tailed_prairie_dog;35.42;15.24;4.43;820.69;6570;Hemochorial;Labyrinthine;1125;67.5132;
Chiroptera;cynopterus_sphinx;greater_short-nosed_fruit_bat;120;11;1.1;224.84;3686.5;Hemochorial;Labyrinthine;37.4;12.1;47.84
Carnivora;cystophora_cristata;hooded_seal;334.58;21992.7;1;364.75;12775;Endotheliochorial;Labyrinthine;245448.4;21992.7;
Artiodactyla;dama_dama;fallow_deer;233;4698.44;1.07;364.75;9125;Epitheliochorial;Villous;63612.31;5027.3308;40766.66667
Artiodactyla;damaliscus_lunatus;common_tsessebe;238;11000;1;447.98;8614;Epitheliochorial;Villous;118798.7;11000;
Rodentia;dasyprocta_leporina;red-rumped_agouti;106.39;-999;1.88;136.2;5803.5;Hemochorial;Labyrinthine;2893.75;-1878.12;3830
Rodentia;dasyprocta_punctata;Central_American_agouti;109.83;-999;1.64;126.91;5037;Hemochorial;Labyrinthine;2229.56;-1638.36;
Cingulata;dasypus_hybridus;southern_long-nosed_armadillo;124.07;-999;6.18;265.59;4950.86;Hemochorial;Trabecular;1500;-6173.82;
Cingulata;dasypus_novemcinctus;nine-banded_armadillo;133;96.48;4;343.33;8151.67;Hemochorial;Trabecular;3949.01;385.92;4428.5
Primates;daubentonia_madagascariensis;aye-aye;167;121.79;1;835.63;8869.5;Epitheliochorial;Villous;2610.33;121.79;2573
Cetacea;delphinapterus_leucas;beluga_whale;409.06;57000;1.02;1003.19;14600;Epitheliochorial;Villous;1380000;58140;
Cetacea;delphinus_delphis;short-beaked_common_dolphin;296.89;7069.65;0.99;871.94;10594.12;Epitheliochorial;Villous;77818.35;6998.9535;
Scandentia;dendrogale_murina;northern_smooth-tailed_treeshrew;49.74;;2;44.97;4380;Endotheliochorial;Labyrinthine;49.99;;
Chiroptera;desmodus_rotundus;common_vampire_bat;189;6.94;1;288.78;10658;Endotheliochorial;Labyrinthine;33.18;6.94;43.37795276
Perissodactyla;dicerorhinus_sumatrensis;Sumatran_rhinoceros;236;22849.5;1;1276.63;12775;Epitheliochorial;Villous;1260000;22849.5;
Perissodactyla;diceros_bicornis;black_rhinoceros;474;34999.99;1;1053.46;17973.21;Epitheliochorial;Villous;995940.5;34999.99;
Rodentia;dicrostonyx_groenlandicus;northern_collared_lemming;20.84;4.42;3.4;25.23;1204.5;Hemochorial;Labyrinthine;58.44;15.028;
Rodentia;dinomys_branickii;pacarana;253;769.43;1.97;201.8;4745;Hemochorial;Labyrinthine;12500;1515.7771;5300
Rodentia;dipodomys_deserti;desert_kangaroo_rat;30.5;4.08;3.29;96.04;3285;Hemochorial;Labyrinthine;106.75;13.4232;
Rodentia;dipodomys_merriami;Merriam's_kangaroo_rat;27.85;3.29;2.3;53.96;3540.5;Endotheliochorial;Labyrinthine;37.81;7.567;32.6
Rodentia;dipodomys_ordii;Ord's_kangaroo_rat;29.91;4.99;3.15;142.88;3613.5;Endotheliochorial;Labyrinthine;49.6;15.7185;
Rodentia;dipodomys_panamintinus;Panamint_kangaroo_rat;30.13;4.5;3.5;182.49;1974.04;Endotheliochorial;Labyrinthine;56.58;15.75;
Rodentia;dolichotis_patagonum;Patagonian_mara;91;578.96;1.88;99.74;5256;Hemochorial;Labyrinthine;12500;1088.4448;
Afrosoricida;echinops_telfairi;lesser_hedgehog_tenrec;57.83;7.49;5.49;316.61;6935;Hemochorial;Labyrinthine;166.13;41.1201;99.9
Carnivora;eira_barbara;tayra;66.66;83;2;228.94;8139.5;Endotheliochorial;Labyrinthine;4134.99;166;4350
Artiodactyla;elaphodus_cephalophus;tufted_deer;181.24;-999;1;357.73;8285.5;Epitheliochorial;Villous;33500;-999;
Artiodactyla;elaphurus_davidianus;Pre_David's_deer;286.45;10467.5;1.11;359.5;10037.5;Epitheliochorial;Villous;165989.2;11618.925;130500
Macroscelidea;elephantulus_brachyrhynchus;short-snouted_elephant_shrew;59.56;-999;1.65;74.95;1517.79;Hemochorial;Labyrinthine;45.11;-1648.35;
Macroscelidea;elephantulus_myurus;eastern_rock_elephant_shrew;55.39;8.1;1.84;48.97;1517.79;Hemochorial;Labyrinthine;61.99;14.904;53.83
Macroscelidea;elephantulus_rufescens;rufous_elephant_shrew;58.74;10.29;1.41;88.24;2883.5;Hemochorial;Labyrinthine;55.5;14.5089;
Proboscidea;elephas_maximus;Asian_elephant;642.84;97000;1;1162.83;29200;Endotheliochorial;Labyrinthine;3220000;97000;2663333.333
Carnivora;enhydra_lutris;sea_otter;216.1;1894.37;1;364.75;10950;Endotheliochorial;Labyrinthine;27410.93;1894.37;
Chiroptera;epomophorus_wahlbergi;Wahlberg's_epauletted_fruit_bat;156.43;-999;1;277.08;3686.5;Hemochorial;Labyrinthine;86.8;-999;
Perissodactyla;equus_grevyi;Grvy's_zebra;405.71;39999.99;1;574.61;11384.96;Epitheliochorial;Villous;384000;39999.99;
Perissodactyla;equus_hemionus;onager;346;-999;1;502.41;14162;Epitheliochorial;Villous;230000;-999;
Perissodactyla;equus_kiang;kiang;304.4;-999;1;547.13;14162;Epitheliochorial;Trabecular;262500;-999;
Perissodactyla;equus_zebra;mountain_zebra;363.49;29496.68;1;661.52;12118;Epitheliochorial;Villous;296000;29496.68;248100
Rodentia;erethizon_dorsatum;North_American_porcupine;210;490.59;1;386.6;8541;Hemochorial;Labyrinthine;8009.73;490.59;6818.44444
Erinaceomorpha;erinaceus_europaeus;European_hedgehog;36.07;15.54;4.22;215.14;5110;Hemochorial;Labyrinthine;777.95;65.5788;667
Primates;erythrocebus_patas;patas_monkey;167.2;621.67;1;360.75;10329.5;Hemochorial;Trabecular;7660.5;621.67;
Artiodactyla;eudorcas_thomsonii;Thomson's_gazelle;170.75;2500;1;193.77;7300;Epitheliochorial;Villous;23197.67;2500;
Primates;eulemur_albifrons;white-headed_lemur;124.68;;1.07;450.69;14235;Epitheliochorial;Villous;2426.29;;2281
Primates;eulemur_collaris;collared_brown_lemur;119.42;;1.1;541.88;13505;Epitheliochorial;Villous;2419;;2495
Primates;eulemur_coronatus;crowned_lemur;125.4;57.81;1.5;363.7;10950;Epitheliochorial;Villous;1699.85;86.715;
Primates;eulemur_mongoz;mongoose_lemur;128.5;59.48;1.11;364.75;13213;Epitheliochorial;Villous;1915.57;66.0228;1658
Primates;eulemur_rubriventer;red-bellied_lemur;130;84.97;1;359.23;7497.71;Epitheliochorial;Villous;1765.33;84.97;2139
Primates;eulemur_rufus;red_lemur;119.42;;1.1;541.88;13505;Epitheliochorial;Villous;2406.81;;2456
Primates;eulemur_sanfordi;Sanford's_brown_lemur;119.42;;1.1;541.88;13505;Epitheliochorial;Villous;2406.52;;2147
Carnivora;eumetopias_jubatus;Steller_sea_lion;308.05;18250;1;364.75;11972;Endotheliochorial;Labyrinthine;382466.7;18250;
Cingulata;euphractus_sexcinctus;six-banded_armadillo;64.66;104.98;1.75;238.79;8066.5;Hemochorial;Trabecular;4850;183.715;
Carnivora;felis_chaus;jungle_cat;62.39;135.5;3;120.92;7300;Endotheliochorial;Labyrinthine;10000;406.5;
Carnivora;felis_margarita;sand_cat;66.96;63.99;4.5;197.57;5073.5;Endotheliochorial;Labyrinthine;2750;287.955;
Carnivora;felis_nigripes;black-footed_cat;66.96;72;1.91;227.96;5694;Endotheliochorial;Labyrinthine;2125;137.52;
Carnivora;felis_silvestris;European_wildcat;64.72;106.4;3.69;131.04;10220;Endotheliochorial;Labyrinthine;5036.54;392.616;3150
Rodentia;fukomys_damarensis;Damaraland_mole-rat;92.83;;2.5;239.15;5657.5;Hemochorial;Villous;134.65;;
Rodentia;funambulus_pennantii;northern_palm_squirrel;40.48;6.54;3.14;151.98;1852.38;Hemochorial;Labyrinthine;125.07;20.5356;
Chiroptera;furipterus_horrens;thumbless_bat;133.61;-999;1;318.61;5768.69;Hemochorial;Labyrinthine;3.15;-999;4
Primates;galago_moholi;Mohol_bushbaby;126;11.73;1.55;200.61;6874.17;Epitheliochorial;Villous;180;18.1815;155
Primates;galago_senegalensis;Senegal_bushbaby;126.49;11.5;1.5;221.85;6874.17;Epitheliochorial;Villous;192.2;17.25;199.25
Rodentia;galea_musteloides;common_yellow-toothed_cavy;54;37.39;2.63;53.01;1277.5;Hemochorial;Labyrinthine;337.88;98.3357;
Artiodactyla;gazella_cuvieri;Cuvier's_gazelle;170.87;;1.23;273.81;6533.5;Epitheliochorial;Villous;20348.83;;
Artiodactyla;gazella_dorcas;dorcas_gazelle;156;1573.21;1.22;351.26;8650.5;Epitheliochorial;Villous;47386.47;1919.3162;14100
Artiodactyla;gazella_leptoceros;rhim_gazelle;167.29;4615.3;1;220.78;5329;Epitheliochorial;Villous;24645.75;4615.3;
Artiodactyla;gazella_marica;Arabian_sand_gazelle;169.22;;1.39;349.57;7300;Epitheliochorial;Villous;20200;;
Artiodactyla;gazella_spekei;Speke's_gazelle;187.91;1250;1;206.36;5405.04;Epitheliochorial;Villous;20000;1250;
Artiodactyla;gazella_subgutturosa;goitered;169.22;2317.85;1.39;353.49;7300;Epitheliochorial;Villous;37740.68;3221.8115;
Carnivora;genetta_tigrina;Cape_genet;70.61;85.5;2.5;303.95;7774.5;Endotheliochorial;Labyrinthine;1760;213.75;
Rodentia;geomys_bursarius;plains_pocket_gopher;26.78;5.11;3.39;206.13;4380;Hemochorial;Labyrinthine;186.85;17.3229;
Artiodactyla;giraffa_camelopardalis;northern_giraffe;456.13;55244.9;1.12;613.75;14417.5;Epitheliochorial;Villous;8.00E+05;61874.288;
Rodentia;glaucomys_sabrinus;northern_flying_squirrel;40;5.64;3;271.39;5183;Hemochorial;Labyrinthine;148;16.92;
Rodentia;glaucomys_volans;southern_flying_squirrel;40;3.61;3.13;125.29;6935;Hemochorial;Labyrinthine;65.4;11.2993;79.1
Chiroptera;glossophaga_soricina;Pallas's_long-tongued_bat;107.26;-999;1;243.99;4015;Endotheliochorial;Labyrinthine;10.25;-999;10.56574924
Primates;gorilla_gorilla;western_gorilla;257;2095.89;1.01;1412.93;20221;Hemochorial;Villous;150000;2116.8489;89113.46154
Carnivora;gulo_gulo;wolverine;51.44;86.02;2.84;729.63;7117.5;Endotheliochorial;Labyrinthine;12792.49;244.2968;
Carnivora;halichoerus_grypus;grey_seal;291.23;13995.35;1;364.75;17035.46;Endotheliochorial;Labyrinthine;197570;13995.35;
Primates;hapalemur_griseus;eastern_lesser_bamboo_lemur;141.24;45.2;1.2;332.56;8504.5;Epitheliochorial;Villous;1202.71;54.24;
Carnivora;helarctos_malayanus;sun_bear;98.34;324.99;1.1;588.72;13103.5;Endotheliochorial;Labyrinthine;46000;357.489;
Carnivora;helogale_hirtula;Ethiopian_dwarf_mongoose;57.18;;3.37;191.18;3522.25;Endotheliochorial;Labyrinthine;484.63;;
Afrosoricida;hemicentetes_semispinosus;lowland_streaked_tenrec;53.78;7.39;5.17;184.01;1000.71;Hemochorial;Labyrinthine;133;38.2063;107.6
Carnivora;hemigalus_derbyanus;banded_palm_civet;69.99;125;2;241.93;6570;Endotheliochorial;Labyrinthine;2375;250;
Artiodactyla;hemitragus_jemlahicus;Himalayan_tahr;183;2700;1.01;364.75;7957;Epitheliochorial;Villous;35200;2727;45000
Rodentia;heterocephalus_glaber;naked_mole-rat;70;1.86;8.95;81.04;10329.5;Hemochorial;Labyrinthine;35;16.647;
Hyracoidea;heterohyrax_brucei;yellow-spotted_rock_hyrax;228.21;225;1.89;364.75;5110;Hemochorial;Labyrinthine;2000;425.25;
Artiodactyla;hippopotamus_amphibius;hippopotamus;234.69;40199.99;1;629.34;22338;Epitheliochorial;Villous;2640000;40199.99;1349750
Artiodactyla;hippotragus_equinus;roan_antelope;283.83;16412.18;1;323.78;9453.5;Epitheliochorial;Villous;233500;16412.18;
Artiodactyla;hippotragus_niger;sable_antelope;271;16412.18;1;364.75;8121.25;Epitheliochorial;Villous;225000;16412.18;
Carnivora;hyaena_hyaena;striped_hyena;90.5;653.23;2.5;236.96;9125;Endotheliochorial;Labyrinthine;35070.51;1633.075;
Carnivora;hydrictis_maculicollis;spotted-necked_otter;60.88;-999;2;364.75;8358.5;Endotheliochorial;Labyrinthine;4000;-1998;
Rodentia;hydrochoerus_hydrochaeris;capybara;150.73;1500;3.49;244.83;5511.5;Hemochorial;Labyrinthine;51572.46;5235;62000
Artiodactyla;hydropotes_inermis;water_deer;190;1016.19;3;241.89;5079.58;Epitheliochorial;Villous;12760.04;3048.57;12220
Carnivora;hydrurga_leptonyx;leopard_seal;289.14;29999.99;0.98;364.75;9490;Endotheliochorial;Labyrinthine;375671.1;29399.9902;
Primates;hylobates_agilis;agile_gibbon;216.24;-999;1;1094.25;20805;Hemochorial;Villous;5829.08;-999;
Primates;hylobates_lar;lar_gibbon;216.24;398.86;1;1038.62;20805;Hemochorial;Villous;6194.31;398.86;5340
Primates;hylobates_pileatus;pileated_gibbon;216.24;-999;1;1038.62;20805;Hemochorial;Villous;5656.81;-999;
Rodentia;hystrix_africaeaustralis;Cape_porcupine;93.49;305.59;2.1;376.74;8431.5;Hemochorial;Labyrinthine;14936.02;641.739;
Rodentia;hystrix_cristata;crested_porcupine;71.05;-999;2.3;262.06;10411.63;Hemochorial;Labyrinthine;19166.67;-2297.7;13800
Rodentia;ictidomys_tridecemlineatus;thirteen-lined_ground_squirrel;27.75;;8.09;318.76;2883.5;Hemochorial;Labyrinthine;182;;
Primates;indri_indri;indri;142.06;-999;1.01;911.88;9231.94;Epitheliochorial;Villous;8241.74;-1008.99;
Artiodactyla;inia_geoffrensis;Amazon_river_dolphin;299.19;6799.99;1;644.2;11424.5;Epitheliochorial;Trabecular;98500;6799.99;
Rodentia;jaculus_jaculus;lesser_jerboa;38;2;3.24;91.06;2664.5;Hemochorial;Labyrinthine;57.4;6.48;
Rodentia;kerodon_rupestris;rock_cavy;75.89;82.44;1.52;86.09;4708.5;Hemochorial;Labyrinthine;875.5;125.3088;
Artiodactyla;kobus_ellipsiprymnus;Ellipsen_waterbuck;270;12000;1.05;364.75;11080.79;Epitheliochorial;Villous;175333;12600;
Artiodactyla;kobus_leche;lechwe;229.4;5100;1;369.27;9271;Epitheliochorial;Villous;91722.52;5100;
Artiodactyla;kobus_megaceros;Nile_lechwe;235;-999;1;352.76;7701.5;Epitheliochorial;Villous;87902.96;-999;
Rodentia;lagostomus_maximus;plains_viscacha;155.73;196;2;144.25;3942;Hemochorial;Labyrinthine;6392;392;
Artiodactyla;lama_guanicoe;guanaco;337.55;;1;547.38;22435.33;Epitheliochorial;Villous;112500;;
Rodentia;lemmus_lemmus;Norway_lemming;20.11;3.89;5.12;23.48;1213.63;Hemochorial;Labyrinthine;68.81;19.9168;68.6
Artiodactyla;lemur_catta;ring-tailed_lemur;134.84;75.8;1.11;416.42;13614.5;Epitheliochorial;Villous;2555;84.138;2678
Primates;leontopithecus_chrysomelas;golden-headed_lion_tamarin;132.4;-999;1.95;185.62;11534;Hemochorial;Trabecular;582.66;-1948.05;
Primates;leontopithecus_rosalia;golden_liontamarin;132.4;51.89;1.95;185.62;11534;Hemochorial;Trabecular;623.51;101.1855;
Carnivora;leopardus_geoffroyi;Geoffroy's_cat;74.78;;2.02;239.84;8471.04;Endotheliochorial;Labyrinthine;4000;;
Carnivora;leopardus_pardalis;ocelot;80.35;250;1.66;406.17;10293;Endotheliochorial;Labyrinthine;10500;415;10466.92308
Carnivora;leopardus_wiedii;margay;81.26;157.42;1.5;239.38;8775.21;Endotheliochorial;Labyrinthine;3600;236.13;2158.8
Carnivora;leptailurus_serval;serval;71.83;254;2.35;179.13;8395;Endotheliochorial;Labyrinthine;11999.96;596.9;
Carnivora;leptonychotes_weddellii;Weddell_seal;312.01;27395.84;1;364.75;9125;Endotheliochorial;Labyrinthine;410833.3;27395.84;
Chiroptera;leptonycteris_nivalis;greater_long-nosed_bat;121.66;7.8;1;330.98;3650;Endotheliochorial;Labyrinthine;22.63;7.8;
Chiroptera;leptonycteris_yerbabuenae;lesser_long-nosed_bat;121.83;7.1;1;333.1;3686.5;Endotheliochorial;Labyrinthine;24.26;7.1;
Lagomorpha;lepus_americanus;snowshoe_hare;36.85;67.84;3.41;36.98;2920;Hemochorial;Labyrinthine;1565.61;231.3344;1167.3
Afrosoricida;limnogale_mergulus;web-footed_tenrec;68.48;-999;2.87;331.19;2210.79;Hemochorial;Labyrinthine;77.7;-2867.13;
Artiodactyla;lissodelphis_borealis;northern_right_whale_dolphin;365.28;;1;730;15330;Epitheliochorial;Trabecular;113000;;
Artiodactyla;litocranius_walleri;gerenuk;204.15;-999;1;240.61;6314.5;Epitheliochorial;Villous;41333.33;-999;
Carnivora;lobodon_carcinophaga;crabeater_seal;269.81;20000;1;638.31;14235;Endotheliochorial;Labyrinthine;238333.3;20000;
Carnivora;lontra_canadensis;North_American_river_otter;61.18;135.94;2.67;364.75;9855;Endotheliochorial;Labyrinthine;8087.42;362.9598;
Primates;lophocebus_aterrimus;black_crested_mangabey;181.7;-999;1;676.61;13389.42;Hemochorial;Villous;6768.75;-999;
Primates;loris_tardigradus;red_slender_loris;167.61;11;1.37;235.09;7044.5;Epitheliochorial;Villous;243.71;15.07;224.25
Proboscidea;loxodonta_africana;African_bush_elephant;669.68;105000;1;1735.31;29200;Endotheliochorial;Labyrinthine;4565000;105000;2727333.333
Carnivora;lycaon_pictus;African_wild_dog;72;297.45;7.5;358.69;6205;Endotheliochorial;Labyrinthine;24249.99;2230.875;
Carnivora;lynx_canadensis;Canada_lynx;63;204;3.19;364.75;9782;Endotheliochorial;Labyrinthine;9682.82;650.76;
Carnivora;lynx_lynx;Eurasian_lynx;66.5;289;2.25;364.75;9782;Endotheliochorial;Labyrinthine;21150;650.25;
Carnivora;lynx_rufus;bobcat;66;300;2.53;364.75;11801.67;Endotheliochorial;Labyrinthine;9400;759;
Primates;macaca_fascicularis;crab-eating_macaque;165;328.76;1;414.44;14235;Hemochorial;Trabecular;4569.32;328.76;
Primates;macaca_fuscata;Japanese_macaque;174;501.57;1.42;499.99;14052.5;Hemochorial;Trabecular;8882.5;712.2294;8671.66667
Primates;macaca_mulatta;rhesus_macaque;165;471.47;1;414.47;14600;Hemochorial;Trabecular;6614;471.47;6526.11111
Primates;macaca_nigra;Celebes_crested_macaque;175.96;457.77;1;539.73;12410;Hemochorial;Trabecular;7662.2;457.77;
Primates;macaca_radiata;bonnet_macaque;161.56;367.52;1;364.75;10959.13;Hemochorial;Trabecular;5132.25;367.52;
Primates;macaca_silenus;lion-tailed_macaque;176;416.11;1;506.35;14663.88;Hemochorial;Trabecular;6570;416.11;
Macroscelidea;macroscelides_proboscideus;round-eared_elephant_shrew;65;-999;1.6;78.18;3175.5;Hemochorial;Labyrinthine;39.5;-1598.4;43.3
Artiodactyla;madoqua_guentheri;Gnther's_dik-dik;177.75;684;1;211.87;6387.5;Epitheliochorial;Villous;4550;684;
Artiodactyla;madoqua_kirkii;Kirk's_dik-dik;172;625.82;1;213.1;6314.5;Epitheliochorial;Villous;4833.4;625.82;
Primates;mandrillus_sphinx;mandrill;173.99;612.89;1.05;526.46;16910.45;Hemochorial;Trabecular;23000;643.5345;
Rodentia;marmota_flaviventris;yellow-bellied_marmot;30.2;33.79;4.44;456.81;7738;Hemochorial;Labyrinthine;3709.73;150.0276;2572
Rodentia;marmota_monax;groundhog;32.35;27.19;4.5;591.94;5110;Hemochorial;Labyrinthine;3413;122.355;
Carnivora;martes_americana;American_pine_marten;28;31.3;2.73;364.75;6935;Endotheliochorial;Labyrinthine;892;85.449;960
Carnivora;martes_zibellina;sable;30.4;31.22;3.13;229.12;8030;Endotheliochorial;Labyrinthine;1066.7;97.7186;
Rodentia;mastomys_natalensis;Natal_multimammate_mouse;23.54;1.98;8.6;31.85;1061.54;Hemochorial;Labyrinthine;41.68;17.028;9.3
Artiodactyla;mazama_americana;red_brocket;225;-999;1.22;327.31;6241.5;Epitheliochorial;Villous;23000;-1218.78;
Artiodactyla;megaptera_novaeangliae;humpback_whale;348.84;1299999.99;1;693.03;34675;Epitheliochorial;Trabecular;3.00E+07;1299999.99;
Carnivora;melursus_ursinus;sloth_bear;198;-999;1.54;1094.25;14600;Hemochorial;Labyrinthine;99999.99;-1538.46;
Rodentia;meriones_shawi;Shaw's_jird;25.49;4.35;5.63;31.23;1700.29;Hemochorial;Labyrinthine;137.8;24.4905;
Rodentia;meriones_unguiculatus;Mongolian_gerbil;25.09;2.85;5;45.97;2299.5;Hemochorial;Labyrinthine;58.1;14.25;65.02
Rodentia;mesocricetus_auratus;golden_hamster;16;2.35;8.69;49.67;3650;Hemochorial;Labyrinthine;105;20.4215;76
Primates;microcebus_murinus;gray_mouse_lemur;60.34;4.78;2.41;218.85;6643;Epitheliochorial;Villous;66.9;11.5198;109
Rodentia;microdipodops_megacephalus;dark_kangaroo_mouse;25.95;-999;3.9;111.27;1977.08;Endotheliochorial;Labyrinthine;13.41;-3896.1;
Rodentia;microtus_xanthognathus;taiga_vole;23.44;3.49;8.18;34.87;1000.25;Hemochorial;Labyrinthine;92.65;28.5482;
Primates;miopithecus_talapoin;Angolan_talapoin;164.38;179.04;1;730;11278.5;Hemochorial;Trabecular;1362.5;179.04;
Carnivora;mirounga_angustirostris;northern_elephant_seal;290.63;34381.77;1;364.75;7406.46;Endotheliochorial;Labyrinthine;914528.7;34381.77;334720
Primates;mirza_coquereli;Coquerel's_giant_mouse_lemur;89;12.92;1.71;364.75;6351;Epitheliochorial;Villous;311.2;22.0932;302
Chiroptera;mormoops_megalophylla;ghost-faced_bat;103.24;0.91;1;352.59;2728.03;Hemochorial;Labyrinthine;16.05;0.91;
Carnivora;mungos_mungo;banded_mongoose;60.91;24.2;2.68;364.75;6351;Endotheliochorial;Labyrinthine;1331.5;64.856;
Artiodactyla;muntiacus_muntjak;Indian_muntjac;210;1371.39;1.17;240.84;6862;Epitheliochorial;Villous;17611.59;1604.5263;15000
Artiodactyla;muntiacus_reevesi;Reeves's_muntjac;208.79;1050;1;214.98;8468;Epitheliochorial;Villous;13499.94;1050;8900
Rodentia;mus_musculus;house_mouse;19.6;1.06;6.07;29.98;2190;Hemochorial;Labyrinthine;20.5;6.4342;16.7
Carnivora;mustela_putorius;European_polecat;41.49;9.5;7.68;196.12;5110;Endotheliochorial;Labyrinthine;809;72.96;
Rodentia;myocastor_coypus;coypu;131.86;205.7;5.34;130.66;4380;Hemochorial;Labyrinthine;7150;1098.438;6360
Rodentia;myodes_glareolus;bank_vole;20;1.83;4.3;21.36;1794.58;Hemochorial;Labyrinthine;20.8;7.869;
Rodentia;myodes_rutilus;northern_red-backed_vole;23.71;1.8;6.3;20.49;1085.32;Hemochorial;Labyrinthine;25;11.34;
Rodentia;myoprocta_pratti;green_acouchi;99.33;79.3;1.87;126.6;5402;Hemochorial;Villous;914;148.291;
Chiroptera;myotis_lucifugus;little_brown_bat;57.4;2.18;1;364.75;12410;Hemochorial;Labyrinthine;7.15;2.18;6.49
Pilosa;myrmecophaga_tridactyla;giant_anteater;184;1500;1;476.09;11506.63;Hemochorial;Trabecular;29531.83;1500;32770
Chiroptera;myzopoda_aurita;Madagascar_sucker-footed_bat;104.53;;1.03;360.48;5044.91;Endotheliochorial;Labyrinthine;9.1;;
Artiodactyla;naemorhedus_goral;Himalayan_goral;215;2000;1;364.75;6916.75;Epitheliochorial;Villous;28231.59;2000;
Carnivora;nandinia_binotata;African_palm_civet;64.83;56;2;182.13;7741.04;Endotheliochorial;Labyrinthine;2167.2;112;
Artiodactyla;nanger_dama;dama_gazelle;208;-999;1;182.38;7044.5;Epitheliochorial;Villous;73000;-999;
Artiodactyla;nanger_granti;Grant's_gazelle;196;5215.17;1;230.05;7190.5;Epitheliochorial;Villous;61232.23;5215.17;
Primates;nasalis_larvatus;proboscis_monkey;167.16;450;1.01;543.38;9161.5;Hemochorial;Trabecular;13441.58;454.5;
Carnivora;nasua_narica;white-nosed_coati;77.92;140;4.17;364.75;9636;Endotheliochorial;Labyrinthine;3750;583.8;3700
Carnivora;nasua_nasua;South_American_coati;74.03;144.91;3.81;364.75;8650.5;Endotheliochorial;Labyrinthine;4000;552.1071;4244.322222
Chiroptera;natalus_tumidirostris;Trinidadian_funnel-eared_bat;121.11;;1.02;359.45;4590.07;Endotheliochorial;Labyrinthine;5.85;;
Carnivora;neofelis_nebulosa;clouded_leopard;93.13;166.49;2.25;254.61;7227;Endotheliochorial;Labyrinthine;19500;374.6025;
Rodentia;neotoma_albigula;white-throated_woodrat;36.22;11.21;2.14;48.97;3467.5;Hemochorial;Labyrinthine;190.5;23.9894;
Rodentia;neotoma_floridana;eastern_woodrat;35.53;14.04;2.63;65.96;3467.5;Hemochorial;Labyrinthine;208.18;36.9252;
Rodentia;neotoma_fuscipes;dusky-footed_woodrat;32.13;13.15;2.72;129.87;304.17;Hemochorial;Labyrinthine;213.26;35.768;
Rodentia;neotoma_lepida;desert_woodrat;33;9.36;2.92;59.96;3832.5;Hemochorial;Labyrinthine;113.4;27.3312;
Artiodactyla;neotragus_pygmaeus;royal_antelope;188;-999;1;264.82;5803.5;Epitheliochorial;Villous;4200;-999;
Carnivora;neovison_vison;American_mink;36.22;;4.76;364.75;4161;Endotheliochorial;Labyrinthine;899.75;;710
Primates;nomascus_gabriellae;olden-cheeked_crested_gibbon;207.59;;1;889.37;16826.5;Hemochorial;Villous;6621.09;;
Primates;nycticebus_coucang;Sunda_slow_loris;189.55;50.47;1.04;428.21;9672.5;Epitheliochorial;Villous;953.3;52.4888;1195
Primates;nycticebus_pygmaeus;pygmy_slow_loris;188;19.89;1.12;447.69;9672.5;Epitheliochorial;Villous;400;22.2768;376
Lagomorpha;ochotona_princeps;American_pika;30.44;11;3;30.18;2670.58;Hemochorial;Labyrinthine;140.2;33;168.8
Rodentia;octodon_degus;common_degu;90.09;14.19;5.31;112.24;5110;Hemochorial;Labyrinthine;204.84;75.3489;
Carnivora;odobenus_rosmarus;walrus;353.7;59090.9;1.18;820.69;14600;Endotheliochorial;Labyrinthine;846498.1;69727.262;
Artiodactyla;odocoileus_hemionus;mule_deer;207;3007.49;1.62;364.75;8030;Epitheliochorial;Villous;57000;4872.1338;
Artiodactyla;odocoileus_virginianus;white-tailed_deer;201.39;2949.99;1.71;303.87;8395;Epitheliochorial;Villous;65320;5044.4829;52060
Artiodactyla;okapia_johnstoni;okapi;452.58;18325.61;1;592.64;12227.5;Epitheliochorial;Villous;230001.1;18325.61;
Rodentia;ondatra_zibethicus;muskrat;27.78;21.99;6.42;29.98;3650;Hemochorial;Labyrinthine;997.96;141.1758;
Cetacea;orcinus_orca;killer_whale;454.72;158745.07;1;1459.5;36500;Epitheliochorial;Villous;4300000;158745.07;5443200
Artiodactyla;oreamnos_americanus;mountain_goat;182.62;3080.81;1.32;364.75;7592;Epitheliochorial;Villous;77227.7;4066.6692;
Artiodactyla;oreotragus_oreotragus;klipspringer;206.66;1130;1;364.75;9453.5;Epitheliochorial;Villous;13000;1130;
Tubulidentata;orycteropus_afer;aardvark;222.05;1899.68;1.03;364.75;10877;Endotheliochorial;Labyrinthine;56175.2;1956.6704;
Lagomorpha;oryctolagus_cuniculus;European_rabbit;30.6;39.11;5.24;28.98;6570;Hemochorial;Labyrinthine;1900;204.9364;1827
Artiodactyla;oryx_dammah;scimitar_oryx;247;9706.02;1;221.63;10037.5;Epitheliochorial;Villous;177500;9706.02;
Artiodactyla;oryx_gazella;South_African_oryx;168;12055.49;1;221.63;8723.5;Epitheliochorial;Villous;37500;12055.49;
Artiodactyla;oryx_leucoryx;Arabian_oryx;243;-999;1;221.63;8723.5;Epitheliochorial;Villous;121350;-999;
Carnivora;otocolobus_manul;Pallas's_cat;72.13;;4.14;199.02;5803.5;Endotheliochorial;Labyrinthine;3500;;
Carnivora;otocyon_megalotis;bat-eared_fox;68;120.7;4;182.13;6527.42;Endotheliochorial;Labyrinthine;4150;482.8;4073.75
Primates;otolemur_garnettii;northern_greater_galago;128.74;49.21;1.26;221.85;6874.17;Epitheliochorial;Villous;1300;62.0046;734
Rodentia;otospermophilus_beecheyi;California_ground_squirrel;28.5;;6.71;396.15;1974.04;Hemochorial;Labyrinthine;575.3;;
Artiodactyla;ovibos_moschatus;muskox;258;10444.11;1.01;577.36;10001;Epitheliochorial;Villous;312500;10548.5511;
Artiodactyla;ovis_canadensis;bighorn_sheep;180;4115.85;1.03;364.75;8760;Epitheliochorial;Villous;69125;4239.3255;51100
Artiodactyla;ovis_dalli;Dall's_sheep;175.25;3499.99;1.06;364.75;8760;Epitheliochorial;Villous;70194.13;3709.9894;49066.66667
Artiodactyla;ovis_vignei;urial;158.89;;1.22;364.75;8322;Epitheliochorial;Villous;110000;;
Primates;pan_paniscus;bonobo;235.32;1399.53;1;1769.04;20075;Hemochorial;Villous;35119.95;1399.53;31940
Primates;pan_troglodytes;chimpanzee;229;1745.02;1.08;1331.59;27010;Hemochorial;Villous;44983.5;1884.6216;33400
Carnivora;panthera_leo;lion;109;1291.71;2.83;689.03;10950;Endotheliochorial;Labyrinthine;149062;3655.5393;143000
Carnivora;panthera_onca;jaguar;100.75;817.3;2;364.75;10353.83;Endotheliochorial;Labyrinthine;81150;1634.6;58000
Carnivora;panthera_tigris;tiger;105.19;1313.5;2.57;785.09;9599.5;Endotheliochorial;Labyrinthine;128800;3375.695;131000
Carnivora;panthera_uncia;snow_leopard;97.92;;2.12;364.75;7738;Endotheliochorial;Labyrinthine;47812.5;;
Primates;papio_anubis;olive_baboon;178.96;947.31;1.01;638.31;16425;Hemochorial;Trabecular;17728.56;956.7831;11700
Primates;papio_hamadryas;hamadryas_baboon;179.28;890;1;587.76;16425;Hemochorial;Villous;18000;890;9900
Primates;papio_papio;Guinea_baboon;179.28;600.38;1.01;587.76;16425;Hemochorial;Trabecular;18000;606.3838;
Carnivora;paradoxurus_hermaphroditus;Asian_palm_civet;60;92.07;3.29;182.38;9125;Endotheliochorial;Labyrinthine;3180;302.9103;
Rodentia;paraxerus_cepapi;Smith's_bush_squirrel;56.87;12.75;2.01;60.46;3491.83;Hemochorial;Labyrinthine;222.85;25.6275;
Artiodactyla;pecari_tajacu;collared_peccary;143.36;618.53;1.82;154.89;11497.5;Epitheliochorial;Villous;20500;1125.7246;17956.25
Rodentia;pedetes_capensis;South_African_springhare;78.02;253.49;1;100.93;7315.21;Hemochorial;Labyrinthine;2774.63;253.49;
Primates;perodicticus_potto;potto;193;37.16;1.03;275.84;9782;Epitheliochorial;Villous;1011;38.2748;989
Rodentia;perognathus_parvus;Great_Basin_pocket_mouse;24;1.5;4.8;279.83;2117;Hemochorial;Labyrinthine;20.1;7.2;
Rodentia;peromyscus_eremicus;cactus_mouse;26;2.51;2.6;38.72;2701;Hemochorial;Labyrinthine;21.75;6.526;
Rodentia;peromyscus_leucopus;white-footed_mouse;25.26;1.8;4.35;26.28;2920;Hemochorial;Labyrinthine;22.3;7.83;17.675
Rodentia;peromyscus_maniculatus;deer_mouse;26;1.73;4.62;26.78;3041.67;Hemochorial;Labyrinthine;20.5;7.9926;19.57
Rodentia;peromyscus_polionotus;oldfield_mouse;24;1.54;3.6;24.61;2007.5;Hemochorial;Labyrinthine;14;5.544;
Macroscelidea;petrodromus_tetradactylus;four-toed_elephant_shrew;76.67;30.95;1.17;184.8;2609.75;Hemochorial;Labyrinthine;208;36.2115;
Rodentia;petromus_typicus;dassie_rat;86.11;-999;1.69;231.65;2579.33;Hemochorial;Labyrinthine;212;-1688.31;
Artiodactyla;phacochoerus_aethiopicus;desert_warthog;166.86;691.95;3.37;364.75;6862;Epitheliochorial;Villous;73303.76;2331.8715;
Artiodactyla;phacochoerus_africanus;common_warthog;168.25;-999;3;425.71;7628.5;Epitheliochorial;Trabecular;91249.99;-2997;
Artiodactyla;philantomba_monticola;blue_duiker;195.7;709.41;1;264.82;5803.5;Epitheliochorial;Villous;4896.05;709.41;
Carnivora;phoca_largha;spotted_seal;270.77;7100;1;364.75;17374;Endotheliochorial;Labyrinthine;93097.92;7100;
Carnivora;phoca_vitulina;harbor_seal;253.57;10213.75;1;364.75;17374;Endotheliochorial;Labyrinthine;94283.33;10213.75;
Cetacea;phocoena_phocoena;harbour_porpoise;307.01;8892.16;1;364.75;7446;Epitheliochorial;Trabecular;52730.93;8892.16;62000
Rodentia;phodopus_campbelli;Campbell's_dwarf_hamster;20;1.49;5.48;31.98;1426.54;Hemochorial;Labyrinthine;28.75;8.1652;
Rodentia;phodopus_sungorus;winter_white_dwarf_hamster;19.89;2.04;5.24;31.98;1426.54;Hemochorial;Labyrinthine;30.87;10.6896;
Chiroptera;phyllostomus_discolor;pale_spear-nosed_bat;105;7.29;1;227.52;3285;Endotheliochorial;Labyrinthine;40.05;7.29;37.04081633
Primates;pithecia_pithecia;white-faced_saki;159.57;-999;1;383.25;13206.92;Hemochorial;Villous;1480;-999;
Artiodactyla;platanista_gangetica;South_Asian_river_dolphin;313.88;-999;1;730;10220;Epitheliochorial;Trabecular;85250;-999;
Carnivora;poecilogale_albinucha;African_striped_weasel;32.25;4;2.22;243.16;2278.21;Endotheliochorial;Labyrinthine;282.83;8.88;
Primates;pongo_abelii;Sumatran_orangutan;259.42;;1.14;1709.58;21900;Hemochorial;Villous;53408.29;;
Primates;pongo_pygmaeus;Bornean_orangutan;259.42;1644.2;1.14;1709.58;21900;Hemochorial;Villous;58941.64;1874.388;37797.55556
Artiodactyla;potamochoerus_porcus;red_river_hog;120;750;3;364.75;8227.71;Epitheliochorial;Villous;71000;2250;
Afrosoricida;potamogale_velox;giant_otter_shrew;74.57;-999;2.07;246.6;3004.09;Hemochorial;Labyrinthine;716.35;-2067.93;
Carnivora;potos_flavus;kinkajou;115.9;171.84;1;364.75;14016;Endotheliochorial;Labyrinthine;2420.91;171.84;
Carnivora;prionailurus_bengalensis;leopard_cat;66.05;83;2.5;164.17;6314.5;Endotheliochorial;Labyrinthine;4150;207.5;
Carnivora;prionailurus_viverrinus;fishing_cat;71.43;170;2;213.16;6278;Endotheliochorial;Labyrinthine;10650;340;
Hyracoidea;procavia_capensis;rock_hyrax;226.45;203.49;2.44;364.75;5405.04;Hemochorial;Labyrinthine;2750;496.5156;3600
Carnivora;procyon_lotor;raccoon;63.91;82.46;3.39;364.75;7665;Endotheliochorial;Labyrinthine;5075;279.5394;6320
Primates;propithecus_coquereli;Coquerel'ssifaka;145.53;102.45;1.01;364.75;11132.5;Epitheliochorial;Villous;3622.7;103.4745;3757
Primates;propithecus_diadema;diademed_sifaka;166.28;134.99;1.01;744.69;4036.29;Hemochorial;Villous;6414.5;136.3399;
Primates;propithecus_tattersalli;golden-crowned_sifaka;147.93;97.47;1.04;510.19;7467.29;Hemochorial;Villous;3545;101.3688;3167
Primates;propithecus_verreauxi;Verreaux's_sifaka;148;102.65;1.02;450.69;11132.5;Epitheliochorial;Villous;3588.26;104.703;3696
Artiodactyla;pseudois_nayaur;blue_sheep;159.74;-999;1.5;282.33;8760;Epitheliochorial;Villous;50917.6;-1498.5;
Chiroptera;pteronotus_davyi;Davy's_(lesser)_naked-backed_bat;60;1.15;1;352.19;2682.75;Hemochorial;Labyrinthine;9.4;1.15;
Chiroptera;pteronotus_parnellii;Parnell's_mustached_bat;107.97;-999;1;360.04;5135.41;Hemochorial;Labyrinthine;19.4;-999;
Carnivora;pteronura_brasiliensis;giant_otter;68.79;204.25;1.94;364.75;6314.5;Endotheliochorial;Labyrinthine;24000;396.245;
Chiroptera;pteropus_giganteus;Indian_flying_fox;155.8;90.32;1;364.75;14907.21;Hemochorial;Labyrinthine;824.85;90.32;900
Chiroptera;pteropus_hypomelanus;small_flying_fox;156.43;-999;1;354.15;7409.5;Hemochorial;Labyrinthine;442.81;-999;
Chiroptera;pteropus_poliocephalus;grey-headed_flying_fox;187.72;70;1;360.97;8614;Hemochorial;Labyrinthine;675;70;675
Chiroptera;pteropus_rodricensis;Rodrigues_flying_fox;198;45;1;372.33;10950;Hemochorial;Labyrinthine;303.09;45;
Artiodactyla;pudu_puda;pudus;205.75;780;1.03;233.16;7665;Epitheliochorial;Villous;9642.62;803.4;
Carnivora;puma_concolor;cougar;92.3;409.87;2.76;681.49;8687;Endotheliochorial;Labyrinthine;48000;1131.2412;30466.66667
Carnivora;pusa_hispida;ringed_seal;251;4500;1;364.75;16790;Endotheliochorial;Labyrinthine;88070;4500;
Primates;pygathrix_nemaeus;red-shanked_douc;182.88;191.94;1;397.58;9775.92;Hemochorial;Trabecular;9875;191.94;
Artiodactyla;rangifer_tarandus;reindeer;222.5;5490.62;1.1;364.75;7920.5;Epitheliochorial;Villous;101250;6039.682;86260
Artiodactyla;raphicerus_campestris;steenbok;198.75;916.51;1;216.85;5110;Epitheliochorial;Villous;11333.33;916.51;
Rodentia;rattus_norvegicus;brown_rat;21.61;5.8;8.86;54.74;1825;Hemochorial;Labyrinthine;280;51.388;310.51
Rodentia;ratufa_affinis;cream-coloured_giant_squirrel;55.79;;1.63;241.18;3522.25;Hemochorial;Labyrinthine;1155.82;;
Perissodactyla;rhinoceros_unicornis;Indian_rhinoceros;479;61326.59;1;879.12;17885;Epitheliochorial;Villous;1600000;61326.59;
Chiroptera;rhinolophus_rouxii;rufous_horseshoe_bat;123.54;2.86;0.99;349.2;1825;Endotheliochorial;Labyrinthine;12.25;2.8314;
Chiroptera;rhinopoma_hardwickii;esser_mouse-tailed_bat;98.28;2.5;1;364.75;4935.28;Endotheliochorial;Labyrinthine;12;2.5;
Macroscelidea;rhynchocyon_petersi;black_and_rufous_elephant_shrew;64.48;-999;1.93;157.4;1639.46;Hemochorial;Labyrinthine;423.99;-1928.07;
Chiroptera;rousettus_aegyptiacus;Egyptian_fruit_bat;116;19.13;1.04;260.28;8358.5;Hemochorial;Labyrinthine;134;19.8952;
Chiroptera;rousettus_leschenaultii;Leschenault's_rousette;118.33;12;1.01;234.78;5110;Hemochorial;Labyrinthine;96.57;12.12;
Artiodactyla;rucervus_duvaucelii;swamp_deer;249.94;-999;1;365;8942.5;Epitheliochorial;Villous;171223.9;-999;
Artiodactyla;rucervus_eldii;Eld's_deer;240.19;4674.98;1.01;377.09;7482.5;Epitheliochorial;Villous;95471.61;4721.7298;
Chiroptera;saccopteryx_bilineata;greater_sac-winged_bat;111.48;3.49;1;349.68;2190;Endotheliochorial;Labyrinthine;7.9;3.49;8
Primates;saguinus_bicolor;pied_tamarin;160;-999;1.63;216.74;6935;Hemochorial;Trabecular;495;-1628.37;
Primates;saguinus_geoffroyi;Geoffroy's_tamarin;172.12;47.84;1.95;240.74;9563;Hemochorial;Trabecular;453.77;93.288;502
Primates;saguinus_imperator;emperor_tamarin;145;46.55;2;208.04;8650.5;Hemochorial;Trabecular;482.15;93.1;
Primates;saguinus_midas;red-handed_tamarin;132.62;39.78;2;206.69;7665;Hemochorial;Trabecular;547.18;79.56;
Primates;saguinus_oedipus;cotton-top_tamarin;177.87;41;1.9;238.37;9563;Hemochorial;Trabecular;445.5;77.9;473
Artiodactyla;saiga_tatarica;saiga_antelope;149.42;3326.46;1.58;364.75;4380;Epitheliochorial;Villous;37992;5255.8068;
Primates;saimiri_boliviensis;black-capped_squirrel_monkey;162.55;-999;1;373.87;11059.5;Hemochorial;Trabecular;799.73;-999;
Eulipotyphla;scalopus_aquaticus;common_mole;41.54;5.35;3.75;264.98;2263;Hemochorial;Labyrinthine;74.6;20.0625;87.2
Rodentia;sciurus_carolinensis;Geoffroy's_tamarin;44;15.17;3;180.1;8760;Hemochorial;Labyrinthine;540.33;45.51;413
Rodentia;sciurus_niger;fox_squirrel;44.34;;3;191.54;5840;Hemochorial;Labyrinthine;803.7;;
Rodentia;sciurus_vulgaris;red_squirrel;38;8.83;4.43;91.06;5402;Hemochorial;Labyrinthine;328.88;39.1169;325
Rodentia;sekeetamys_calurus;bushy-tailed_jird;29.8;-999;2.9;46.55;2664.5;Hemochorial;Labyrinthine;60.25;-2897.1;
Primates;semnopithecus_entellus;northern_plains_gray_langur;192;499.83;1.02;510.63;10685.38;Hemochorial;Trabecular;12679.29;509.8266;
Afrosoricida;setifer_setosus;greater_hedgehog_tenrec;57.52;24.7;3.04;289.24;5146.5;Hemochorial;Labyrinthine;304.11;75.088;218.8
Eulipotyphla;solenodon_paradoxus;Hispaniolan_solenodon;64.8;89.99;1.86;235.67;4416.5;Hemochorial;Labyrinthine;900;167.3814;
Eulipotyphla;sorex_araneus;common_shrew;21;0.42;6.56;42.25;1168;Hemochorial;Labyrinthine;8.2;2.7552;7.45
Eulipotyphla;sorex_fumeus;smoky_shrew;18.87;-999;5.25;55.34;517.08;Hemochorial;Labyrinthine;8.02;-5244.75;
Eulipotyphla;sorex_minutus;Eurasian_pygmy_shrew;23.62;0.22;5.91;97.19;730;Hemochorial;Labyrinthine;4.2;1.3002;3.01
Cetacea;sotalia_fluviatilis;tucuxi;330.25;-999;0.99;730;12775;Epitheliochorial;Villous;46666.68;-989.01;
Carnivora;speothos_venaticus;bush_dog;67.89;157.5;4.13;248.3;5146.5;Endotheliochorial;Labyrinthine;6000;650.475;
Rodentia;spermophilus_citellus;European_ground_squirrel;27.41;-999;6;300.75;2445.5;Hemochorial;Labyrinthine;228.5;-5994;
Cetacea;stenella_coeruleoalba;striped_dolphin;368.28;11300;1.5;1264.38;20987.5;Epitheliochorial;Villous;122950;16950;60500
Eulipotyphla;suncus_murinus;Asian_house_shrew;30;2.44;3.05;55.96;1183.21;Hemochorial;Labyrinthine;45.87;7.442;59.73
Carnivora;suricata_suricatta;meerkat;77;30.5;3.86;364.75;7519;Endotheliochorial;Labyrinthine;776;117.73;
Artiodactyla;sus_cebifrons;Visayan_warty_pig;121.7;-999;5.03;328.56;6205;Epitheliochorial;Villous;102750;-5024.97;
Artiodactyla;sus_scrofa;wild_boar;115.2;807.77;5.57;229.84;9855;Epitheliochorial;Villous;135000;4499.2789;50600
Lagomorpha;sylvilagus_aquaticus;swamp_rabbit;37.8;55.7;3.07;37.75;3250.1;Hemochorial;Labyrinthine;2127.01;170.999;
Lagomorpha;sylvilagus_audubonii;desert_cottontail;28.61;34.36;3;37.71;2853.08;Hemochorial;Labyrinthine;791.29;103.08;
Lagomorpha;sylvilagus_floridanus;eastern_cottontail;28.7;34.15;5;30.2;3577;Hemochorial;Labyrinthine;1178.6;170.75;1248.6
Lagomorpha;sylvilagus_transitionalis;New_England_cottontail;28;-999;4.78;30.2;3577;Hemochorial;Labyrinthine;1150;-4775.22;1077.99
Primates;symphalangus_syndactylus;siamang;231;517;1.02;804.82;15695;Hemochorial;Villous;10869.5;527.34;
Artiodactyla;syncerus_caffer;African_buffalo;333.36;39843.11;1.08;636.44;10877;Epitheliochorial;Villous;646333;43030.5588;
Chiroptera;tadarida_brasiliensis;Mexican_free-tailed_bat;84;3.19;1.06;364.75;5475;Endotheliochorial;Labyrinthine;12.5;3.3814;
Eulipotyphla;talpa_europaea;European_mole;31.34;3.24;3.99;280.64;2555;Endotheliochorial;Labyrinthine;110.42;12.9276;75.64
Pilosa;tamandua_tetradactyla;southern_tamandua;160;-999;1;301.77;7135.75;Hemochorial;Trabecular;4500;-999;
Rodentia;tamias_striatus;eastern_chipmunk;31.25;;4.22;151.37;3467.5;Hemochorial;Labyrinthine;92.6;;
Rodentia;tamiasciurus_hudsonicus;American_red_squirrel;37;6.89;4.2;139.73;4380;Hemochorial;Labyrinthine;210.8;28.938;219.4
Chiroptera;taphozous_melanopogon;black-bearded_tomb_bat;121.76;5.8;1;329.33;7300;Endotheliochorial;Labyrinthine;25.99;5.8;
Perissodactyla;tapirus_bairdii;Baird's_tapir;400.84;-999;1;526.93;10804;Epitheliochorial;Villous;3.00E+05;-999;
Perissodactyla;tapirus_indicus;Malayan_tapir;392;6848.35;1;693.03;13322.5;Epitheliochorial;Villous;296250;6848.35;225000
Perissodactyla;tapirus_pinchaque;mountain_tapir;393.99;4720;1;550.57;10402.5;Epitheliochorial;Villous;148950;4720;
Perissodactyla;tapirus_terrestris;South_American_tapir;396.86;4507.91;1;64.96;14454;Epitheliochorial;Trabecular;225000;4507.91;219500
Cetacea;tasmacetus_shepherdi;Shepherd's_beaked_whale;370.68;;1;1070.31;20382.01;Epitheliochorial;Villous;5600000;;
Carnivora;taxidea_taxus;American_badger;43.8;93.49;3;364.75;9490;Endotheliochorial;Labyrinthine;8000;280.47;6385
Afrosoricida;tenrec_ecaudatus;tailless_tenrec;60.24;24.24;16.89;216.56;3175.5;Hemochorial;Labyrinthine;885.8;409.4136;658.3
Primates;theropithecus_gelada;gelada;172.42;464.92;1;752.73;13140;Hemochorial;Trabecular;15964.11;464.92;
Rodentia;thomomys_bottae;Botta's_pocket_gopher;23.87;3.2;4.33;244.04;2226.5;Hemochorial;Labyrinthine;103.5;13.856;85
Chiroptera;thyroptera_tricolor;Spixs_disk-winged_bat;154.24;1.09;0.98;287.13;5421.74;Hemochorial;Labyrinthine;4.52;1.0682;
Cingulata;tolypeutes_tricinctus;Brazilian_three-banded_armadillo;99.97;-999;0.93;330.57;2427.25;Endotheliochorial;Trabecular;1465.72;-929.07;
Primates;trachypithecus_auratus;East_Javan_langur;169.87;;1.06;520.37;11351.5;Hemochorial;Trabecular;9719.6;;
Primates;trachypithecus_cristatus;silvery_lutung;149.75;-999;1;618.96;12373.5;Hemochorial;Trabecular;7071.5;-999;
Primates;trachypithecus_delacouri;Delacour's_langur;165.24;-999;1.5;623.03;9599.5;Hemochorial;Trabecular;7325;-1498.5;
Primates;trachypithecus_francoisi;Franois'_langur;168.2;454.56;1.26;541.77;9599.5;Hemochorial;Trabecular;7604.75;572.7456;
Primates;trachypithecus_germaini;Germain's_langur;149.75;;1;611.78;12373.5;Hemochorial;Trabecular;7071.5;;
Primates;trachypithecus_obscurus;dusky_leaf_monkey;146.63;339.18;1;616.82;12373.5;Hemochorial;Trabecular;7163.94;339.18;
Primates;trachypithecus_vetulus;purple-faced_langur;211;359.99;1;783.29;9526.5;Hemochorial;Villous;7081.8;359.99;
Artiodactyla;tragelaphus_angasii;lowland_nyala;224;5541.58;1;295.8;6752.5;Epitheliochorial;Villous;100666.7;5541.58;
Artiodactyla;tragelaphus_eurycerus;antelope;288;19944.92;1;549.27;7993.5;Epitheliochorial;Villous;270998.4;19944.92;
Artiodactyla;tragelaphus_imberbis;lesser_kudu;235;5891.21;1;258.36;7227;Epitheliochorial;Villous;82500;5891.21;
Artiodactyla;tragelaphus_oryx;common_eland;271;;1;338.27;9526.5;Epitheliochorial;Villous;291250;;
Artiodactyla;tragelaphus_scriptus;harnessed_bushbuck;187.79;3027.79;1;235.56;5584.5;Epitheliochorial;Villous;43250.39;3027.79;
Artiodactyla;tragelaphus_spekii;sitatunga;242;4000;1;352.67;8249;Epitheliochorial;Villous;87500;4000;
Artiodactyla;tragelaphus_strepsiceros;greater_kudu;225.54;15366.57;1;364.75;8577.5;Epitheliochorial;Villous;206056.4;15366.57;166300
Artiodactyla;tragulus_javanicus;Java_mouse-deer;144;-999;1;188.18;5110;Epitheliochorial;Villous;1753.97;-999;
Artiodactyla;tragulus_napu;greater_mouse-deer;153.62;372.99;1;151.94;6095.5;Epitheliochorial;Villous;3850;372.99;
Carnivora;tremarctos_ornatus;spectacled_bear;225.55;320;1.5;365;14329.29;Endotheliochorial;Labyrinthine;109250;480;
Sirenia;trichechus_manatus;West_Indian_manatee;334.58;29636.99;1;1094.63;20440;Endotheliochorial;Labyrinthine;387500;29636.99;
Scandentia;tupaia_belangeri;northern_treeshrew;46;-999;2;45.12;4532.08;Endotheliochorial;Labyrinthine;200;-1998;
Scandentia;tupaia_glis;common_treeshrew;46;12.6;2.22;45.12;4532.08;Endotheliochorial;Labyrinthine;159;27.972;176.5
Scandentia;tupaia_gracilis;slender_treeshrew;47.69;;2.42;138.53;1274.46;Endotheliochorial;Labyrinthine;111.95;;
Scandentia;tupaia_javanica;Horsfield's_treeshrew;46.35;-999;2.95;143.86;2438.96;Endotheliochorial;Labyrinthine;105;-2947.05;
Scandentia;tupaia_longipes;long-footed_treeshrew;46;-999;2.11;45.12;4532.08;Endotheliochorial;Labyrinthine;163.53;-2107.89;
Scandentia;tupaia_minor;pygmy_treeshrew;50;-999;1.99;49.97;4453;Endotheliochorial;Labyrinthine;58.6;-1988.01;
Scandentia;tupaia_montana;mountain_treeshrew;49.61;11;1.76;122.47;577.92;Endotheliochorial;Labyrinthine;225.53;19.36;
Scandentia;tupaia_palawanensis;Palawan_treeshrew;47.95;;2.6;148.83;2570.93;Endotheliochorial;Labyrinthine;168.05;;
Scandentia;tupaia_picta;painted_treeshrew;48.19;;2.41;151.06;2310.43;Endotheliochorial;Labyrinthine;168.05;;
Scandentia;tupaia_tana;large_treeshrew;54.62;-999;2.19;365;5110;Hemochorial;Labyrinthine;197.8;-2187.81;215
Cetacea;tursiops_truncatus;common_bottlenose_dolphin;365;24369.6;1;1095;19345;Epitheliochorial;Villous;230000;24369.6;145833
Rodentia;urocitellus_columbianus;Columbian_ground_squirrel;24.2;;3.54;402.38;1548.21;Hemochorial;Labyrinthine;468.64;;
Rodentia;urocitellus_richardsonii;Richardson's_ground_squirrel;22.8;;7.23;362.36;2190;Hemochorial;Labyrinthine;273.54;;367
Carnivora;urocyon_cinereoargenteus;gray_fox;61.48;103.68;3.9;364.75;5913;Endotheliochorial;Labyrinthine;4220;404.352;
Carnivora;ursus_americanus;American_black_bear;91.01;293.99;2.47;775.09;12410;Endotheliochorial;Labyrinthine;132405;726.1553;97000
Carnivora;ursus_arctos;brown_bear;103;499.99;2.27;881.65;18250;Endotheliochorial;Labyrinthine;240500;1134.9773;111857.14
Carnivora;ursus_maritimus;polar_bear;147.42;670.48;1.66;790.29;16425;Endotheliochorial;Labyrinthine;371703.8;1112.9968;272500
Carnivora;ursus_thibetanus;Asian_black_bear;213.05;357.5;1.67;364.75;14308;Endotheliochorial;Labyrinthine;99714.19;597.025;
Primates;varecia_rubra;red_ruffed_lemur;100.33;;2.2;364.75;13206.92;Epitheliochorial;Villous;3670;;3473
Artiodactyla;vicugna_vicugna;vicua;345.45;6082.92;1;547.38;22435.33;Epitheliochorial;Trabecular;50000;6082.92;37500
Carnivora;viverricula_indica;small_Indian_civet;71.39;-999;3.81;227.64;4675.04;Endotheliochorial;Labyrinthine;2959.44;-3806.19;
Carnivora;vulpes_lagopus;Arctic_fox;52.5;69.17;8.12;364.75;5949.5;Endotheliochorial;Labyrinthine;3600;561.6604;
Carnivora;vulpes_macrotis;kit_fox;53.7;-999;4.44;364.75;7300;Endotheliochorial;Labyrinthine;2088;-4435.56;
Carnivora;vulpes_velox;swift_fox;53.7;39.94;4.44;364.75;7300;Endotheliochorial;Labyrinthine;2088;177.3336;
Carnivora;vulpes_vulpes;red_fox;52.35;100.49;4.73;364.75;7774.5;Endotheliochorial;Labyrinthine;4580.3;475.3177;3900
Carnivora;vulpes_zerda;fennec_fox;51;28.04;2.36;364.75;5949.5;Endotheliochorial;Labyrinthine;1207.5;66.1744;
Rodentia;xerus_inauris;Cape_ground_squirrel;47.29;20;2.12;283.39;4745;Hemochorial;Labyrinthine;557.3;42.4;550
Carnivora;zalophus_californianus;California_sea_lion;334.84;6347.89;1.1;729.5;13030.5;Endotheliochorial;Labyrinthine;158597.4;6982.679;95666.66667
