species,taxonomic_order,interbirth_interval,longevity,body_mass_g,female_body_mass_g,invasiveness,interdigitation
tolypeutes_tricinctus,Cingulata,330.57,2427.25,1465.72,NA,Endotheliochorial,Trabecular
chaetophractus_vellerosus,Cingulata,250.17,5919.08,1315.05,850,Hemochorial,Trabecular
chaetophractus_villosus,Cingulata,314.53,9198,4372.8,2507,Hemochorial,Trabecular
euphractus_sexcinctus,Cingulata,238.79,8066.5,4850,NA,Hemochorial,Trabecular
dasypus_hybridus,Cingulata,265.59,4950.86,1500,NA,Hemochorial,Trabecular
dasypus_novemcinctus,Cingulata,343.33,8151.67,3949.01,4428.5,Hemochorial,Trabecular
bradypus_variegatus,Pilosa,364.75,9866.91,3963.18,4326,Endotheliochorial,Trabecular
bradypus_tridactylus,Pilosa,392.15,14600,4072.9,3520,Endotheliochorial,Trabecular
bradypus_pygmaeus,Pilosa,378.2,9120.93,2900,NA,Endotheliochorial,Trabecular
bradypus_torquatus,Pilosa,368.26,4380,4184.21,6900,Endotheliochorial,Labyrinthine
choloepus_hoffmanni,Pilosa,455.81,13505,4250,6300,Endotheliochorial,Trabecular
choloepus_didactylus,Pilosa,705.22,13432,6250,NA,Endotheliochorial,Trabecular
tamandua_tetradactyla,Pilosa,301.77,7135.75,4500,NA,Hemochorial,Trabecular
myrmecophaga_tridactyla,Pilosa,476.09,11506.63,29531.83,32770,Hemochorial,Trabecular
cyclopes_didactylus,Pilosa,360.86,839.5,251.98,NA,Hemochorial,Trabecular
chrysochloris_asiatica,Afrosoricida,245.54,879.04,36.93,NA,Hemochorial,Labyrinthine
limnogale_mergulus,Afrosoricida,331.19,2210.79,77.7,NA,Hemochorial,Labyrinthine
tenrec_ecaudatus,Afrosoricida,216.56,3175.5,885.8,658.3,Hemochorial,Labyrinthine
hemicentetes_semispinosus,Afrosoricida,184.01,1000.71,133,107.6,Hemochorial,Labyrinthine
setifer_setosus,Afrosoricida,289.24,5146.5,304.11,218.8,Hemochorial,Labyrinthine
echinops_telfairi,Afrosoricida,316.61,6935,166.13,99.9,Hemochorial,Labyrinthine
potamogale_velox,Afrosoricida,246.6,3004.09,716.35,NA,Hemochorial,Labyrinthine
elephantulus_brachyrhynchus,Macroscelidea,74.95,1517.79,45.11,NA,Hemochorial,Labyrinthine
elephantulus_rufescens,Macroscelidea,88.24,2883.5,55.5,NA,Hemochorial,Labyrinthine
elephantulus_myurus,Macroscelidea,48.97,1517.79,61.99,53.83,Hemochorial,Labyrinthine
macroscelides_proboscideus,Macroscelidea,78.18,3175.5,39.5,43.3,Hemochorial,Labyrinthine
petrodromus_tetradactylus,Macroscelidea,184.8,2609.75,208,NA,Hemochorial,Labyrinthine
rhynchocyon_petersi,Macroscelidea,157.4,1639.46,423.99,NA,Hemochorial,Labyrinthine
orycteropus_afer,Tubulidentata,364.75,10877,56175.2,NA,Endotheliochorial,Labyrinthine
loxodonta_africana,Proboscidea,1735.31,29200,4565000,2727333.333,Endotheliochorial,Labyrinthine
elephas_maximus,Proboscidea,1162.83,29200,3220000,2663333.333,Endotheliochorial,Labyrinthine
trichechus_manatus,Sirenia,1094.63,20440,387500,NA,Endotheliochorial,Labyrinthine
heterohyrax_brucei,Hyracoidea,364.75,5110,2000,NA,Hemochorial,Labyrinthine
procavia_capensis,Hyracoidea,364.75,5405.04,2750,3600,Hemochorial,Villous
aonyx_capensis,Carnivora,245.21,5183,21411.11,NA,Endotheliochorial,Labyrinthine
hydrictis_maculicollis,Carnivora,364.75,8358.5,4000,NA,Endotheliochorial,Labyrinthine
enhydra_lutris,Carnivora,364.75,10950,27410.93,NA,Endotheliochorial,Labyrinthine
lontra_canadensis,Carnivora,364.75,9855,8087.42,NA,Endotheliochorial,Labyrinthine
pteronura_brasiliensis,Carnivora,364.75,6314.5,24000,NA,Endotheliochorial,Labyrinthine
poecilogale_albinucha,Carnivora,243.16,2278.21,282.83,NA,Endotheliochorial,Labyrinthine
mustela_putorius,Carnivora,196.12,5110,809,NA,Endotheliochorial,Labyrinthine
neovison_vison,Carnivora,364.75,4161,899.75,710,Endotheliochorial,Labyrinthine
martes_zibellina,Carnivora,229.12,8030,1066.7,NA,Endotheliochorial,Labyrinthine
martes_americana,Carnivora,364.75,6935,892,960,Endotheliochorial,Labyrinthine
gulo_gulo,Carnivora,729.63,7117.5,12792.49,NA,Endotheliochorial,Labyrinthine
eira_barbara,Carnivora,228.94,8139.5,4134.99,4350,Endotheliochorial,Labyrinthine
taxidea_taxus,Carnivora,364.75,9490,8000,6385,Endotheliochorial,Labyrinthine
nasua_narica,Carnivora,364.75,9636,3750,3700,Endotheliochorial,Labyrinthine
nasua_nasua,Carnivora,364.75,8650.5,4000,4244.322222,Endotheliochorial,Labyrinthine
procyon_lotor,Carnivora,364.75,7665,5075,6320,Endotheliochorial,Labyrinthine
bassariscus_sumichrasti,Carnivora,251.2,8760,906,NA,Endotheliochorial,Labyrinthine
bassariscus_astutus,Carnivora,364.75,6935,1010.37,NA,Endotheliochorial,Labyrinthine
potos_flavus,Carnivora,364.75,14016,2420.91,NA,Endotheliochorial,Labyrinthine
ailurus_fulgens,Carnivora,364.75,6935,4747.54,NA,Endotheliochorial,Labyrinthine
phoca_vitulina,Carnivora,364.75,17374,94283.33,NA,Endotheliochorial,Labyrinthine
phoca_largha,Carnivora,364.75,17374,93097.92,NA,Endotheliochorial,Labyrinthine
pusa_hispida,Carnivora,364.75,16790,88070,NA,Endotheliochorial,Labyrinthine
halichoerus_grypus,Carnivora,364.75,17035.46,197570,NA,Endotheliochorial,Labyrinthine
cystophora_cristata,Carnivora,364.75,12775,245448.4,NA,Endotheliochorial,Labyrinthine
hydrurga_leptonyx,Carnivora,364.75,9490,375671.1,NA,Endotheliochorial,Labyrinthine
leptonychotes_weddellii,Carnivora,364.75,9125,410833.3,NA,Endotheliochorial,Labyrinthine
lobodon_carcinophaga,Carnivora,638.31,14235,238333.3,NA,Endotheliochorial,Labyrinthine
mirounga_angustirostris,Carnivora,364.75,7406.46,914528.7,334720,Endotheliochorial,Labyrinthine
arctocephalus_townsendi,Carnivora,364.75,11169,101063.7,NA,Endotheliochorial,Labyrinthine
arctocephalus_pusillus,Carnivora,364.75,11716.5,127551,NA,Endotheliochorial,Labyrinthine
zalophus_californianus,Carnivora,729.5,13030.5,158597.4,95666.66667,Endotheliochorial,Labyrinthine
eumetopias_jubatus,Carnivora,364.75,11972,382466.7,NA,Endotheliochorial,Labyrinthine
callorhinus_ursinus,Carnivora,364.75,12775,55464.82,42187.5,Endotheliochorial,Labyrinthine
odobenus_rosmarus,Carnivora,820.69,14600,846498.1,NA,Endotheliochorial,Labyrinthine
ursus_thibetanus,Carnivora,364.75,14308,99714.19,NA,Endotheliochorial,Labyrinthine
ursus_americanus,Carnivora,775.09,12410,132405,97000,Endotheliochorial,Labyrinthine
helarctos_malayanus,Carnivora,588.72,13103.5,46000,NA,Endotheliochorial,Labyrinthine
ursus_maritimus,Carnivora,790.29,16425,371703.8,272500,Endotheliochorial,Labyrinthine
ursus_arctos,Carnivora,881.65,18250,240500,111857.14,Endotheliochorial,Labyrinthine
melursus_ursinus,Carnivora,1094.25,14600,99999.99,NA,Hemochorial,Labyrinthine
tremarctos_ornatus,Carnivora,365,14329.29,109250,NA,Endotheliochorial,Labyrinthine
ailuropoda_melanoleuca,Carnivora,592.97,13432,117500,NA,Endotheliochorial,Labyrinthine
canis_lupus,Carnivora,364.75,10767.5,29190.76,31100,Endotheliochorial,Labyrinthine
canis_latrans,Carnivora,364.75,7969.17,11050,NA,Endotheliochorial,Labyrinthine
canis_rufus,Carnivora,288.23,5847.27,23500,NA,Endotheliochorial,Labyrinthine
lycaon_pictus,Carnivora,358.69,6205,24249.99,NA,Endotheliochorial,Labyrinthine
chrysocyon_brachyurus,Carnivora,286.19,6132,22250,24630,Endotheliochorial,Labyrinthine
speothos_venaticus,Carnivora,248.3,5146.5,6000,NA,Endotheliochorial,Labyrinthine
vulpes_zerda,Carnivora,364.75,5949.5,1207.5,NA,Endotheliochorial,Labyrinthine
vulpes_vulpes,Carnivora,364.75,7774.5,4580.3,3900,Endotheliochorial,Labyrinthine
vulpes_velox,Carnivora,364.75,7300,2088,NA,Endotheliochorial,Labyrinthine
vulpes_lagopus,Carnivora,364.75,5949.5,3600,NA,Endotheliochorial,Labyrinthine
vulpes_macrotis,Carnivora,364.75,7300,2088,NA,Endotheliochorial,Labyrinthine
otocyon_megalotis,Carnivora,182.13,6527.42,4150,4073.75,Endotheliochorial,Labyrinthine
urocyon_cinereoargenteus,Carnivora,364.75,5913,4220,NA,Endotheliochorial,Labyrinthine
crossarchus_obscurus,Carnivora,121.58,4854.5,790,NA,Endotheliochorial,Labyrinthine
helogale_hirtula,Carnivora,191.18,3522.25,484.63,NA,Endotheliochorial,Labyrinthine
mungos_mungo,Carnivora,364.75,6351,1331.5,NA,Endotheliochorial,Labyrinthine
suricata_suricatta,Carnivora,364.75,7519,776,NA,Endotheliochorial,Labyrinthine
cryptoprocta_ferox,Carnivora,399.3,8431.5,9500,6100,Endotheliochorial,Labyrinthine
hyaena_hyaena,Carnivora,236.96,9125,35070.51,NA,Endotheliochorial,Labyrinthine
crocuta_crocuta,Carnivora,444.72,15001.5,63000,NA,Hemochorial,Labyrinthine
genetta_tigrina,Carnivora,303.95,7774.5,1760,NA,Endotheliochorial,Labyrinthine
viverricula_indica,Carnivora,227.64,4675.04,2959.44,NA,Endotheliochorial,Labyrinthine
paradoxurus_hermaphroditus,Carnivora,182.38,9125,3180,NA,Endotheliochorial,Labyrinthine
arctictis_binturong,Carnivora,332.57,9928,12999.99,NA,Endotheliochorial,Labyrinthine
hemigalus_derbyanus,Carnivora,241.93,6570,2375,NA,Endotheliochorial,Labyrinthine
felis_silvestris,Carnivora,131.04,10220,5036.54,3150,Endotheliochorial,Labyrinthine
felis_margarita,Carnivora,197.57,5073.5,2750,NA,Endotheliochorial,Labyrinthine
felis_chaus,Carnivora,120.92,7300,10000,NA,Endotheliochorial,Labyrinthine
felis_nigripes,Carnivora,227.96,5694,2125,NA,Endotheliochorial,Labyrinthine
prionailurus_bengalensis,Carnivora,164.17,6314.5,4150,NA,Endotheliochorial,Labyrinthine
prionailurus_viverrinus,Carnivora,213.16,6278,10650,NA,Endotheliochorial,Labyrinthine
otocolobus_manul,Carnivora,199.02,5803.5,3500,NA,Endotheliochorial,Labyrinthine
lynx_canadensis,Carnivora,364.75,9782,9682.82,NA,Endotheliochorial,Labyrinthine
lynx_lynx,Carnivora,364.75,9782,21150,NA,Endotheliochorial,Labyrinthine
lynx_rufus,Carnivora,364.75,11801.67,9400,NA,Endotheliochorial,Labyrinthine
puma_concolor,Carnivora,681.49,8687,48000,30466.66667,Endotheliochorial,Labyrinthine
acinonyx_jubatus,Carnivora,541.88,7482.5,50577.92,NA,Endotheliochorial,Labyrinthine
caracal_caracal,Carnivora,364.75,7409.5,14000,NA,Endotheliochorial,Labyrinthine
leptailurus_serval,Carnivora,179.13,8395,11999.96,NA,Endotheliochorial,Labyrinthine
leopardus_pardalis,Carnivora,406.17,10293,10500,10466.92308,Endotheliochorial,Labyrinthine
leopardus_wiedii,Carnivora,239.38,8775.21,3600,2158.8,Endotheliochorial,Labyrinthine
leopardus_geoffroyi,Carnivora,239.84,8471.04,4000,NA,Endotheliochorial,Labyrinthine
panthera_leo,Carnivora,689.03,10950,149062,143000,Endotheliochorial,Labyrinthine
panthera_uncia,Carnivora,364.75,7738,47812.5,NA,Endotheliochorial,Labyrinthine
panthera_onca,Carnivora,364.75,10353.83,81150,58000,Endotheliochorial,Labyrinthine
panthera_tigris,Carnivora,785.09,9599.5,128800,131000,Endotheliochorial,Labyrinthine
neofelis_nebulosa,Carnivora,254.61,7227,19500,NA,Endotheliochorial,Labyrinthine
nandinia_binotata,Carnivora,182.13,7741.04,2167.2,NA,Endotheliochorial,Labyrinthine
equus_grevyi,Perissodactyla,574.61,11384.96,384000,NA,Epitheliochorial,Villous
equus_zebra,Perissodactyla,661.52,12118,296000,248100,Epitheliochorial,Villous
equus_hemionus,Perissodactyla,502.41,14162,230000,NA,Epitheliochorial,Villous
equus_kiang,Perissodactyla,547.13,14162,262500,NA,Epitheliochorial,Trabecular
diceros_bicornis,Perissodactyla,1053.46,17973.21,995940.5,NA,Epitheliochorial,Villous
ceratotherium_simum,Perissodactyla,987.45,18250,2230000,NA,Epitheliochorial,Villous
rhinoceros_unicornis,Perissodactyla,879.12,17885,1600000,NA,Epitheliochorial,Villous
dicerorhinus_sumatrensis,Perissodactyla,1276.63,12775,1260000,NA,Epitheliochorial,Villous
tapirus_terrestris,Perissodactyla,64.96,14454,225000,219500,Epitheliochorial,Trabecular
tapirus_pinchaque,Perissodactyla,550.57,10402.5,148950,NA,Epitheliochorial,Villous
tapirus_bairdii,Perissodactyla,526.93,10804,300000,NA,Epitheliochorial,Villous
tapirus_indicus,Perissodactyla,693.03,13322.5,296250,225000,Epitheliochorial,Villous
capra_falconeri,Artiodactyla,423.52,6971.5,41000,NA,Epitheliochorial,Villous
capra_cylindricornis,Artiodactyla,517.9,7373,50000,NA,Epitheliochorial,Villous
capra_ibex,Artiodactyla,517.9,8139.5,77000,NA,Epitheliochorial,Villous
capra_nubiana,Artiodactyla,517.9,8139.5,70523.41,NA,Epitheliochorial,Villous
hemitragus_jemlahicus,Artiodactyla,364.75,7957,35200,45000,Epitheliochorial,Villous
pseudois_nayaur,Artiodactyla,282.33,8760,50917.6,NA,Epitheliochorial,Villous
budorcas_taxicolor,Artiodactyla,364.75,7993.5,294515.3,NA,Epitheliochorial,Villous
oreamnos_americanus,Artiodactyla,364.75,7592,77227.7,NA,Epitheliochorial,Villous
ammotragus_lervia,Artiodactyla,220.8,7920.5,92500,NA,Epitheliochorial,Villous
ovis_vignei,Artiodactyla,364.75,8322,110000,NA,Epitheliochorial,Villous
ovis_canadensis,Artiodactyla,364.75,8760,69125,51100,Epitheliochorial,Villous
ovis_dalli,Artiodactyla,364.75,8760,70194.13,49066.66667,Epitheliochorial,Villous
capricornis_crispus,Artiodactyla,547.13,8760,43030.64,38430,Epitheliochorial,Villous
naemorhedus_goral,Artiodactyla,364.75,6916.75,28231.59,NA,Epitheliochorial,Villous
ovibos_moschatus,Artiodactyla,577.36,10001,312500,NA,Epitheliochorial,Villous
oryx_leucoryx,Artiodactyla,221.63,8723.5,121350,NA,Epitheliochorial,Villous
oryx_gazella,Artiodactyla,221.63,8723.5,37500,NA,Epitheliochorial,Villous
oryx_dammah,Artiodactyla,221.63,10037.5,177500,NA,Epitheliochorial,Villous
addax_nasomaculatus,Artiodactyla,357.26,10293,94288.68,NA,Epitheliochorial,Villous
hippotragus_niger,Artiodactyla,364.75,8121.25,225000,NA,Epitheliochorial,Villous
hippotragus_equinus,Artiodactyla,323.78,9453.5,233500,NA,Epitheliochorial,Villous
damaliscus_lunatus,Artiodactyla,447.98,8614,118798.7,NA,Epitheliochorial,Villous
alcelaphus_buselaphus,Artiodactyla,358.26,5828.85,159938.9,NA,Epitheliochorial,Villous
connochaetes_taurinus,Artiodactyla,364.75,9015.5,180500,NA,Epitheliochorial,Villous
connochaetes_gnou,Artiodactyla,365,7957,132250,NA,Epitheliochorial,Villous
gazella_dorcas,Artiodactyla,351.26,8650.5,47386.47,14100,Epitheliochorial,Villous
gazella_spekei,Artiodactyla,206.36,5405.04,20000,NA,Epitheliochorial,Villous
gazella_cuvieri,Artiodactyla,273.81,6533.5,20348.83,NA,Epitheliochorial,Villous
gazella_leptoceros,Artiodactyla,220.78,5329,24645.75,NA,Epitheliochorial,Villous
gazella_marica,Artiodactyla,349.57,7300,20200,NA,Epitheliochorial,Villous
gazella_subgutturosa,Artiodactyla,353.49,7300,37740.68,NA,Epitheliochorial,Villous
nanger_dama,Artiodactyla,182.38,7044.5,73000,NA,Epitheliochorial,Villous
nanger_granti,Artiodactyla,230.05,7190.5,61232.23,NA,Epitheliochorial,Villous
eudorcas_thomsonii,Artiodactyla,193.77,7300,23197.67,NA,Epitheliochorial,Villous
antilope_cervicapra,Artiodactyla,221.63,8723.5,37500,NA,Epitheliochorial,Villous
antidorcas_marsupialis,Artiodactyla,364.75,7300,33571.24,27850,Epitheliochorial,Villous
litocranius_walleri,Artiodactyla,240.61,6314.5,41333.33,NA,Epitheliochorial,Villous
saiga_tatarica,Artiodactyla,364.75,4380,37992,NA,Epitheliochorial,Villous
madoqua_guentheri,Artiodactyla,211.87,6387.5,4550,NA,Epitheliochorial,Villous
madoqua_kirkii,Artiodactyla,213.1,6314.5,4833.4,NA,Epitheliochorial,Villous
raphicerus_campestris,Artiodactyla,216.85,5110,11333.33,NA,Epitheliochorial,Villous
kobus_leche,Artiodactyla,369.27,9271,91722.52,NA,Epitheliochorial,Villous
kobus_megaceros,Artiodactyla,352.76,7701.5,87902.96,NA,Epitheliochorial,Villous
kobus_ellipsiprymnus,Artiodactyla,364.75,11080.79,175333,NA,Epitheliochorial,Villous
cephalophus_rufilatus,Artiodactyla,246.4,5548,12500,NA,Epitheliochorial,Villous
cephalophus_niger,Artiodactyla,231.41,5402,18100,NA,Epitheliochorial,Villous
cephalophus_silvicultor,Artiodactyla,305.79,8212.5,62006.6,NA,Epitheliochorial,Villous
cephalophus_jentinki,Artiodactyla,271.42,7771.46,69244.92,NA,Epitheliochorial,Villous
cephalophus_dorsalis,Artiodactyla,310.77,6387.5,11600,11600,Epitheliochorial,Villous
philantomba_monticola,Artiodactyla,264.82,5803.5,4896.05,NA,Epitheliochorial,Villous
neotragus_pygmaeus,Artiodactyla,264.82,5803.5,4200,NA,Epitheliochorial,Villous
oreotragus_oreotragus,Artiodactyla,364.75,9453.5,13000,NA,Epitheliochorial,Villous
aepyceros_melampus,Artiodactyla,364.75,9344,52500,40480,Epitheliochorial,Villous
bos_gaurus,Artiodactyla,518.16,9563,812571.5,NA,Epitheliochorial,Villous
bos_javanicus,Artiodactyla,470.28,9891.5,683333.3,NA,Epitheliochorial,Villous
bubalus_depressicornis,Artiodactyla,415.85,13176.5,205994.6,NA,Epitheliochorial,Villous
bubalus_mindorensis,Artiodactyla,1094.25,10220,243861.5,NA,Epitheliochorial,Villous
syncerus_caffer,Artiodactyla,636.44,10877,646333,NA,Epitheliochorial,Villous
tragelaphus_eurycerus,Artiodactyla,549.27,7993.5,270998.4,NA,Epitheliochorial,Villous
tragelaphus_spekii,Artiodactyla,352.67,8249,87500,NA,Epitheliochorial,Villous
tragelaphus_scriptus,Artiodactyla,235.56,5584.5,43250.39,NA,Epitheliochorial,Villous
tragelaphus_oryx,Artiodactyla,338.27,9526.5,291250,NA,Epitheliochorial,Villous
tragelaphus_strepsiceros,Artiodactyla,364.75,8577.5,206056.4,166300,Epitheliochorial,Villous
tragelaphus_angasii,Artiodactyla,295.8,6752.5,100666.7,NA,Epitheliochorial,Villous
tragelaphus_imberbis,Artiodactyla,258.36,7227,82500,NA,Epitheliochorial,Villous
boselaphus_tragocamelus,Artiodactyla,382.49,7920.5,180000,NA,Epitheliochorial,Villous
cervus_nippon,Artiodactyla,362.31,9599.5,52999.99,28640,Epitheliochorial,Villous
cervus_elaphus,Artiodactyla,459.33,11497.5,160166.7,203625,Epitheliochorial,Villous
rucervus_eldii,Artiodactyla,377.09,7482.5,95471.61,NA,Epitheliochorial,Villous
elaphurus_davidianus,Artiodactyla,359.5,10037.5,165989.2,130500,Epitheliochorial,Villous
dama_dama,Artiodactyla,364.75,9125,63612.31,40766.66667,Epitheliochorial,Villous
rucervus_duvaucelii,Artiodactyla,365,8942.5,171223.9,NA,Epitheliochorial,Villous
axis_axis,Artiodactyla,425.62,7592,45500,50000,Epitheliochorial,Villous
muntiacus_muntjak,Artiodactyla,240.84,6862,17611.59,15000,Epitheliochorial,Villous
muntiacus_reevesi,Artiodactyla,214.98,8468,13499.94,8900,Epitheliochorial,Villous
elaphodus_cephalophus,Artiodactyla,357.73,8285.5,33500,NA,Epitheliochorial,Villous
odocoileus_virginianus,Artiodactyla,303.87,8395,65320,52060,Epitheliochorial,Villous
odocoileus_hemionus,Artiodactyla,364.75,8030,57000,NA,Epitheliochorial,Villous
mazama_americana,Artiodactyla,327.31,6241.5,23000,NA,Epitheliochorial,Villous
blastocerus_dichotomus,Artiodactyla,345.59,5000.5,102500,NA,Epitheliochorial,Villous
pudu_puda,Artiodactyla,233.16,7665,9642.62,NA,Epitheliochorial,Villous
rangifer_tarandus,Artiodactyla,364.75,7920.5,101250,86260,Epitheliochorial,Villous
capreolus_capreolus,Artiodactyla,364.75,6387.5,21666.69,20200,Epitheliochorial,Villous
hydropotes_inermis,Artiodactyla,241.89,5079.58,12760.04,12220,Epitheliochorial,Villous
alces_alces,Artiodactyla,364.75,9855,359750,NA,Epitheliochorial,Villous
giraffa_camelopardalis,Artiodactyla,613.75,14417.5,800000,NA,Epitheliochorial,Villous
okapia_johnstoni,Artiodactyla,592.64,12227.5,230001.1,NA,Epitheliochorial,Villous
antilocapra_americana,Artiodactyla,364.75,5657.5,45375,NA,Epitheliochorial,Villous
tragulus_javanicus,Artiodactyla,188.18,5110,1753.97,NA,Epitheliochorial,Villous
tragulus_napu,Artiodactyla,151.94,6095.5,3850,NA,Epitheliochorial,Villous
cephalorhynchus_commersonii,Artiodactyla,702.43,9417,68700,NA,Epitheliochorial,Villous
lissodelphis_borealis,Artiodactyla,730,15330,113000,NA,Epitheliochorial,Villous
orcinus_orca,Cetacea,1459.5,36500,4300000,5443200,Epitheliochorial,Villous
delphinus_delphis,Cetacea,871.94,10594.12,77818.35,NA,Epitheliochorial,Villous
stenella_coeruleoalba,Cetacea,1264.38,20987.5,122950,60500,Epitheliochorial,Villous
tursiops_truncatus,Cetacea,1095,19345,230000,145833,Epitheliochorial,Villous
sotalia_fluviatilis,Cetacea,730,12775,46666.68,NA,Epitheliochorial,Villous
phocoena_phocoena,Cetacea,364.75,7446,52730.93,62000,Epitheliochorial,Villous
delphinapterus_leucas,Cetacea,1003.19,14600,1380000,NA,Epitheliochorial,Villous
inia_geoffrensis,Artiodactyla,644.2,11424.5,98500,NA,Epitheliochorial,Villous
tasmacetus_shepherdi,Cetacea,1070.31,20382.01,5600000,NA,Epitheliochorial,Villous
platanista_gangetica,Artiodactyla,730,10220,85250,NA,Epitheliochorial,Villous
megaptera_novaeangliae,Artiodactyla,693.03,34675,30000000,NA,Epitheliochorial,Villous
hippopotamus_amphibius,Therapsida,629.34,22338,2640000,1349750,Epitheliochorial,Villous
sus_scrofa,Artiodactyla,229.84,9855,135000,50600,Epitheliochorial,Villous
sus_cebifrons,Artiodactyla,328.56,6205,102750,NA,Epitheliochorial,Villous
phacochoerus_aethiopicus,Artiodactyla,364.75,6862,73303.76,NA,Epitheliochorial,Villous
phacochoerus_africanus,Artiodactyla,425.71,7628.5,91249.99,NA,Epitheliochorial,Villous
potamochoerus_porcus,Artiodactyla,364.75,8227.71,71000,NA,Epitheliochorial,Villous
babyrousa_celebensis,Artiodactyla,302.92,8760,92950.09,NA,Epitheliochorial,Villous
babyrousa_babyrussa,Artiodactyla,301,8760,92950.09,NA,Epitheliochorial,Villous
pecari_tajacu,Artiodactyla,154.89,11497.5,20500,17956.25,Epitheliochorial,Villous
catagonus_wagneri,Artiodactyla,325.08,5344.21,35433.2,NA,Epitheliochorial,Villous
lama_guanicoe,Artiodactyla,547.38,22435.33,112500,NA,Epitheliochorial,Villous
vicugna_vicugna,Artiodactyla,547.38,22435.33,50000,37500,Epitheliochorial,Villous
camelus_dromedarius,Artiodactyla,610.29,14600,434000,NA,Epitheliochorial,Villous
epomophorus_wahlbergi,Chiroptera,277.08,3686.5,86.8,NA,Hemochorial,Labyrinthine
rousettus_aegyptiacus,Chiroptera,260.28,8358.5,134,NA,Hemochorial,Labyrinthine
rousettus_leschenaultii,Chiroptera,234.78,5110,96.57,NA,Hemochorial,Labyrinthine
cynopterus_sphinx,Chiroptera,224.84,3686.5,37.4,47.84,Hemochorial,Labyrinthine
pteropus_hypomelanus,Chiroptera,354.15,7409.5,442.81,NA,Hemochorial,Labyrinthine
pteropus_poliocephalus,Chiroptera,360.97,8614,675,675,Hemochorial,Labyrinthine
pteropus_giganteus,Chiroptera,364.75,14907.21,824.85,900,Hemochorial,Labyrinthine
pteropus_rodricensis,Chiroptera,372.33,10950,303.09,NA,Hemochorial,Labyrinthine
acerodon_jubatus,Chiroptera,369.71,7320.34,1087.04,NA,Hemochorial,Labyrinthine
rhinolophus_rouxii,Chiroptera,349.2,1825,12.25,NA,Endotheliochorial,Labyrinthine
rhinopoma_hardwickii,Chiroptera,364.75,4935.28,12,NA,Endotheliochorial,Labyrinthine
myotis_lucifugus,Chiroptera,364.75,12410,7.15,6.49,Hemochorial,Labyrinthine
tadarida_brasiliensis,Chiroptera,364.75,5475,12.5,NA,Endotheliochorial,Labyrinthine
chaerephon_plicatus,Chiroptera,272.18,2467,21.83,17.2,Hemochorial,Labyrinthine
natalus_tumidirostris,Chiroptera,359.45,4590.07,5.85,NA,Endotheliochorial,Labyrinthine
artibeus_lituratus,Chiroptera,219.85,7014.08,46.1,77.64533956,Endotheliochorial,Labyrinthine
artibeus_jamaicensis,Chiroptera,219.85,7014.08,46.1,NA,Endotheliochorial,Labyrinthine
carollia_perspicillata,Chiroptera,158.89,6205,16.4,16.48770687,Endotheliochorial,Labyrinthine
glossophaga_soricina,Chiroptera,243.99,4015,10.25,10.56574924,Endotheliochorial,Labyrinthine
leptonycteris_yerbabuenae,Chiroptera,333.1,3686.5,24.26,NA,Endotheliochorial,Labyrinthine
leptonycteris_nivalis,Chiroptera,330.98,3650,22.63,NA,Endotheliochorial,Labyrinthine
phyllostomus_discolor,Chiroptera,227.52,3285,40.05,37.04081633,Endotheliochorial,Labyrinthine
chrotopterus_auritus,Chiroptera,355.2,5894.62,84.38,94.38153846,Endotheliochorial,Labyrinthine
desmodus_rotundus,Chiroptera,288.78,10658,33.18,43.37795276,Endotheliochorial,Labyrinthine
pteronotus_davyi,Chiroptera,352.19,2682.75,9.4,NA,Hemochorial,Labyrinthine
pteronotus_parnellii,Chiroptera,360.04,5135.41,19.4,NA,Hemochorial,Labyrinthine
mormoops_megalophylla,Chiroptera,352.59,2728.03,16.05,NA,Hemochorial,Labyrinthine
furipterus_horrens,Chiroptera,318.61,5768.69,3.15,4,Hemochorial,Labyrinthine
thyroptera_tricolor,Chiroptera,287.13,5421.74,4.52,NA,Hemochorial,Labyrinthine
myzopoda_aurita,Chiroptera,360.48,5044.91,9.1,NA,Endotheliochorial,Labyrinthine
saccopteryx_bilineata,Chiroptera,349.68,2190,7.9,8,Endotheliochorial,Labyrinthine
taphozous_melanopogon,Chiroptera,329.33,7300,25.99,NA,Endotheliochorial,Labyrinthine
suncus_murinus,Eulipotyphla,55.96,1183.21,45.87,59.73,Hemochorial,Labyrinthine
sorex_fumeus,Eulipotyphla,55.34,517.08,8.02,NA,Hemochorial,Labyrinthine
sorex_araneus,Eulipotyphla,42.25,1168,8.2,7.45,Hemochorial,Labyrinthine
sorex_minutus,Eulipotyphla,97.19,730,4.2,3.01,Hemochorial,Labyrinthine
blarina_brevicauda,Eulipotyphla,57.43,1003.75,20.7,20.23,Hemochorial,Labyrinthine
erinaceus_europaeus,Erinaceomorpha,215.14,5110,777.95,667,Hemochorial,Labyrinthine
atelerix_albiventris,Erinaceomorpha,271.67,4161,600,178.94,Hemochorial,Labyrinthine
talpa_europaea,Eulipotyphla,280.64,2555,110.42,75.64,Endotheliochorial,Labyrinthine
scalopus_aquaticus,Eulipotyphla,264.98,2263,74.6,87.2,Hemochorial,Labyrinthine
solenodon_paradoxus,Eulipotyphla,235.67,4416.5,900,NA,Hemochorial,Labyrinthine
tupaia_picta,Scandentia,151.06,2310.43,168.05,NA,Endotheliochorial,Labyrinthine
tupaia_montana,Scandentia,122.47,577.92,225.53,NA,Endotheliochorial,Labyrinthine
tupaia_tana,Scandentia,365,5110,197.8,215,Hemochorial,Labyrinthine
tupaia_minor,Scandentia,49.97,4453,58.6,NA,Endotheliochorial,Labyrinthine
tupaia_palawanensis,Scandentia,148.83,2570.93,168.05,NA,Endotheliochorial,Labyrinthine
tupaia_javanica,Scandentia,143.86,2438.96,105,NA,Endotheliochorial,Labyrinthine
anathana_ellioti,Scandentia,147.47,2851.09,160,NA,Endotheliochorial,Labyrinthine
tupaia_gracilis,Scandentia,138.53,1274.46,111.95,NA,Endotheliochorial,Labyrinthine
tupaia_longipes,Scandentia,45.12,4532.08,163.53,NA,Endotheliochorial,Labyrinthine
tupaia_belangeri,Scandentia,45.12,4532.08,200,NA,Endotheliochorial,Labyrinthine
tupaia_glis,Scandentia,45.12,4532.08,159,176.5,Endotheliochorial,Labyrinthine
dendrogale_murina,Scandentia,44.97,4380,49.99,NA,Endotheliochorial,Labyrinthine
lepus_americanus,Lagomorpha,36.98,2920,1565.61,1167.3,Hemochorial,Labyrinthine
sylvilagus_aquaticus,Lagomorpha,37.75,3250.1,2127.01,NA,Hemochorial,Labyrinthine
sylvilagus_audubonii,Lagomorpha,37.71,2853.08,791.29,NA,Hemochorial,Labyrinthine
sylvilagus_transitionalis,Lagomorpha,30.2,3577,1150,1077.99,Hemochorial,Labyrinthine
sylvilagus_floridanus,Lagomorpha,30.2,3577,1178.6,1248.6,Hemochorial,Labyrinthine
brachylagus_idahoensis,Lagomorpha,38.97,1578.63,431.19,NA,Hemochorial,Labyrinthine
oryctolagus_cuniculus,Lagomorpha,28.98,6570,1900,1827,Hemochorial,Labyrinthine
ochotona_princeps,Lagomorpha,30.18,2670.58,140.2,168.8,Hemochorial,Labyrinthine
urocitellus_richardsonii,Rodentia,362.36,2190,273.54,367,Hemochorial,Labyrinthine
urocitellus_columbianus,Rodentia,402.38,1548.21,468.64,NA,Hemochorial,Labyrinthine
cynomys_ludovicianus,Rodentia,820.69,6570,1125,NA,Hemochorial,Labyrinthine
ictidomys_tridecemlineatus,Rodentia,318.76,2883.5,182,NA,Hemochorial,Labyrinthine
spermophilus_citellus,Rodentia,300.75,2445.5,228.5,NA,Hemochorial,Labyrinthine
marmota_flaviventris,Rodentia,456.81,7738,3709.73,2572,Hemochorial,Labyrinthine
marmota_monax,Rodentia,591.94,5110,3413,NA,Hemochorial,Labyrinthine
otospermophilus_beecheyi,Rodentia,396.15,1974.04,575.3,NA,Hemochorial,Labyrinthine
callospermophilus_lateralis,Rodentia,402.48,3796,227.3,NA,Hemochorial,Labyrinthine
ammospermophilus_leucurus,Rodentia,233.62,4088,99.37,88.8,Hemochorial,Labyrinthine
ammospermophilus_harrisii,Rodentia,290.28,3869,126,NA,Hemochorial,Labyrinthine
tamias_striatus,Rodentia,151.37,3467.5,92.6,NA,Hemochorial,Labyrinthine
paraxerus_cepapi,Rodentia,60.46,3491.83,222.85,NA,Hemochorial,Labyrinthine
xerus_inauris,Rodentia,283.39,4745,557.3,550,Hemochorial,Labyrinthine
glaucomys_volans,Rodentia,125.29,6935,65.4,79.1,Hemochorial,Labyrinthine
glaucomys_sabrinus,Rodentia,271.39,5183,148,NA,Hemochorial,Labyrinthine
sciurus_carolinensis,Rodentia,180.1,8760,540.33,413,Hemochorial,Labyrinthine
sciurus_niger,Rodentia,191.54,5840,803.7,NA,Hemochorial,Labyrinthine
sciurus_vulgaris,Rodentia,91.06,5402,328.88,325,Hemochorial,Labyrinthine
tamiasciurus_hudsonicus,Rodentia,139.73,4380,210.8,219.4,Hemochorial,Labyrinthine
callosciurus_prevostii,Rodentia,190.82,7701.5,400,NA,Hemochorial,Villous
funambulus_pennantii,Rodentia,151.98,1852.38,125.07,NA,Hemochorial,Labyrinthine
ratufa_affinis,Rodentia,241.18,3522.25,1155.82,NA,Hemochorial,Labyrinthine
aplodontia_rufa,Rodentia,365,3650,706.8,NA,Hemochorial,Labyrinthine
myocastor_coypus,Carnivora,130.66,4380,7150,6360,Endotheliochorial,Labyrinthine
capromys_pilorides,Rodentia,187.49,5040.04,4683.3,NA,Hemochorial,Labyrinthine
octodon_degus,Rodentia,112.24,5110,204.84,NA,Hemochorial,Labyrinthine
chinchilla_lanigera,Rodentia,123.77,7300,485,800,Hemochorial,Labyrinthine
lagostomus_maximus,Rodentia,144.25,3942,6392,NA,Hemochorial,Labyrinthine
dinomys_branickii,Rodentia,201.8,4745,12500,5300,Hemochorial,Labyrinthine
coendou_mexicanus,Rodentia,220.21,6095.5,2000,NA,Hemochorial,Labyrinthine
coendou_prehensilis,Rodentia,393.64,9709,3900,NA,Hemochorial,Labyrinthine
erethizon_dorsatum,Rodentia,386.6,8541,8009.73,6818.44444,Hemochorial,Labyrinthine
cavia_fulgida,Rodentia,85.01,2401.99,282.5,NA,Hemochorial,Labyrinthine
cavia_tschudii,Rodentia,73.65,3650,580.94,NA,Hemochorial,Labyrinthine
kerodon_rupestris,Rodentia,86.09,4708.5,875.5,NA,Hemochorial,Labyrinthine
hydrochoerus_hydrochaeris,Rodentia,244.83,5511.5,51572.46,62000,Hemochorial,Labyrinthine
dolichotis_patagonum,Rodentia,99.74,5256,12500,NA,Hemochorial,Labyrinthine
galea_musteloides,Rodentia,53.01,1277.5,337.88,NA,Hemochorial,Labyrinthine
dasyprocta_leporina,Rodentia,136.2,5803.5,2893.75,3830,Hemochorial,Labyrinthine
dasyprocta_punctata,Rodentia,126.91,5037,2229.56,NA,Hemochorial,Labyrinthine
myoprocta_pratti,Rodentia,126.6,5402,914,NA,Hemochorial,Villous
cuniculus_paca,Rodentia,190.87,6132,9000,NA,Hemochorial,Labyrinthine
fukomys_damarensis,Rodentia,239.15,5657.5,134.65,NA,Hemochorial,Villous
bathyergus_janetta,Rodentia,133.74,547.5,627.5,NA,Hemochorial,Labyrinthine
heterocephalus_glaber,Rodentia,81.04,10329.5,35,NA,Hemochorial,Labyrinthine
petromus_typicus,Rodentia,231.65,2579.33,212,NA,Hemochorial,Labyrinthine
hystrix_cristata,Rodentia,262.06,10411.63,19166.67,13800,Hemochorial,Labyrinthine
hystrix_africaeaustralis,Rodentia,376.74,8431.5,14936.02,NA,Hemochorial,Labyrinthine
atherurus_africanus,Rodentia,191.96,8364.58,2875.65,NA,Hemochorial,Labyrinthine
ctenodactylus_gundi,Rodentia,69.65,2117,288.8,NA,Hemochorial,Labyrinthine
peromyscus_polionotus,Rodentia,24.61,2007.5,14,NA,Hemochorial,Labyrinthine
peromyscus_maniculatus,Rodentia,26.78,3041.67,20.5,19.57,Hemochorial,Labyrinthine
peromyscus_leucopus,Rodentia,26.28,2920,22.3,17.675,Hemochorial,Labyrinthine
peromyscus_eremicus,Rodentia,38.72,2701,21.75,NA,Hemochorial,Labyrinthine
neotoma_albigula,Rodentia,48.97,3467.5,190.5,NA,Hemochorial,Labyrinthine
neotoma_floridana,Rodentia,65.96,3467.5,208.18,NA,Hemochorial,Labyrinthine
neotoma_lepida,Rodentia,59.96,3832.5,113.4,NA,Hemochorial,Labyrinthine
neotoma_fuscipes,Rodentia,129.87,304.17,213.26,NA,Hemochorial,Labyrinthine
microtus_xanthognathus,Rodentia,34.87,1000.25,92.65,NA,Hemochorial,Labyrinthine
myodes_rutilus,Rodentia,20.49,1085.32,25,NA,Hemochorial,Labyrinthine
myodes_glareolus,Rodentia,21.36,1794.58,20.8,NA,Hemochorial,Labyrinthine
ondatra_zibethicus,Rodentia,29.98,3650,997.96,NA,Hemochorial,Labyrinthine
dicrostonyx_groenlandicus,Rodentia,25.23,1204.5,58.44,NA,Hemochorial,Labyrinthine
lemmus_lemmus,Rodentia,23.48,1213.63,68.81,68.6,Hemochorial,Labyrinthine
cricetulus_barabensis,Rodentia,39.76,1934.5,22.85,NA,Hemochorial,Labyrinthine
cricetulus_longicaudatus,Rodentia,49.93,60.83,22.1,NA,Hemochorial,Labyrinthine
mesocricetus_auratus,Rodentia,49.67,3650,105,76,Hemochorial,Labyrinthine
phodopus_sungorus,Rodentia,31.98,1426.54,30.87,NA,Hemochorial,Labyrinthine
phodopus_campbelli,Rodentia,31.98,1426.54,28.75,NA,Hemochorial,Labyrinthine
cricetomys_gambianus,Rodentia,68.77,3066,1510.7,NA,Hemochorial,Labyrinthine
acomys_cahirinus,Rodentia,33.98,2731.42,45.2,32,Hemochorial,Labyrinthine
mastomys_natalensis,Rodentia,31.85,1061.54,41.68,9.3,Hemochorial,Labyrinthine
mus_musculus,Rodentia,29.98,2190,20.5,16.7,Hemochorial,Labyrinthine
bandicota_indica,Rodentia,35.98,1533,511,503,Hemochorial,Labyrinthine
rattus_norvegicus,Rodentia,54.74,1825,280,310.51,Hemochorial,Labyrinthine
crateromys_heaneyi,Rodentia,86.89,3218.08,1000,NA,Hemochorial,Labyrinthine
sekeetamys_calurus,Rodentia,46.55,2664.5,60.25,NA,Hemochorial,Labyrinthine
meriones_shawi,Rodentia,31.23,1700.29,137.8,NA,Hemochorial,Labyrinthine
meriones_unguiculatus,Rodentia,45.97,2299.5,58.1,65.02,Hemochorial,Labyrinthine
calomys_callosus,Rodentia,20.99,416.83,48.6,NA,Hemochorial,Labyrinthine
jaculus_jaculus,Rodentia,91.06,2664.5,57.4,NA,Hemochorial,Labyrinthine
geomys_bursarius,Rodentia,206.13,4380,186.85,NA,Hemochorial,Labyrinthine
thomomys_bottae,Rodentia,244.04,2226.5,103.5,85,Hemochorial,Labyrinthine
chaetodipus_fallax,Rodentia,203.39,3041.67,18.95,NA,Hemochorial,Labyrinthine
perognathus_parvus,Rodentia,279.83,2117,20.1,NA,Hemochorial,Labyrinthine
dipodomys_merriami,Rodentia,53.96,3540.5,37.81,32.6,Endotheliochorial,Labyrinthine
dipodomys_panamintinus,Rodentia,182.49,1974.04,56.58,NA,Endotheliochorial,Labyrinthine
dipodomys_deserti,Rodentia,96.04,3285,106.75,NA,Hemochorial,Labyrinthine
dipodomys_ordii,Rodentia,142.88,3613.5,49.6,NA,Endotheliochorial,Labyrinthine
microdipodops_megacephalus,Rodentia,111.27,1977.08,13.41,NA,Endotheliochorial,Labyrinthine
castor_canadensis,Rodentia,364.75,8541,19928.33,15010,Hemochorial,Labyrinthine
pedetes_capensis,Rodentia,100.93,7315.21,2774.63,NA,Hemochorial,Labyrinthine
cercopithecus_mitis,Primates,540.01,13797,6116.5,3929,Hemochorial,Trabecular
cercopithecus_cephus,Primates,820.44,13140,3399.94,NA,Hemochorial,Trabecular
erythrocebus_patas,Primates,360.75,10329.5,7660.5,NA,Hemochorial,Trabecular
cercopithecus_mona,Primates,608.22,11202.46,4240.09,NA,Hemochorial,Trabecular
cercopithecus_neglectus,Primates,474.18,11242,5701,NA,Hemochorial,Trabecular
cercopithecus_diana,Primates,364.75,13614.5,4550,NA,Hemochorial,Trabecular
chlorocebus_aethiops,Primates,434.05,16790,5104.25,2740,Hemochorial,Trabecular
chlorocebus_pygerythrus,Primates,434.05,16790,5104.25,NA,Hemochorial,Trabecular
chlorocebus_sabaeus,Primates,434.05,16790,5104.25,NA,Hemochorial,Trabecular
cercopithecus_hamlyni,Primates,471.7,10439,4531.25,3361,Hemochorial,Trabecular
miopithecus_talapoin,Primates,730,11278.5,1362.5,NA,Hemochorial,Trabecular
allenopithecus_nigroviridis,Primates,470.45,10019.25,4690,NA,Hemochorial,Labyrinthine
macaca_nigra,Primates,539.73,12410,7662.2,NA,Hemochorial,Trabecular
macaca_fuscata,Primates,499.99,14052.5,8882.5,8671.66667,Hemochorial,Trabecular
macaca_mulatta,Primates,414.47,14600,6614,6526.11111,Hemochorial,Trabecular
macaca_fascicularis,Primates,414.44,14235,4569.32,NA,Hemochorial,Trabecular
macaca_radiata,Primates,364.75,10959.13,5132.25,NA,Hemochorial,Trabecular
macaca_silenus,Primates,506.35,14663.88,6570,NA,Hemochorial,Trabecular
papio_papio,Primates,587.76,16425,18000,NA,Hemochorial,Trabecular
papio_hamadryas,Primates,587.76,16425,18000,9900,Hemochorial,Villous
papio_anubis,Primates,638.31,16425,17728.56,11700,Hemochorial,Trabecular
lophocebus_aterrimus,Primates,676.61,13389.42,6768.75,NA,Hemochorial,Villous
theropithecus_gelada,Primates,752.73,13140,15964.11,NA,Hemochorial,Trabecular
cercocebus_agilis,Primates,445.37,16790,7775,NA,Hemochorial,Trabecular
cercocebus_chrysogaster,Primates,445.37,16790,7775,NA,Hemochorial,Trabecular
mandrillus_sphinx,Primates,526.46,16910.45,23000,NA,Hemochorial,Trabecular
cercocebus_torquatus,Primates,445.37,16790,8789,6200,Hemochorial,Trabecular
trachypithecus_germaini,Primates,611.78,12373.5,7071.5,NA,Hemochorial,Villous
trachypithecus_cristatus,Primates,618.96,12373.5,7071.5,NA,Hemochorial,Villous
trachypithecus_obscurus,Primates,616.82,12373.5,7163.94,NA,Hemochorial,Villous
trachypithecus_delacouri,Primates,623.03,9599.5,7325,NA,Hemochorial,Villous
trachypithecus_francoisi,Primates,541.77,9599.5,7604.75,NA,Hemochorial,Villous
nasalis_larvatus,Primates,543.38,9161.5,13441.58,NA,Hemochorial,Trabecular
pygathrix_nemaeus,Primates,397.58,9775.92,9875,NA,Hemochorial,Trabecular
semnopithecus_entellus,Primates,510.63,10685.38,12679.29,NA,Hemochorial,Trabecular
trachypithecus_vetulus,Primates,783.29,9526.5,7081.8,NA,Hemochorial,Villous
trachypithecus_auratus,Primates,520.37,11351.5,9719.6,NA,Hemochorial,Villous
colobus_guereza,Primates,441.9,12775,9058.41,NA,Hemochorial,Trabecular
colobus_angolensis,Primates,441.9,12884.5,8937.5,7770,Hemochorial,Trabecular
hylobates_agilis,Primates,1094.25,20805,5829.08,NA,Hemochorial,Villous
hylobates_lar,Primates,1038.62,20805,6194.31,5340,Hemochorial,Villous
hylobates_pileatus,Primates,1038.62,20805,5656.81,NA,Hemochorial,Villous
symphalangus_syndactylus,Primates,804.82,15695,10869.5,NA,Hemochorial,Villous
nomascus_gabriellae,Primates,889.37,16826.5,6621.09,NA,Hemochorial,Villous
pan_troglodytes,Primates,1331.59,27010,44983.5,33400,Hemochorial,Villous
pan_paniscus,Primates,1769.04,20075,35119.95,31940,Hemochorial,Villous
gorilla_gorilla,Primates,1412.93,20221,150000,89113.46154,Hemochorial,Villous
pongo_pygmaeus,Primates,1709.58,21900,58941.64,37797.55556,Hemochorial,Villous
pongo_abelii,Primates,1709.58,21900,53408.29,NA,Hemochorial,Villous
saguinus_bicolor,Primates,216.74,6935,495,NA,Hemochorial,Trabecular
saguinus_midas,Primates,206.69,7665,547.18,NA,Hemochorial,Trabecular
saguinus_geoffroyi,Primates,240.74,9563,453.77,502,Hemochorial,Trabecular
saguinus_oedipus,Primates,238.37,9563,445.5,473,Hemochorial,Trabecular
saguinus_imperator,Primates,208.04,8650.5,482.15,NA,Hemochorial,Trabecular
leontopithecus_chrysomelas,Primates,185.62,11534,582.66,NA,Hemochorial,Trabecular
leontopithecus_rosalia,Primates,185.62,11534,623.51,NA,Hemochorial,Trabecular
callithrix_penicillata,Primates,164.29,8318.96,307,357.8571429,Hemochorial,Trabecular
callithrix_jacchus,Primates,164.29,8318.96,255.2,324,Hemochorial,Trabecular
callithrix_kuhlii,Primates,164.29,8318.96,307,NA,Hemochorial,Trabecular
callithrix_geoffroyi,Primates,164.29,8318.96,299.61,274.5,Hemochorial,Trabecular
callimico_goeldii,Primates,180.63,8103,556.5,NA,Hemochorial,Trabecular
cebus_albifrons,Primates,546.88,16060,2488.59,2130,Hemochorial,Trabecular
cebus_capucinus,Primates,796.37,20075,2655,2783.5,Hemochorial,Trabecular
saimiri_boliviensis,Primates,373.87,11059.5,799.73,NA,Hemochorial,Trabecular
aotus_trivirgatus,Primates,269.82,10986.5,872.98,NA,Hemochorial,Villous
ateles_paniscus,Primates,1071.36,16790,7887.5,NA,Hemochorial,Trabecular
ateles_fusciceps,Primates,925.37,17520,7267.5,NA,Hemochorial,Trabecular
ateles_geoffroyi,Primates,1008.38,17520,7267.5,7653,Hemochorial,Trabecular
alouatta_palliata,Primates,533.82,9125,5659.14,4855,Hemochorial,Villous
alouatta_seniculus,Primates,465.36,9125,6398.31,4030,Hemochorial,Trabecular
alouatta_caraya,Primates,337.58,11826,5462.5,4330,Hemochorial,Villous
cacajao_calvus,Primates,775.28,13781.79,3421.04,NA,Hemochorial,Villous
pithecia_pithecia,Primates,383.25,13206.92,1480,NA,Hemochorial,Villous
microcebus_murinus,Primates,218.85,6643,66.9,109,Epitheliochorial,Villous
mirza_coquereli,Primates,364.75,6351,311.2,302,Epitheliochorial,Villous
cheirogaleus_medius,Primates,364.75,8471.04,294.19,282,Epitheliochorial,Villous
eulemur_albifrons,Primates,450.69,14235,2426.29,2281,Epitheliochorial,Villous
eulemur_sanfordi,Primates,541.88,13505,2406.52,2147,Epitheliochorial,Villous
eulemur_rufus,Primates,541.88,13505,2406.81,2456,Epitheliochorial,Villous
eulemur_collaris,Primates,541.88,13505,2419,2495,Epitheliochorial,Villous
eulemur_mongoz,Primates,364.75,13213,1915.57,1658,Epitheliochorial,Villous
eulemur_rubriventer,Primates,359.23,7497.71,1765.33,2139,Epitheliochorial,Villous
eulemur_coronatus,Primates,363.7,10950,1699.85,NA,Epitheliochorial,Villous
hapalemur_griseus,Primates,332.56,8504.5,1202.71,NA,Epitheliochorial,Villous
lemur_catta,Artiodactyla,416.42,13614.5,2555,2678,Epitheliochorial,Villous
varecia_rubra,Primates,364.75,13206.92,3670,3473,Epitheliochorial,Villous
propithecus_verreauxi,Primates,450.69,11132.5,3588.26,3696,Epitheliochorial,Villous
propithecus_tattersalli,Primates,510.19,7467.29,3545,3167,Hemochorial,Villous
propithecus_coquereli,Primates,364.75,11132.5,3622.7,3757,Epitheliochorial,Villous
propithecus_diadema,Primates,744.69,4036.29,6414.5,NA,Hemochorial,Villous
indri_indri,Primates,911.88,9231.94,8241.74,NA,Epitheliochorial,Villous
daubentonia_madagascariensis,Primates,835.63,8869.5,2610.33,2573,Epitheliochorial,Villous
galago_senegalensis,Primates,221.85,6874.17,192.2,199.25,Epitheliochorial,Villous
galago_moholi,Primates,200.61,6874.17,180,155,Epitheliochorial,Villous
otolemur_garnettii,Primates,221.85,6874.17,1300,734,Epitheliochorial,Villous
nycticebus_coucang,Primates,428.21,9672.5,953.3,1195,Epitheliochorial,Villous
nycticebus_pygmaeus,Primates,447.69,9672.5,400,376,Epitheliochorial,Villous
loris_tardigradus,Primates,235.09,7044.5,243.71,224.25,Epitheliochorial,Villous
perodicticus_potto,Primates,275.84,9782,1011,989,Epitheliochorial,Villous
arctocebus_aureus,Primates,140.64,4745,257.5,NA,Epitheliochorial,Villous
cynocephalus_volans,Dermoptera,353.59,6387.5,1250,NA,Hemochorial,Labyrinthine
