"species","taxonomic_order","litter_mass","longevity","body_mass_g","female_body_mass_g","invasiveness","interdigitation","relative_litter_mass","relative_litter_mass_female","litter_size","neonate_body_size"
"acinonyx_jubatus","Carnivora",1342.6464,7482.5,50577.92,,"Endotheliochorial","Labyrinthine",0.0265460975856658,,3.04,441.66
"acomys_cahirinus","Rodentia",13.5603,2731.42,45.2,32,"Hemochorial","Labyrinthine",0.300006637168142,0.423759375,2.47,5.49
"addax_nasomaculatus","Artiodactyla",5633.76,10293,94288.68,,"Epitheliochorial","Villous",0.0597501205871161,,1,5633.76
"aepyceros_melampus","Artiodactyla",5238.4,9344,52500,40480,"Epitheliochorial","Villous",0.0997790476190476,0.129407114624506,1,5238.4
"ailuropoda_melanoleuca","Carnivora",160.7606,13432,117500,,"Endotheliochorial","Labyrinthine",0.00136817531914894,,1.54,104.39
"ailurus_fulgens","Carnivora",208.08,6935,4747.54,,"Endotheliochorial","Labyrinthine",0.0438290146054588,,2,104.04
"alcelaphus_buselaphus","Artiodactyla",12500,5828.85,159938.9,,"Epitheliochorial","Villous",0.0781548453815801,,1,12500
"alces_alces","Artiodactyla",16639.9872,9855,359750,,"Epitheliochorial","Villous",0.0462543077136901,,1.28,12999.99
"allenopithecus_nigroviridis","Primates",240.71,10019.25,4690,,"Hemochorial","Labyrinthine",0.0513240938166311,,1,240.71
"alouatta_caraya","Primates",260.6,11826,5462.5,4330,"Hemochorial","Villous",0.0477070938215103,0.0601847575057737,1,260.6
"alouatta_palliata","Primates",318.29,9125,5659.14,4855,"Hemochorial","Villous",0.056243528168591,0.0655592173017508,1,318.29
"alouatta_seniculus","Primates",352.104,9125,6398.31,4030,"Hemochorial","Trabecular",0.0550307815657572,0.0873707196029777,1.2,293.42
"ammospermophilus_harrisii","Rodentia",23.9094,3869,126,,"Hemochorial","Labyrinthine",0.189757142857143,,6.66,3.59
"ammospermophilus_leucurus","Rodentia",23.2,4088,99.37,88.8,"Hemochorial","Labyrinthine",0.23347086645869,0.261261261261261,8,2.9
"ammotragus_lervia","Artiodactyla",5490,7920.5,92500,,"Epitheliochorial","Villous",0.0593513513513514,,1.22,4500
"antidorcas_marsupialis","Artiodactyla",3841.48,7300,33571.24,27850,"Epitheliochorial","Villous",0.11442770657265,0.137934649910233,1,3841.48
"antilocapra_americana","Artiodactyla",6529.383,5657.5,45375,,"Epitheliochorial","Villous",0.143898247933884,,1.89,3454.7
"antilope_cervicapra","Artiodactyla",3386.14,8723.5,37500,,"Epitheliochorial","Villous",0.0902970666666667,,1,3386.14
"aotus_trivirgatus","Primates",102.2794,10986.5,872.98,,"Hemochorial","Villous",0.117161217897317,,1.06,96.49
"aplodontia_rufa","Rodentia",64.736,3650,706.8,,"Hemochorial","Labyrinthine",0.0915902659875495,,2.8,23.12
"arctictis_binturong","Carnivora",793.375,9928,12999.99,,"Endotheliochorial","Labyrinthine",0.0610288930991485,,2.5,317.35
"arctocephalus_pusillus","Carnivora",5750,11716.5,127551,,"Endotheliochorial","Labyrinthine",0.0450800072128012,,1,5750
"artibeus_jamaicensis","Chiroptera",10.57,7014.08,46.1,,"Endotheliochorial","Labyrinthine",0.229284164859002,,1,10.57
"artibeus_lituratus","Chiroptera",8.9,7014.08,46.1,77.64533956,"Endotheliochorial","Labyrinthine",0.193058568329718,0.114623750123761,1,8.9
"atelerix_albiventris","Erinaceomorpha",35.92,4161,600,178.94,"Hemochorial","Labyrinthine",0.0598666666666667,0.200737677433777,4.49,8
"ateles_fusciceps","Primates",499.99,17520,7267.5,,"Hemochorial","Trabecular",0.0687980736154111,,1,499.99
"ateles_geoffroyi","Primates",425.85,17520,7267.5,7653,"Hemochorial","Trabecular",0.0585964912280702,0.0556448451587613,1,425.85
"ateles_paniscus","Primates",478.64,16790,7887.5,,"Hemochorial","Trabecular",0.0606833597464342,,1,478.64
"atherurus_africanus","Rodentia",219.405,8364.58,2875.65,,"Hemochorial","Labyrinthine",0.0762975327317302,,1.5,146.27
"axis_axis","Artiodactyla",3251.5658,7592,45500,50000,"Epitheliochorial","Villous",0.0714629846153846,0.065031316,1.03,3156.86
"babyrousa_babyrussa","Artiodactyla",1001,8760,92950.09,,"Epitheliochorial","Villous",0.0107692203417985,,1.4,715
"bandicota_indica","Rodentia",59.7924,1533,511,503,"Hemochorial","Labyrinthine",0.117010567514677,0.118871570576541,6.12,9.77
"bassariscus_astutus","Carnivora",83.22,6935,1010.37,,"Endotheliochorial","Labyrinthine",0.0823658659698922,,3,27.74
"bathyergus_janetta","Rodentia",50.787,547.5,627.5,,"Hemochorial","Labyrinthine",0.0809354581673307,,3.3,15.39
"blarina_brevicauda","Eulipotyphla",5.0997,1003.75,20.7,20.23,"Hemochorial","Labyrinthine",0.24636231884058,0.252086010874938,5.73,0.89
"blastocerus_dichotomus","Artiodactyla",4199.99,5000.5,102500,,"Epitheliochorial","Villous",0.040975512195122,,1,4199.99
"boselaphus_tragocamelus","Artiodactyla",8812.5,7920.5,180000,,"Epitheliochorial","Villous",0.0489583333333333,,1.5,5875
"bradypus_tridactylus","Pilosa",178.66,14600,4072.9,3520,"Endotheliochorial","Labyrinthine",0.043865550344963,0.0507556818181818,1,178.66
"bradypus_variegatus","Pilosa",271.81,9866.91,3963.18,4326,"Endotheliochorial","Labyrinthine",0.0685838140079431,0.062831715210356,1,271.81
"callimico_goeldii","Primates",50.5,8103,556.5,,"Hemochorial","Trabecular",0.0907457322551662,,1,50.5
"callithrix_jacchus","Primates",62.1376,8318.96,255.2,324,"Hemochorial","Trabecular",0.243485893416928,0.191782716049383,2.24,27.74
"callorhinus_ursinus","Carnivora",5354.8,12775,55464.82,42187.5,"Endotheliochorial","Labyrinthine",0.0965440796526519,0.126928592592593,1,5354.8
"callosciurus_prevostii","Rodentia",28.9218,7701.5,400,,"Hemochorial","Villous",0.0723045,,1.77,16.34
"calomys_callosus","Rodentia",11.976,416.83,48.6,,"Hemochorial","Labyrinthine",0.24641975308642,,4.99,2.4
"camelus_dromedarius","Artiodactyla",36751.19,14600,434000,,"Epitheliochorial","Villous",0.0846801612903226,,1,36751.19
"canis_latrans","Carnivora",1122.0561,7969.17,11050,,"Endotheliochorial","Labyrinthine",0.101543538461538,,5.61,200.01
"canis_lupus","Carnivora",2053.3038,10767.5,29190.76,31100,"Endotheliochorial","Labyrinthine",0.0703408818406921,0.0660226302250804,4.98,412.31
"capra_ibex","Artiodactyla",3279.3026,8139.5,77000,,"Epitheliochorial","Villous",0.0425883454545455,,1.18,2779.07
"capreolus_capreolus","Artiodactyla",2163.3045,6387.5,21666.69,20200,"Epitheliochorial","Villous",0.0998447155518448,0.107094282178218,1.79,1208.55
"capricornis_crispus","Artiodactyla",3499.99,8760,43030.64,38430,"Epitheliochorial","Villous",0.0813371588245027,0.0910744210252407,1,3499.99
"capromys_pilorides","Rodentia",398.98,5040.04,4683.3,,"Hemochorial","Labyrinthine",0.0851920654239532,,2,199.49
"caracal_caracal","Carnivora",587.58,7409.5,14000,,"Endotheliochorial","Labyrinthine",0.04197,,3,195.86
"carollia_perspicillata","Chiroptera",4.89,6205,16.4,16.48770687,"Hemochorial","Labyrinthine",0.298170731707317,0.296584603217173,1,4.89
"castor_canadensis","Rodentia",1486.3086,8541,19928.33,15010,"Hemochorial","Labyrinthine",0.0745826970950401,0.0990212258494337,3.58,415.17
"catagonus_wagneri","Artiodactyla",1470.49,5344.21,35433.2,,"Epitheliochorial","Villous",0.0415003443098563,,2.45,600.2
"cebus_albifrons","Primates",231.92,16060,2488.59,2130,"Hemochorial","Trabecular",0.0931933343781016,0.108882629107981,1,231.92
"cebus_capucinus","Primates",238.36,20075,2655,2783.5,"Hemochorial","Trabecular",0.0897777777777778,0.0856331956170289,1,238.36
"cephalophus_dorsalis","Artiodactyla",1611.37,6387.5,11600,11600,"Epitheliochorial","Villous",0.138911206896552,0.138911206896552,1,1611.37
"cephalophus_jentinki","Artiodactyla",4581.46,7771.46,69244.92,,"Epitheliochorial","Villous",0.0661631207025728,,1,4581.46
"cephalophus_niger","Artiodactyla",1940,5402,18100,,"Epitheliochorial","Villous",0.107182320441989,,1,1940
"cephalophus_rufilatus","Artiodactyla",975.1,5548,12500,,"Epitheliochorial","Villous",0.078008,,1,975.1
"cephalophus_silvicultor","Artiodactyla",4400.72,8212.5,62006.6,,"Epitheliochorial","Villous",0.0709717997761529,,1,4400.72
"cephalorhynchus_commersonii","Artiodactyla",5834.74,9417,68700,,"Epitheliochorial","Trabecular",0.0849307132459971,,1,5834.74
"ceratotherium_simum","Perissodactyla",48500,18250,2230000,,"Epitheliochorial","Villous",0.0217488789237668,,1,48500
"cercopithecus_cephus","Primates",337.19,13140,3399.94,,"Hemochorial","Trabecular",0.099175279563757,,1,337.19
"cercopithecus_diana","Primates",466.9,13614.5,4550,,"Hemochorial","Trabecular",0.102615384615385,,1,466.9
"cercopithecus_mitis","Primates",402,13797,6116.5,3929,"Hemochorial","Trabecular",0.0657238616856045,0.102316110969712,1,402
"cercopithecus_mona","Primates",280.49,11202.46,4240.09,,"Hemochorial","Trabecular",0.0661518977191522,,1,280.49
"cercopithecus_neglectus","Primates",259.95,11242,5701,,"Hemochorial","Trabecular",0.0455972636379582,,1,259.95
"cervus_elaphus","Artiodactyla",8586.0528,11497.5,160166.7,203625,"Epitheliochorial","Villous",0.0536069782295571,0.0421660051565377,1.04,8255.82
"cervus_nippon","Artiodactyla",4277.11,9599.5,52999.99,28640,"Epitheliochorial","Villous",0.0807002039056988,0.149340432960894,1,4277.11
"chaerephon_plicatus","Chiroptera",4.455,2467,21.83,17.2,"Hemochorial","Labyrinthine",0.204076958314246,0.259011627906977,0.99,4.5
"chaetophractus_villosus","Cingulata",205.392,9198,4372.8,2507,"Hemochorial","Trabecular",0.0469703622392975,0.0819274032708416,1.65,124.48
"cheirogaleus_medius","Primates",32.23,8471.04,294.19,282,"Epitheliochorial","Villous",0.109555049457833,0.114290780141844,2.2,14.65
"chinchilla_lanigera","Rodentia",66.9071,7300,485,800,"Hemochorial","Labyrinthine",0.137952783505155,0.083633875,1.69,39.59
"choloepus_didactylus","Pilosa",364,13432,6250,,"Endotheliochorial","Trabecular",0.05824,,1,364
"choloepus_hoffmanni","Pilosa",373,13505,4250,6300,"Endotheliochorial","Trabecular",0.0877647058823529,0.0592063492063492,1,373
"chrysocyon_brachyurus","Carnivora",1116.87,6132,22250,24630,"Endotheliochorial","Labyrinthine",0.050196404494382,0.0453459196102314,3,372.29
"coendou_prehensilis","Rodentia",410.8,9709,3900,,"Hemochorial","Labyrinthine",0.105333333333333,,1,410.8
"colobus_guereza","Primates",444.92,12775,9058.41,,"Hemochorial","Trabecular",0.0491167876040056,,1,444.92
"connochaetes_gnou","Artiodactyla",10941.45,7957,132250,,"Epitheliochorial","Villous",0.0827330812854442,,1,10941.45
"connochaetes_taurinus","Artiodactyla",18044.36,9015.5,180500,,"Epitheliochorial","Villous",0.0999687534626039,,1,18044.36
"cricetomys_gambianus","Rodentia",75.5244,3066,1510.7,,"Hemochorial","Labyrinthine",0.0499929833851857,,3.33,22.68
"cricetulus_barabensis","Rodentia",10.66,1934.5,22.85,,"Hemochorial","Labyrinthine",0.466520787746171,,5.33,2
"crocuta_crocuta","Carnivora",2920,15001.5,63000,,"Hemochorial","Labyrinthine",0.0463492063492063,,2,1460
"crossarchus_obscurus","Carnivora",39.12,4854.5,790,,"Endotheliochorial","Labyrinthine",0.0495189873417721,,4,9.78
"cryptoprocta_ferox","Carnivora",299.88,8431.5,9500,6100,"Endotheliochorial","Labyrinthine",0.0315663157894737,0.0491606557377049,3,99.96
"ctenodactylus_gundi","Rodentia",56.791,2117,288.8,,"Hemochorial","Labyrinthine",0.196644736842105,,1.9,29.89
"cuniculus_paca","Rodentia",681.5177,6132,9000,,"Hemochorial","Labyrinthine",0.0757241888888889,,1.01,674.77
"cynocephalus_volans","Dermoptera",35.79,6387.5,1250,,"Hemochorial","Labyrinthine",0.028632,,1,35.79
"cynomys_ludovicianus","Rodentia",67.5132,6570,1125,,"Hemochorial","Labyrinthine",0.0600117333333333,,4.43,15.24
"cynopterus_sphinx","Chiroptera",12.1,3686.5,37.4,47.84,"Hemochorial","Labyrinthine",0.323529411764706,0.252926421404682,1.1,11
"cystophora_cristata","Carnivora",21992.7,12775,245448.4,,"Endotheliochorial","Labyrinthine",0.0896021322607929,,1,21992.7
"dama_dama","Artiodactyla",5027.3308,9125,63612.31,40766.66667,"Epitheliochorial","Villous",0.0790307850791773,0.123319643489508,1.07,4698.44
"damaliscus_lunatus","Artiodactyla",11000,8614,118798.7,,"Epitheliochorial","Villous",0.0925936058222859,,1,11000
"dasypus_novemcinctus","Cingulata",385.92,8151.67,3949.01,4428.5,"Hemochorial","Trabecular",0.0977257591143097,0.087144631365022,4,96.48
"daubentonia_madagascariensis","Primates",121.79,8869.5,2610.33,2573,"Epitheliochorial","Villous",0.0466569360962024,0.047333851535173,1,121.79
"delphinapterus_leucas","Cetacea",58140,14600,1380000,,"Epitheliochorial","Villous",0.0421304347826087,,1.02,57000
"delphinus_delphis","Cetacea",6998.9535,10594.12,77818.35,,"Epitheliochorial","Villous",0.0899396286351484,,0.99,7069.65
"desmodus_rotundus","Chiroptera",6.94,10658,33.18,43.37795276,"Endotheliochorial","Labyrinthine",0.209162145871007,0.159989108716066,1,6.94
"dicerorhinus_sumatrensis","Perissodactyla",22849.5,12775,1260000,,"Epitheliochorial","Villous",0.0181345238095238,,1,22849.5
"diceros_bicornis","Perissodactyla",34999.99,17973.21,995940.5,,"Epitheliochorial","Villous",0.0351426515941464,,1,34999.99
"dicrostonyx_groenlandicus","Rodentia",15.028,1204.5,58.44,,"Hemochorial","Labyrinthine",0.257152635181383,,3.4,4.42
"dinomys_branickii","Rodentia",1515.7771,4745,12500,5300,"Hemochorial","Labyrinthine",0.121262168,0.285995679245283,1.97,769.43
"dipodomys_deserti","Rodentia",13.4232,3285,106.75,,"Hemochorial","Labyrinthine",0.125744262295082,,3.29,4.08
"dipodomys_merriami","Rodentia",7.567,3540.5,37.81,32.6,"Endotheliochorial","Labyrinthine",0.200132240148109,0.232116564417178,2.3,3.29
"dipodomys_ordii","Rodentia",15.7185,3613.5,49.6,,"Endotheliochorial","Labyrinthine",0.316905241935484,,3.15,4.99
"dipodomys_panamintinus","Rodentia",15.75,1974.04,56.58,,"Endotheliochorial","Labyrinthine",0.278366914103924,,3.5,4.5
"dolichotis_patagonum","Rodentia",1088.4448,5256,12500,,"Hemochorial","Labyrinthine",0.087075584,,1.88,578.96
"echinops_telfairi","Afrosoricida",41.1201,6935,166.13,99.9,"Hemochorial","Labyrinthine",0.247517606693553,0.411612612612613,5.49,7.49
"eira_barbara","Carnivora",166,8139.5,4134.99,4350,"Endotheliochorial","Labyrinthine",0.0401451998674725,0.0381609195402299,2,83
"elaphurus_davidianus","Artiodactyla",11618.925,10037.5,165989.2,130500,"Epitheliochorial","Villous",0.0699980781882195,0.089033908045977,1.11,10467.5
"elephantulus_myurus","Macroscelidea",14.904,1517.79,61.99,53.83,"Hemochorial","Labyrinthine",0.240425875141152,0.276871632918447,1.84,8.1
"elephantulus_rufescens","Macroscelidea",14.5089,2883.5,55.5,,"Hemochorial","Labyrinthine",0.261421621621622,,1.41,10.29
"elephas_maximus","Proboscidea",97000,29200,3220000,2663333.333,"Endotheliochorial","Labyrinthine",0.0301242236024845,0.0364205256616296,1,97000
"enhydra_lutris","Carnivora",1894.37,10950,27410.93,,"Endotheliochorial","Labyrinthine",0.0691100228996243,,1,1894.37
"equus_grevyi","Perissodactyla",39999.99,11384.96,384000,,"Epitheliochorial","Villous",0.104166640625,,1,39999.99
"equus_zebra","Perissodactyla",29496.68,12118,296000,248100,"Epitheliochorial","Villous",0.099650945945946,0.118890286174929,1,29496.68
"erethizon_dorsatum","Rodentia",490.59,8541,8009.73,6818.44444,"Hemochorial","Labyrinthine",0.0612492555928852,0.0719504286229837,1,490.59
"erinaceus_europaeus","Erinaceomorpha",65.5788,5110,777.95,667,"Hemochorial","Labyrinthine",0.0842969342502731,0.0983190404797601,4.22,15.54
"erythrocebus_patas","Primates",621.67,10329.5,7660.5,,"Hemochorial","Trabecular",0.0811526662750473,,1,621.67
"eudorcas_thomsonii","Artiodactyla",2500,7300,23197.67,,"Epitheliochorial","Villous",0.10776944408641,,1,2500
"eulemur_coronatus","Primates",86.715,10950,1699.85,,"Epitheliochorial","Villous",0.051013324705121,,1.5,57.81
"eulemur_mongoz","Primates",66.0228,13213,1915.57,1658,"Epitheliochorial","Villous",0.0344663990352741,0.0398207478890229,1.11,59.48
"eulemur_rubriventer","Primates",84.97,7497.71,1765.33,2139,"Epitheliochorial","Villous",0.048132643754992,0.039724170172978,1,84.97
"eumetopias_jubatus","Carnivora",18250,11972,382466.7,,"Endotheliochorial","Labyrinthine",0.0477165724493139,,1,18250
"euphractus_sexcinctus","Cingulata",183.715,8066.5,4850,,"Hemochorial","Trabecular",0.037879381443299,,1.75,104.98
"felis_chaus","Carnivora",406.5,7300,10000,,"Endotheliochorial","Labyrinthine",0.04065,,3,135.5
"felis_margarita","Carnivora",287.955,5073.5,2750,,"Endotheliochorial","Labyrinthine",0.104710909090909,,4.5,63.99
"felis_nigripes","Carnivora",137.52,5694,2125,,"Endotheliochorial","Labyrinthine",0.0647152941176471,,1.91,72
"felis_silvestris","Carnivora",392.616,10220,5036.54,3150,"Endotheliochorial","Labyrinthine",0.0779535157072117,0.12464,3.69,106.4
"funambulus_pennantii","Rodentia",20.5356,1852.38,125.07,,"Hemochorial","Labyrinthine",0.164192852002878,,3.14,6.54
"galago_moholi","Primates",18.1815,6874.17,180,155,"Epitheliochorial","Villous",0.101008333333333,0.1173,1.55,11.73
"galago_senegalensis","Primates",17.25,6874.17,192.2,199.25,"Epitheliochorial","Villous",0.0897502601456816,0.0865746549560853,1.5,11.5
"galea_musteloides","Rodentia",98.3357,1277.5,337.88,,"Hemochorial","Labyrinthine",0.291037350538653,,2.63,37.39
"gazella_dorcas","Artiodactyla",1919.3162,8650.5,47386.47,14100,"Epitheliochorial","Villous",0.0405034643855092,0.136121716312057,1.22,1573.21
"gazella_leptoceros","Artiodactyla",4615.3,5329,24645.75,,"Epitheliochorial","Villous",0.187265552884372,,1,4615.3
"gazella_spekei","Artiodactyla",1250,5405.04,20000,,"Epitheliochorial","Villous",0.0625,,1,1250
"gazella_subgutturosa","Artiodactyla",3221.8115,7300,37740.68,,"Epitheliochorial","Villous",0.0853670760569232,,1.39,2317.85
"genetta_tigrina","Carnivora",213.75,7774.5,1760,,"Endotheliochorial","Labyrinthine",0.121448863636364,,2.5,85.5
"geomys_bursarius","Rodentia",17.3229,4380,186.85,,"Hemochorial","Labyrinthine",0.0927101953438587,,3.39,5.11
"giraffa_camelopardalis","Artiodactyla",61874.288,14417.5,8e+05,,"Epitheliochorial","Villous",0.07734286,,1.12,55244.9
"glaucomys_sabrinus","Rodentia",16.92,5183,148,,"Hemochorial","Labyrinthine",0.114324324324324,,3,5.64
"glaucomys_volans","Rodentia",11.2993,6935,65.4,79.1,"Hemochorial","Labyrinthine",0.172772171253823,0.142848293299621,3.13,3.61
"gorilla_gorilla","Primates",2116.8489,20221,150000,89113.46154,"Hemochorial","Villous",0.014112326,0.0237545356606961,1.01,2095.89
"gulo_gulo","Carnivora",244.2968,7117.5,12792.49,,"Endotheliochorial","Labyrinthine",0.0190968920046058,,2.84,86.02
"halichoerus_grypus","Carnivora",13995.35,17035.46,197570,,"Endotheliochorial","Labyrinthine",0.0708374247102293,,1,13995.35
"hapalemur_griseus","Primates",54.24,8504.5,1202.71,,"Epitheliochorial","Villous",0.0450981533370472,,1.2,45.2
"helarctos_malayanus","Carnivora",357.489,13103.5,46000,,"Endotheliochorial","Labyrinthine",0.0077715,,1.1,324.99
"hemicentetes_semispinosus","Afrosoricida",38.2063,1000.71,133,107.6,"Hemochorial","Labyrinthine",0.287265413533835,0.355077137546468,5.17,7.39
"hemigalus_derbyanus","Carnivora",250,6570,2375,,"Endotheliochorial","Labyrinthine",0.105263157894737,,2,125
"hemitragus_jemlahicus","Artiodactyla",2727,7957,35200,45000,"Epitheliochorial","Villous",0.0774715909090909,0.0606,1.01,2700
"heterocephalus_glaber","Rodentia",16.647,10329.5,35,,"Hemochorial","Labyrinthine",0.475628571428571,,8.95,1.86
"heterohyrax_brucei","Hyracoidea",425.25,5110,2000,,"Hemochorial","Labyrinthine",0.212625,,1.89,225
"hippopotamus_amphibius","Therapsida",40199.99,22338,2640000,1349750,"Epitheliochorial","Villous",0.0152272689393939,0.0297832857936655,1,40199.99
"hippotragus_equinus","Artiodactyla",16412.18,9453.5,233500,,"Epitheliochorial","Villous",0.0702877087794433,,1,16412.18
"hippotragus_niger","Artiodactyla",16412.18,8121.25,225000,,"Epitheliochorial","Villous",0.0729430222222222,,1,16412.18
"hyaena_hyaena","Carnivora",1633.075,9125,35070.51,,"Endotheliochorial","Labyrinthine",0.0465654762363022,,2.5,653.23
"hydrochoerus_hydrochaeris","Rodentia",5235,5511.5,51572.46,62000,"Hemochorial","Labyrinthine",0.101507665137556,0.0844354838709677,3.49,1500
"hydropotes_inermis","Artiodactyla",3048.57,5079.58,12760.04,12220,"Epitheliochorial","Villous",0.238915395249545,0.249473813420622,3,1016.19
"hydrurga_leptonyx","Carnivora",29399.9902,9490,375671.1,,"Endotheliochorial","Labyrinthine",0.0782599199139886,,0.98,29999.99
"hylobates_lar","Primates",398.86,20805,6194.31,5340,"Hemochorial","Villous",0.0643913527091799,0.0746928838951311,1,398.86
"hystrix_africaeaustralis","Rodentia",641.739,8431.5,14936.02,,"Hemochorial","Labyrinthine",0.0429658637307663,,2.1,305.59
"inia_geoffrensis","Artiodactyla",6799.99,11424.5,98500,,"Epitheliochorial","Trabecular",0.0690354314720812,,1,6799.99
"jaculus_jaculus","Rodentia",6.48,2664.5,57.4,,"Hemochorial","Labyrinthine",0.112891986062718,,3.24,2
"kerodon_rupestris","Rodentia",125.3088,4708.5,875.5,,"Hemochorial","Labyrinthine",0.143128269560251,,1.52,82.44
"kobus_ellipsiprymnus","Artiodactyla",12600,11080.79,175333,,"Epitheliochorial","Villous",0.0718632544928793,,1.05,12000
"kobus_leche","Artiodactyla",5100,9271,91722.52,,"Epitheliochorial","Villous",0.0556024845370581,,1,5100
"lagostomus_maximus","Rodentia",392,3942,6392,,"Hemochorial","Labyrinthine",0.0613266583229036,,2,196
"lemmus_lemmus","Rodentia",19.9168,1213.63,68.81,68.6,"Hemochorial","Labyrinthine",0.289446301409679,0.290332361516035,5.12,3.89
"lemur_catta","Artiodactyla",84.138,13614.5,2555,2678,"Epitheliochorial","Villous",0.0329307240704501,0.0314182225541449,1.11,75.8
"leontopithecus_rosalia","Primates",101.1855,11534,623.51,,"Hemochorial","Trabecular",0.162283684303379,,1.95,51.89
"leopardus_pardalis","Carnivora",415,10293,10500,10466.92308,"Endotheliochorial","Labyrinthine",0.0395238095238095,0.0396487102110241,1.66,250
"leopardus_wiedii","Carnivora",236.13,8775.21,3600,2158.8,"Endotheliochorial","Labyrinthine",0.0655916666666667,0.10938021122846,1.5,157.42
"leptailurus_serval","Carnivora",596.9,8395,11999.96,,"Endotheliochorial","Labyrinthine",0.0497418324727749,,2.35,254
"leptonychotes_weddellii","Carnivora",27395.84,9125,410833.3,,"Endotheliochorial","Labyrinthine",0.06668359161733,,1,27395.84
"leptonycteris_nivalis","Chiroptera",7.8,3650,22.63,,"Endotheliochorial","Labyrinthine",0.344675209898365,,1,7.8
"leptonycteris_yerbabuenae","Chiroptera",7.1,3686.5,24.26,,"Endotheliochorial","Labyrinthine",0.292662819455894,,1,7.1
"lepus_americanus","Lagomorpha",231.3344,2920,1565.61,1167.3,"Hemochorial","Labyrinthine",0.147759914665849,0.198179045660927,3.41,67.84
"lobodon_carcinophaga","Carnivora",20000,14235,238333.3,,"Endotheliochorial","Labyrinthine",0.0839160956526008,,1,20000
"lontra_canadensis","Carnivora",362.9598,9855,8087.42,,"Endotheliochorial","Labyrinthine",0.0448795536771925,,2.67,135.94
"loris_tardigradus","Primates",15.07,7044.5,243.71,224.25,"Epitheliochorial","Villous",0.0618357884370768,0.0672017837235229,1.37,11
"loxodonta_africana","Proboscidea",105000,29200,4565000,2727333.333,"Endotheliochorial","Labyrinthine",0.0230010952902519,0.0384991444681617,1,105000
"lycaon_pictus","Carnivora",2230.875,6205,24249.99,,"Endotheliochorial","Labyrinthine",0.0919948832968591,,7.5,297.45
"lynx_canadensis","Carnivora",650.76,9782,9682.82,,"Endotheliochorial","Labyrinthine",0.0672076936264435,,3.19,204
"lynx_lynx","Carnivora",650.25,9782,21150,,"Endotheliochorial","Labyrinthine",0.0307446808510638,,2.25,289
"lynx_rufus","Carnivora",759,11801.67,9400,,"Endotheliochorial","Labyrinthine",0.0807446808510638,,2.53,300
"macaca_fascicularis","Primates",328.76,14235,4569.32,,"Hemochorial","Trabecular",0.0719494366776676,,1,328.76
"macaca_fuscata","Primates",712.2294,14052.5,8882.5,8671.66667,"Hemochorial","Trabecular",0.0801834393470307,0.082132930969774,1.42,501.57
"macaca_mulatta","Primates",471.47,14600,6614,6526.11111,"Hemochorial","Trabecular",0.07128364076202,0.0722436366854931,1,471.47
"macaca_nigra","Primates",457.77,12410,7662.2,,"Hemochorial","Trabecular",0.0597439377724413,,1,457.77
"macaca_radiata","Primates",367.52,10959.13,5132.25,,"Hemochorial","Trabecular",0.0716099176774319,,1,367.52
"macaca_silenus","Primates",416.11,14663.88,6570,,"Hemochorial","Trabecular",0.0633348554033486,,1,416.11
"madoqua_guentheri","Artiodactyla",684,6387.5,4550,,"Epitheliochorial","Villous",0.15032967032967,,1,684
"madoqua_kirkii","Artiodactyla",625.82,6314.5,4833.4,,"Epitheliochorial","Villous",0.129478214093599,,1,625.82
"mandrillus_sphinx","Primates",643.5345,16910.45,23000,,"Hemochorial","Trabecular",0.0279797608695652,,1.05,612.89
"marmota_flaviventris","Rodentia",150.0276,7738,3709.73,2572,"Hemochorial","Labyrinthine",0.0404416493922738,0.0583311041990669,4.44,33.79
"marmota_monax","Rodentia",122.355,5110,3413,,"Hemochorial","Labyrinthine",0.0358496923527688,,4.5,27.19
"martes_americana","Carnivora",85.449,6935,892,960,"Endotheliochorial","Labyrinthine",0.0957948430493274,0.089009375,2.73,31.3
"martes_zibellina","Carnivora",97.7186,8030,1066.7,,"Endotheliochorial","Labyrinthine",0.0916083247398519,,3.13,31.22
"mastomys_natalensis","Rodentia",17.028,1061.54,41.68,9.3,"Hemochorial","Labyrinthine",0.408541266794626,1.83096774193548,8.6,1.98
"megaptera_novaeangliae","Artiodactyla",1299999.99,34675,3e+07,,"Epitheliochorial","Trabecular",0.043333333,,1,1299999.99
"meriones_shawi","Rodentia",24.4905,1700.29,137.8,,"Hemochorial","Labyrinthine",0.17772496371553,,5.63,4.35
"meriones_unguiculatus","Rodentia",14.25,2299.5,58.1,65.02,"Hemochorial","Labyrinthine",0.24526678141136,0.219163334358659,5,2.85
"mesocricetus_auratus","Rodentia",20.4215,3650,105,76,"Hemochorial","Labyrinthine",0.194490476190476,0.268703947368421,8.69,2.35
"microcebus_murinus","Primates",11.5198,6643,66.9,109,"Epitheliochorial","Villous",0.172194319880419,0.10568623853211,2.41,4.78
"microtus_xanthognathus","Rodentia",28.5482,1000.25,92.65,,"Hemochorial","Labyrinthine",0.308129519697787,,8.18,3.49
"miopithecus_talapoin","Primates",179.04,11278.5,1362.5,,"Hemochorial","Trabecular",0.131405504587156,,1,179.04
"mirounga_angustirostris","Carnivora",34381.77,7406.46,914528.7,334720,"Endotheliochorial","Labyrinthine",0.0375950694603679,0.102718003107075,1,34381.77
"mirza_coquereli","Primates",22.0932,6351,311.2,302,"Epitheliochorial","Villous",0.0709935732647815,0.0731562913907285,1.71,12.92
"mormoops_megalophylla","Chiroptera",0.91,2728.03,16.05,,"Hemochorial","Labyrinthine",0.0566978193146417,,1,0.91
"mungos_mungo","Carnivora",64.856,6351,1331.5,,"Endotheliochorial","Labyrinthine",0.0487089748404056,,2.68,24.2
"muntiacus_muntjak","Artiodactyla",1604.5263,6862,17611.59,15000,"Epitheliochorial","Villous",0.091106271495078,0.10696842,1.17,1371.39
"muntiacus_reevesi","Artiodactyla",1050,8468,13499.94,8900,"Epitheliochorial","Villous",0.0777781234583265,0.117977528089888,1,1050
"mus_musculus","Rodentia",6.4342,2190,20.5,16.7,"Hemochorial","Labyrinthine",0.313863414634146,0.385281437125749,6.07,1.06
"mustela_putorius","Carnivora",72.96,5110,809,,"Endotheliochorial","Labyrinthine",0.0901854140914709,,7.68,9.5
"myocastor_coypus","Carnivora",1098.438,4380,7150,6360,"Hemochorial","Labyrinthine",0.153627692307692,0.172710377358491,5.34,205.7
"myodes_glareolus","Rodentia",7.869,1794.58,20.8,,"Hemochorial","Labyrinthine",0.378317307692308,,4.3,1.83
"myodes_rutilus","Rodentia",11.34,1085.32,25,,"Hemochorial","Labyrinthine",0.4536,,6.3,1.8
"myoprocta_pratti","Rodentia",148.291,5402,914,,"Hemochorial","Villous",0.16224398249453,,1.87,79.3
"myotis_lucifugus","Chiroptera",2.18,12410,7.15,6.49,"Hemochorial","Labyrinthine",0.304895104895105,0.335901386748844,1,2.18
"myrmecophaga_tridactyla","Pilosa",1500,11506.63,29531.83,32770,"Hemochorial","Trabecular",0.0507926532151919,0.045773573390296,1,1500
"naemorhedus_goral","Artiodactyla",2000,6916.75,28231.59,,"Epitheliochorial","Villous",0.070842627000463,,1,2000
"nandinia_binotata","Carnivora",112,7741.04,2167.2,,"Endotheliochorial","Labyrinthine",0.0516795865633075,,2,56
"nanger_granti","Artiodactyla",5215.17,7190.5,61232.23,,"Epitheliochorial","Villous",0.0851703424814024,,1,5215.17
"nasalis_larvatus","Primates",454.5,9161.5,13441.58,,"Hemochorial","Trabecular",0.0338129892467999,,1.01,450
"nasua_narica","Carnivora",583.8,9636,3750,3700,"Endotheliochorial","Labyrinthine",0.15568,0.157783783783784,4.17,140
"nasua_nasua","Carnivora",552.1071,8650.5,4000,4244.322222,"Endotheliochorial","Labyrinthine",0.138026775,0.130081334809645,3.81,144.91
"neofelis_nebulosa","Carnivora",374.6025,7227,19500,,"Endotheliochorial","Labyrinthine",0.0192103846153846,,2.25,166.49
"neotoma_albigula","Rodentia",23.9894,3467.5,190.5,,"Hemochorial","Labyrinthine",0.125928608923885,,2.14,11.21
"neotoma_floridana","Rodentia",36.9252,3467.5,208.18,,"Hemochorial","Labyrinthine",0.177371505427995,,2.63,14.04
"neotoma_fuscipes","Rodentia",35.768,304.17,213.26,,"Hemochorial","Labyrinthine",0.16772015380287,,2.72,13.15
"neotoma_lepida","Rodentia",27.3312,3832.5,113.4,,"Hemochorial","Labyrinthine",0.241015873015873,,2.92,9.36
"nycticebus_coucang","Primates",52.4888,9672.5,953.3,1195,"Epitheliochorial","Villous",0.0550601069967481,0.0439236820083682,1.04,50.47
"nycticebus_pygmaeus","Primates",22.2768,9672.5,400,376,"Epitheliochorial","Villous",0.055692,0.0592468085106383,1.12,19.89
"ochotona_princeps","Lagomorpha",33,2670.58,140.2,168.8,"Hemochorial","Labyrinthine",0.235378031383738,0.195497630331754,3,11
"octodon_degus","Rodentia",75.3489,5110,204.84,,"Hemochorial","Labyrinthine",0.367842706502636,,5.31,14.19
"odobenus_rosmarus","Carnivora",69727.262,14600,846498.1,,"Endotheliochorial","Labyrinthine",0.0823714335566731,,1.18,59090.9
"odocoileus_hemionus","Artiodactyla",4872.1338,8030,57000,,"Epitheliochorial","Villous",0.0854760315789474,,1.62,3007.49
"odocoileus_virginianus","Artiodactyla",5044.4829,8395,65320,52060,"Epitheliochorial","Villous",0.0772272336191059,0.0968974817518248,1.71,2949.99
"okapia_johnstoni","Artiodactyla",18325.61,12227.5,230001.1,,"Epitheliochorial","Villous",0.0796761841573801,,1,18325.61
"ondatra_zibethicus","Rodentia",141.1758,3650,997.96,,"Hemochorial","Labyrinthine",0.141464387350194,,6.42,21.99
"orcinus_orca","Cetacea",158745.07,36500,4300000,5443200,"Epitheliochorial","Villous",0.0369174581395349,0.0291639237948266,1,158745.07
"oreamnos_americanus","Artiodactyla",4066.6692,7592,77227.7,,"Epitheliochorial","Villous",0.052658167988947,,1.32,3080.81
"oreotragus_oreotragus","Artiodactyla",1130,9453.5,13000,,"Epitheliochorial","Villous",0.0869230769230769,,1,1130
"orycteropus_afer","Tubulidentata",1956.6704,10877,56175.2,,"Endotheliochorial","Labyrinthine",0.0348315698030448,,1.03,1899.68
"oryctolagus_cuniculus","Lagomorpha",204.9364,6570,1900,1827,"Hemochorial","Labyrinthine",0.107861263157895,0.112170990695129,5.24,39.11
"oryx_dammah","Artiodactyla",9706.02,10037.5,177500,,"Epitheliochorial","Villous",0.0546818028169014,,1,9706.02
"oryx_gazella","Artiodactyla",12055.49,8723.5,37500,,"Epitheliochorial","Villous",0.321479733333333,,1,12055.49
"otocyon_megalotis","Carnivora",482.8,6527.42,4150,4073.75,"Endotheliochorial","Labyrinthine",0.11633734939759,0.118514881865603,4,120.7
"otolemur_garnettii","Primates",62.0046,6874.17,1300,734,"Epitheliochorial","Villous",0.0476958461538462,0.084474931880109,1.26,49.21
"ovibos_moschatus","Artiodactyla",10548.5511,10001,312500,,"Epitheliochorial","Villous",0.03375536352,,1.01,10444.11
"ovis_canadensis","Artiodactyla",4239.3255,8760,69125,51100,"Epitheliochorial","Villous",0.0613283978300181,0.0829613600782779,1.03,4115.85
"ovis_dalli","Artiodactyla",3709.9894,8760,70194.13,49066.66667,"Epitheliochorial","Villous",0.052853271349043,0.0756111970057329,1.06,3499.99
"pan_paniscus","Primates",1399.53,20075,35119.95,31940,"Hemochorial","Villous",0.0398499997864462,0.0438174702567314,1,1399.53
"pan_troglodytes","Primates",1884.6216,27010,44983.5,33400,"Hemochorial","Villous",0.0418958418086632,0.0564257964071856,1.08,1745.02
"panthera_leo","Carnivora",3655.5393,10950,149062,143000,"Endotheliochorial","Labyrinthine",0.0245236163475601,0.0255632118881119,2.83,1291.71
"panthera_onca","Carnivora",1634.6,10353.83,81150,58000,"Endotheliochorial","Labyrinthine",0.0201429451632779,0.0281827586206897,2,817.3
"panthera_tigris","Carnivora",3375.695,9599.5,128800,131000,"Endotheliochorial","Labyrinthine",0.0262088121118012,0.0257686641221374,2.57,1313.5
"papio_anubis","Primates",956.7831,16425,17728.56,11700,"Hemochorial","Trabecular",0.0539684610594431,0.0817763333333333,1.01,947.31
"papio_hamadryas","Primates",890,16425,18000,9900,"Hemochorial","Villous",0.0494444444444444,0.0898989898989899,1,890
"papio_papio","Primates",606.3838,16425,18000,,"Hemochorial","Trabecular",0.0336879888888889,,1.01,600.38
"paradoxurus_hermaphroditus","Carnivora",302.9103,9125,3180,,"Endotheliochorial","Labyrinthine",0.0952548113207547,,3.29,92.07
"paraxerus_cepapi","Rodentia",25.6275,3491.83,222.85,,"Hemochorial","Labyrinthine",0.114998878169172,,2.01,12.75
"pecari_tajacu","Artiodactyla",1125.7246,11497.5,20500,17956.25,"Epitheliochorial","Villous",0.0549133951219512,0.0626926334841629,1.82,618.53
"pedetes_capensis","Rodentia",253.49,7315.21,2774.63,,"Hemochorial","Labyrinthine",0.091359929071624,,1,253.49
"perodicticus_potto","Primates",38.2748,9782,1011,989,"Epitheliochorial","Villous",0.0378583580613254,0.0387005055611729,1.03,37.16
"perognathus_parvus","Rodentia",7.2,2117,20.1,,"Hemochorial","Labyrinthine",0.358208955223881,,4.8,1.5
"peromyscus_eremicus","Rodentia",6.526,2701,21.75,,"Hemochorial","Labyrinthine",0.300045977011494,,2.6,2.51
"peromyscus_leucopus","Rodentia",7.83,2920,22.3,17.675,"Hemochorial","Labyrinthine",0.351121076233184,0.442998585572843,4.35,1.8
"peromyscus_maniculatus","Rodentia",7.9926,3041.67,20.5,19.57,"Hemochorial","Labyrinthine",0.389882926829268,0.408410832907512,4.62,1.73
"peromyscus_polionotus","Rodentia",5.544,2007.5,14,,"Hemochorial","Labyrinthine",0.396,,3.6,1.54
"petrodromus_tetradactylus","Macroscelidea",36.2115,2609.75,208,,"Hemochorial","Labyrinthine",0.17409375,,1.17,30.95
"phacochoerus_aethiopicus","Artiodactyla",2331.8715,6862,73303.76,,"Epitheliochorial","Villous",0.0318110762667563,,3.37,691.95
"philantomba_monticola","Artiodactyla",709.41,5803.5,4896.05,,"Epitheliochorial","Villous",0.144894353611585,,1,709.41
"phoca_largha","Carnivora",7100,17374,93097.92,,"Endotheliochorial","Labyrinthine",0.0762637876334939,,1,7100
"phoca_vitulina","Carnivora",10213.75,17374,94283.33,,"Endotheliochorial","Labyrinthine",0.108330390960947,,1,10213.75
"phocoena_phocoena","Cetacea",8892.16,7446,52730.93,62000,"Epitheliochorial","Trabecular",0.168632717078952,0.143421935483871,1,8892.16
"phodopus_campbelli","Rodentia",8.1652,1426.54,28.75,,"Hemochorial","Labyrinthine",0.284006956521739,,5.48,1.49
"phodopus_sungorus","Rodentia",10.6896,1426.54,30.87,,"Hemochorial","Labyrinthine",0.346277939747328,,5.24,2.04
"phyllostomus_discolor","Chiroptera",7.29,3285,40.05,37.04081633,"Endotheliochorial","Labyrinthine",0.182022471910112,0.196809917336938,1,7.29
"poecilogale_albinucha","Carnivora",8.88,2278.21,282.83,,"Endotheliochorial","Labyrinthine",0.03139695223279,,2.22,4
"pongo_pygmaeus","Primates",1874.388,21900,58941.64,37797.55556,"Hemochorial","Villous",0.0318007439222933,0.0495901910118126,1.14,1644.2
"potamochoerus_porcus","Artiodactyla",2250,8227.71,71000,,"Epitheliochorial","Villous",0.0316901408450704,,3,750
"potos_flavus","Carnivora",171.84,14016,2420.91,,"Endotheliochorial","Labyrinthine",0.0709815730448468,,1,171.84
"prionailurus_bengalensis","Carnivora",207.5,6314.5,4150,,"Endotheliochorial","Labyrinthine",0.05,,2.5,83
"prionailurus_viverrinus","Carnivora",340,6278,10650,,"Endotheliochorial","Labyrinthine",0.031924882629108,,2,170
"procavia_capensis","Hyracoidea",496.5156,5405.04,2750,3600,"Hemochorial","Labyrinthine",0.180551127272727,0.137921,2.44,203.49
"procyon_lotor","Carnivora",279.5394,7665,5075,6320,"Endotheliochorial","Labyrinthine",0.0550816551724138,0.044230917721519,3.39,82.46
"propithecus_coquereli","Primates",103.4745,11132.5,3622.7,3757,"Epitheliochorial","Villous",0.0285628122670936,0.0275417886611658,1.01,102.45
"propithecus_diadema","Primates",136.3399,4036.29,6414.5,,"Hemochorial","Villous",0.0212549536207031,,1.01,134.99
"propithecus_tattersalli","Primates",101.3688,7467.29,3545,3167,"Hemochorial","Villous",0.0285948660084626,0.0320078307546574,1.04,97.47
"propithecus_verreauxi","Primates",104.703,11132.5,3588.26,3696,"Epitheliochorial","Villous",0.0291793236833451,0.0283287337662338,1.02,102.65
"pteronotus_davyi","Chiroptera",1.15,2682.75,9.4,,"Hemochorial","Labyrinthine",0.122340425531915,,1,1.15
"pteronura_brasiliensis","Carnivora",396.245,6314.5,24000,,"Endotheliochorial","Labyrinthine",0.0165102083333333,,1.94,204.25
"pteropus_giganteus","Chiroptera",90.32,14907.21,824.85,900,"Hemochorial","Labyrinthine",0.109498696732739,0.100355555555556,1,90.32
"pteropus_poliocephalus","Chiroptera",70,8614,675,675,"Hemochorial","Labyrinthine",0.103703703703704,0.103703703703704,1,70
"pteropus_rodricensis","Chiroptera",45,10950,303.09,,"Hemochorial","Labyrinthine",0.148470751262001,,1,45
"pudu_puda","Artiodactyla",803.4,7665,9642.62,,"Epitheliochorial","Villous",0.0833176045514601,,1.03,780
"puma_concolor","Carnivora",1131.2412,8687,48000,30466.66667,"Endotheliochorial","Labyrinthine",0.023567525,0.0371304551381695,2.76,409.87
"pusa_hispida","Carnivora",4500,16790,88070,,"Endotheliochorial","Labyrinthine",0.0510957193141819,,1,4500
"pygathrix_nemaeus","Primates",191.94,9775.92,9875,,"Hemochorial","Trabecular",0.0194369620253165,,1,191.94
"rangifer_tarandus","Artiodactyla",6039.682,7920.5,101250,86260,"Epitheliochorial","Villous",0.0596511802469136,0.0700171806167401,1.1,5490.62
"raphicerus_campestris","Artiodactyla",916.51,5110,11333.33,,"Epitheliochorial","Villous",0.0808685531966333,,1,916.51
"rattus_norvegicus","Rodentia",51.388,1825,280,310.51,"Hemochorial","Labyrinthine",0.183528571428571,0.165495475185984,8.86,5.8
"rhinoceros_unicornis","Perissodactyla",61326.59,17885,1600000,,"Epitheliochorial","Villous",0.03832911875,,1,61326.59
"rhinolophus_rouxii","Chiroptera",2.8314,1825,12.25,,"Endotheliochorial","Labyrinthine",0.231134693877551,,0.99,2.86
"rhinopoma_hardwickii","Chiroptera",2.5,4935.28,12,,"Endotheliochorial","Labyrinthine",0.208333333333333,,1,2.5
"rousettus_aegyptiacus","Chiroptera",19.8952,8358.5,134,,"Hemochorial","Labyrinthine",0.148471641791045,,1.04,19.13
"rousettus_leschenaultii","Chiroptera",12.12,5110,96.57,,"Hemochorial","Labyrinthine",0.125504815159988,,1.01,12
"rucervus_eldii","Artiodactyla",4721.7298,7482.5,95471.61,,"Epitheliochorial","Villous",0.0494568992813675,,1.01,4674.98
"saccopteryx_bilineata","Chiroptera",3.49,2190,7.9,8,"Endotheliochorial","Labyrinthine",0.441772151898734,0.43625,1,3.49
"saguinus_geoffroyi","Primates",93.288,9563,453.77,502,"Hemochorial","Trabecular",0.205584326861626,0.185832669322709,1.95,47.84
"saguinus_imperator","Primates",93.1,8650.5,482.15,,"Hemochorial","Trabecular",0.193093435652805,,2,46.55
"saguinus_midas","Primates",79.56,7665,547.18,,"Hemochorial","Trabecular",0.145400051171461,,2,39.78
"saguinus_oedipus","Primates",77.9,9563,445.5,473,"Hemochorial","Trabecular",0.174859708193042,0.164693446088795,1.9,41
"saiga_tatarica","Artiodactyla",5255.8068,4380,37992,,"Epitheliochorial","Villous",0.138339829437776,,1.58,3326.46
"scalopus_aquaticus","Eulipotyphla",20.0625,2263,74.6,87.2,"Hemochorial","Labyrinthine",0.268934316353887,0.230074541284404,3.75,5.35
"sciurus_carolinensis","Rodentia",45.51,8760,540.33,413,"Hemochorial","Labyrinthine",0.0842263061462439,0.110193704600484,3,15.17
"sciurus_vulgaris","Rodentia",39.1169,5402,328.88,325,"Hemochorial","Labyrinthine",0.118939734857699,0.120359692307692,4.43,8.83
"semnopithecus_entellus","Primates",509.8266,10685.38,12679.29,,"Hemochorial","Trabecular",0.0402093965829317,,1.02,499.83
"setifer_setosus","Afrosoricida",75.088,5146.5,304.11,218.8,"Hemochorial","Labyrinthine",0.246910657327941,0.343180987202925,3.04,24.7
"solenodon_paradoxus","Eulipotyphla",167.3814,4416.5,900,,"Hemochorial","Labyrinthine",0.185979333333333,,1.86,89.99
"sorex_araneus","Eulipotyphla",2.7552,1168,8.2,7.45,"Hemochorial","Labyrinthine",0.336,0.369825503355705,6.56,0.42
"sorex_minutus","Eulipotyphla",1.3002,730,4.2,3.01,"Hemochorial","Labyrinthine",0.309571428571429,0.431960132890366,5.91,0.22
"speothos_venaticus","Carnivora",650.475,5146.5,6000,,"Endotheliochorial","Labyrinthine",0.1084125,,4.13,157.5
"stenella_coeruleoalba","Cetacea",16950,20987.5,122950,60500,"Epitheliochorial","Villous",0.137860919072794,0.280165289256198,1.5,11300
"suncus_murinus","Eulipotyphla",7.442,1183.21,45.87,59.73,"Hemochorial","Labyrinthine",0.162241116197951,0.124594006361962,3.05,2.44
"suricata_suricatta","Carnivora",117.73,7519,776,,"Endotheliochorial","Labyrinthine",0.151713917525773,,3.86,30.5
"sus_scrofa","Artiodactyla",4499.2789,9855,135000,50600,"Epitheliochorial","Villous",0.0333279918518519,0.0889185553359684,5.57,807.77
"sylvilagus_aquaticus","Lagomorpha",170.999,3250.1,2127.01,,"Hemochorial","Labyrinthine",0.0803940743108871,,3.07,55.7
"sylvilagus_audubonii","Lagomorpha",103.08,2853.08,791.29,,"Hemochorial","Labyrinthine",0.1302682960735,,3,34.36
"sylvilagus_floridanus","Lagomorpha",170.75,3577,1178.6,1248.6,"Hemochorial","Labyrinthine",0.144875275750891,0.136753163543168,5,34.15
"symphalangus_syndactylus","Primates",527.34,15695,10869.5,,"Hemochorial","Villous",0.0485155710934266,,1.02,517
"syncerus_caffer","Artiodactyla",43030.5588,10877,646333,,"Epitheliochorial","Villous",0.0665764533143132,,1.08,39843.11
"tadarida_brasiliensis","Chiroptera",3.3814,5475,12.5,,"Endotheliochorial","Labyrinthine",0.270512,,1.06,3.19
"talpa_europaea","Eulipotyphla",12.9276,2555,110.42,75.64,"Endotheliochorial","Labyrinthine",0.117076616554972,0.170909571655209,3.99,3.24
"tamiasciurus_hudsonicus","Rodentia",28.938,4380,210.8,219.4,"Hemochorial","Labyrinthine",0.137277039848197,0.131896080218778,4.2,6.89
"taphozous_melanopogon","Chiroptera",5.8,7300,25.99,,"Endotheliochorial","Labyrinthine",0.223162754905733,,1,5.8
"tapirus_indicus","Perissodactyla",6848.35,13322.5,296250,225000,"Epitheliochorial","Villous",0.0231167932489451,0.0304371111111111,1,6848.35
"tapirus_pinchaque","Perissodactyla",4720,10402.5,148950,,"Epitheliochorial","Villous",0.0316884860691507,,1,4720
"tapirus_terrestris","Perissodactyla",4507.91,14454,225000,219500,"Epitheliochorial","Trabecular",0.0200351555555556,0.0205371753986333,1,4507.91
"taxidea_taxus","Carnivora",280.47,9490,8000,6385,"Endotheliochorial","Labyrinthine",0.03505875,0.0439263899765074,3,93.49
"tenrec_ecaudatus","Afrosoricida",409.4136,3175.5,885.8,658.3,"Hemochorial","Labyrinthine",0.462196432603296,0.621925565851436,16.89,24.24
"theropithecus_gelada","Primates",464.92,13140,15964.11,,"Hemochorial","Trabecular",0.0291228261393839,,1,464.92
"thomomys_bottae","Rodentia",13.856,2226.5,103.5,85,"Hemochorial","Labyrinthine",0.133874396135266,0.163011764705882,4.33,3.2
"thyroptera_tricolor","Chiroptera",1.0682,5421.74,4.52,,"Hemochorial","Labyrinthine",0.236327433628319,,0.98,1.09
"trachypithecus_francoisi","Primates",572.7456,9599.5,7604.75,,"Hemochorial","Trabecular",0.0753141917880272,,1.26,454.56
"trachypithecus_obscurus","Primates",339.18,12373.5,7163.94,,"Hemochorial","Trabecular",0.0473454551545658,,1,339.18
"trachypithecus_vetulus","Primates",359.99,9526.5,7081.8,,"Hemochorial","Villous",0.0508331215227767,,1,359.99
"tragelaphus_angasii","Artiodactyla",5541.58,6752.5,100666.7,,"Epitheliochorial","Villous",0.0550487897189438,,1,5541.58
"tragelaphus_eurycerus","Artiodactyla",19944.92,7993.5,270998.4,,"Epitheliochorial","Villous",0.073597925301404,,1,19944.92
"tragelaphus_imberbis","Artiodactyla",5891.21,7227,82500,,"Epitheliochorial","Villous",0.0714086060606061,,1,5891.21
"tragelaphus_scriptus","Artiodactyla",3027.79,5584.5,43250.39,,"Epitheliochorial","Villous",0.0700060739336686,,1,3027.79
"tragelaphus_spekii","Artiodactyla",4000,8249,87500,,"Epitheliochorial","Villous",0.0457142857142857,,1,4000
"tragelaphus_strepsiceros","Artiodactyla",15366.57,8577.5,206056.4,166300,"Epitheliochorial","Villous",0.0745745824929485,0.0924027059530968,1,15366.57
"tragulus_napu","Artiodactyla",372.99,6095.5,3850,,"Epitheliochorial","Villous",0.0968805194805195,,1,372.99
"tremarctos_ornatus","Carnivora",480,14329.29,109250,,"Endotheliochorial","Labyrinthine",0.00439359267734554,,1.5,320
"trichechus_manatus","Sirenia",29636.99,20440,387500,,"Endotheliochorial","Labyrinthine",0.0764825548387097,,1,29636.99
"tupaia_glis","Scandentia",27.972,4532.08,159,176.5,"Endotheliochorial","Labyrinthine",0.175924528301887,0.158481586402266,2.22,12.6
"tupaia_montana","Scandentia",19.36,577.92,225.53,,"Endotheliochorial","Labyrinthine",0.0858422382831552,,1.76,11
"tursiops_truncatus","Cetacea",24369.6,19345,230000,145833,"Epitheliochorial","Villous",0.105954782608696,0.167106210528481,1,24369.6
"urocyon_cinereoargenteus","Carnivora",404.352,5913,4220,,"Endotheliochorial","Labyrinthine",0.095818009478673,,3.9,103.68
"ursus_americanus","Carnivora",726.1553,12410,132405,97000,"Endotheliochorial","Labyrinthine",0.00548434953362789,0.00748613711340206,2.47,293.99
"ursus_arctos","Carnivora",1134.9773,18250,240500,111857.14,"Endotheliochorial","Labyrinthine",0.00471924033264033,0.010146668330694,2.27,499.99
"ursus_maritimus","Carnivora",1112.9968,16425,371703.8,272500,"Endotheliochorial","Labyrinthine",0.00299431106165716,0.0040843919266055,1.66,670.48
"ursus_thibetanus","Carnivora",597.025,14308,99714.19,,"Endotheliochorial","Labyrinthine",0.00598736248070611,,1.67,357.5
"vicugna_vicugna","Artiodactyla",6082.92,22435.33,50000,37500,"Epitheliochorial","Trabecular",0.1216584,0.1622112,1,6082.92
"vulpes_lagopus","Carnivora",561.6604,5949.5,3600,,"Endotheliochorial","Labyrinthine",0.156016777777778,,8.12,69.17
"vulpes_velox","Carnivora",177.3336,7300,2088,,"Endotheliochorial","Labyrinthine",0.0849298850574713,,4.44,39.94
"vulpes_vulpes","Carnivora",475.3177,7774.5,4580.3,3900,"Endotheliochorial","Labyrinthine",0.103774359758094,0.121876333333333,4.73,100.49
"vulpes_zerda","Carnivora",66.1744,5949.5,1207.5,,"Endotheliochorial","Labyrinthine",0.0548028157349896,,2.36,28.04
"xerus_inauris","Rodentia",42.4,4745,557.3,550,"Hemochorial","Labyrinthine",0.0760811053292661,0.0770909090909091,2.12,20
"zalophus_californianus","Carnivora",6982.679,13030.5,158597.4,95666.66667,"Endotheliochorial","Labyrinthine",0.0440277015890551,0.072989675955645,1.1,6347.89
