species,taxonomic_order,litter_mass,longevity,body_mass_g,female_body_mass_g,invasiveness,interdigitation,relative_litter_mass,relative_litter_mass_female
chaetophractus_villosus,Cingulata,205.392,9198,4372.8,2507,Hemochorial,Trabecular,0.04697036223929747,0.08192740327084164
euphractus_sexcinctus,Cingulata,183.715,8066.5,4850,NA,Hemochorial,Trabecular,0.03787938144329897,NA
dasypus_novemcinctus,Cingulata,385.92,8151.67,3949.01,4428.5,Hemochorial,Trabecular,0.09772575911430965,0.08714463136502203
bradypus_variegatus,Pilosa,271.81,9866.91,3963.18,4326,Endotheliochorial,Trabecular,0.06858381400794313,0.06283171521035599
bradypus_tridactylus,Pilosa,178.66,14600,4072.9,3520,Endotheliochorial,Trabecular,0.04386555034496305,0.05075568181818182
choloepus_hoffmanni,Pilosa,373,13505,4250,6300,Endotheliochorial,Trabecular,0.08776470588235294,0.05920634920634921
choloepus_didactylus,Pilosa,364,13432,6250,NA,Endotheliochorial,Trabecular,0.05824,NA
myrmecophaga_tridactyla,Pilosa,1500,11506.63,29531.83,32770,Hemochorial,Trabecular,0.05079265321519188,0.045773573390296
tenrec_ecaudatus,Afrosoricida,409.4136,3175.5,885.8,658.3,Hemochorial,Labyrinthine,0.46219643260329646,0.6219255658514355
hemicentetes_semispinosus,Afrosoricida,38.2063,1000.71,133,107.6,Hemochorial,Labyrinthine,0.28726541353383456,0.3550771375464684
setifer_setosus,Afrosoricida,75.088,5146.5,304.11,218.8,Hemochorial,Labyrinthine,0.2469106573279405,0.343180987202925
echinops_telfairi,Afrosoricida,41.1201,6935,166.13,99.9,Hemochorial,Labyrinthine,0.24751760669355324,0.4116126126126126
elephantulus_rufescens,Macroscelidea,14.508899999999999,2883.5,55.5,NA,Hemochorial,Labyrinthine,0.2614216216216216,NA
elephantulus_myurus,Macroscelidea,14.904,1517.79,61.99,53.83,Hemochorial,Labyrinthine,0.2404258751411518,0.27687163291844696
petrodromus_tetradactylus,Macroscelidea,36.211499999999994,2609.75,208,NA,Hemochorial,Labyrinthine,0.17409374999999996,NA
orycteropus_afer,Tubulidentata,1956.6704000000002,10877,56175.2,NA,Endotheliochorial,Labyrinthine,0.03483156980304476,NA
loxodonta_africana,Proboscidea,105000,29200,4565000,2727333.333,Endotheliochorial,Labyrinthine,0.023001095290251915,0.03849914446816171
elephas_maximus,Proboscidea,97000,29200,3220000,2663333.333,Endotheliochorial,Labyrinthine,0.03012422360248447,0.0364205256616296
trichechus_manatus,Sirenia,29636.99,20440,387500,NA,Endotheliochorial,Labyrinthine,0.07648255483870968,NA
heterohyrax_brucei,Hyracoidea,425.25,5110,2000,NA,Hemochorial,Labyrinthine,0.212625,NA
procavia_capensis,Hyracoidea,496.5156,5405.04,2750,3600,Hemochorial,Villous,0.18055112727272726,0.137921
enhydra_lutris,Carnivora,1894.37,10950,27410.93,NA,Endotheliochorial,Labyrinthine,0.06911002289962434,NA
lontra_canadensis,Carnivora,362.9598,9855,8087.42,NA,Endotheliochorial,Labyrinthine,0.04487955367719248,NA
pteronura_brasiliensis,Carnivora,396.245,6314.5,24000,NA,Endotheliochorial,Labyrinthine,0.016510208333333335,NA
poecilogale_albinucha,Carnivora,8.88,2278.21,282.83,NA,Endotheliochorial,Labyrinthine,0.03139695223279002,NA
mustela_putorius,Carnivora,72.96,5110,809,NA,Endotheliochorial,Labyrinthine,0.09018541409147095,NA
martes_zibellina,Carnivora,97.7186,8030,1066.7,NA,Endotheliochorial,Labyrinthine,0.09160832473985187,NA
martes_americana,Carnivora,85.449,6935,892,960,Endotheliochorial,Labyrinthine,0.09579484304932735,0.089009375
gulo_gulo,Carnivora,244.2968,7117.5,12792.49,NA,Endotheliochorial,Labyrinthine,0.019096892004605827,NA
eira_barbara,Carnivora,166,8139.5,4134.99,4350,Endotheliochorial,Labyrinthine,0.040145199867472475,0.03816091954022988
taxidea_taxus,Carnivora,280.46999999999997,9490,8000,6385,Endotheliochorial,Labyrinthine,0.03505875,0.043926389976507434
nasua_narica,Carnivora,583.8,9636,3750,3700,Endotheliochorial,Labyrinthine,0.15567999999999999,0.15778378378378377
nasua_nasua,Carnivora,552.1071,8650.5,4000,4244.322222,Endotheliochorial,Labyrinthine,0.138026775,0.13008133480964537
procyon_lotor,Carnivora,279.5394,7665,5075,6320,Endotheliochorial,Labyrinthine,0.05508165517241379,0.044230917721518985
bassariscus_astutus,Carnivora,83.22,6935,1010.37,NA,Endotheliochorial,Labyrinthine,0.08236586596989222,NA
potos_flavus,Carnivora,171.84,14016,2420.91,NA,Endotheliochorial,Labyrinthine,0.07098157304484677,NA
ailurus_fulgens,Carnivora,208.08,6935,4747.54,NA,Endotheliochorial,Labyrinthine,0.04382901460545883,NA
phoca_vitulina,Carnivora,10213.75,17374,94283.33,NA,Endotheliochorial,Labyrinthine,0.10833039096094718,NA
phoca_largha,Carnivora,7100,17374,93097.92,NA,Endotheliochorial,Labyrinthine,0.07626378763349385,NA
pusa_hispida,Carnivora,4500,16790,88070,NA,Endotheliochorial,Labyrinthine,0.0510957193141819,NA
halichoerus_grypus,Carnivora,13995.35,17035.46,197570,NA,Endotheliochorial,Labyrinthine,0.07083742471022929,NA
cystophora_cristata,Carnivora,21992.7,12775,245448.4,NA,Endotheliochorial,Labyrinthine,0.0896021322607929,NA
hydrurga_leptonyx,Carnivora,29399.9902,9490,375671.1,NA,Endotheliochorial,Labyrinthine,0.0782599199139886,NA
leptonychotes_weddellii,Carnivora,27395.84,9125,410833.3,NA,Endotheliochorial,Labyrinthine,0.06668359161732995,NA
lobodon_carcinophaga,Carnivora,20000,14235,238333.3,NA,Endotheliochorial,Labyrinthine,0.08391609565260079,NA
mirounga_angustirostris,Carnivora,34381.77,7406.46,914528.7,334720,Endotheliochorial,Labyrinthine,0.03759506946036795,0.10271800310707456
arctocephalus_pusillus,Carnivora,5750,11716.5,127551,NA,Endotheliochorial,Labyrinthine,0.04508000721280116,NA
zalophus_californianus,Carnivora,6982.679000000001,13030.5,158597.4,95666.66667,Endotheliochorial,Labyrinthine,0.044027701589055064,0.07298967595564497
eumetopias_jubatus,Carnivora,18250,11972,382466.7,NA,Endotheliochorial,Labyrinthine,0.047716572449313883,NA
callorhinus_ursinus,Carnivora,5354.8,12775,55464.82,42187.5,Endotheliochorial,Labyrinthine,0.0965440796526519,0.1269285925925926
odobenus_rosmarus,Carnivora,69727.262,14600,846498.1,NA,Endotheliochorial,Labyrinthine,0.08237143355667308,NA
ursus_thibetanus,Carnivora,597.025,14308,99714.19,NA,Endotheliochorial,Labyrinthine,0.0059873624807061055,NA
ursus_americanus,Carnivora,726.1553000000001,12410,132405,97000,Endotheliochorial,Labyrinthine,0.005484349533627885,0.007486137113402063
helarctos_malayanus,Carnivora,357.48900000000003,13103.5,46000,NA,Endotheliochorial,Labyrinthine,0.007771500000000001,NA
ursus_maritimus,Carnivora,1112.9968,16425,371703.8,272500,Endotheliochorial,Labyrinthine,0.002994311061657158,0.004084391926605504
ursus_arctos,Carnivora,1134.9773,18250,240500,111857.14,Endotheliochorial,Labyrinthine,0.004719240332640332,0.010146668330693954
tremarctos_ornatus,Carnivora,480,14329.29,109250,NA,Endotheliochorial,Labyrinthine,0.004393592677345538,NA
ailuropoda_melanoleuca,Carnivora,160.7606,13432,117500,NA,Endotheliochorial,Labyrinthine,0.0013681753191489363,NA
canis_lupus,Carnivora,2053.3038,10767.5,29190.76,31100,Endotheliochorial,Labyrinthine,0.07034088184069207,0.06602263022508038
canis_latrans,Carnivora,1122.0561,7969.17,11050,NA,Endotheliochorial,Labyrinthine,0.10154353846153846,NA
lycaon_pictus,Carnivora,2230.875,6205,24249.99,NA,Endotheliochorial,Labyrinthine,0.09199488329685908,NA
chrysocyon_brachyurus,Carnivora,1116.8700000000001,6132,22250,24630,Endotheliochorial,Labyrinthine,0.05019640449438203,0.04534591961023143
speothos_venaticus,Carnivora,650.475,5146.5,6000,NA,Endotheliochorial,Labyrinthine,0.10841250000000001,NA
vulpes_zerda,Carnivora,66.17439999999999,5949.5,1207.5,NA,Endotheliochorial,Labyrinthine,0.05480281573498964,NA
vulpes_vulpes,Carnivora,475.3177,7774.5,4580.3,3900,Endotheliochorial,Labyrinthine,0.10377435975809444,0.12187633333333334
vulpes_velox,Carnivora,177.33360000000002,7300,2088,NA,Endotheliochorial,Labyrinthine,0.08492988505747127,NA
vulpes_lagopus,Carnivora,561.6604,5949.5,3600,NA,Endotheliochorial,Labyrinthine,0.15601677777777778,NA
otocyon_megalotis,Carnivora,482.8,6527.42,4150,4073.75,Endotheliochorial,Labyrinthine,0.11633734939759037,0.11851488186560295
urocyon_cinereoargenteus,Carnivora,404.35200000000003,5913,4220,NA,Endotheliochorial,Labyrinthine,0.095818009478673,NA
crossarchus_obscurus,Carnivora,39.12,4854.5,790,NA,Endotheliochorial,Labyrinthine,0.049518987341772146,NA
mungos_mungo,Carnivora,64.85600000000001,6351,1331.5,NA,Endotheliochorial,Labyrinthine,0.04870897484040557,NA
suricata_suricatta,Carnivora,117.72999999999999,7519,776,NA,Endotheliochorial,Labyrinthine,0.15171391752577318,NA
cryptoprocta_ferox,Carnivora,299.88,8431.5,9500,6100,Endotheliochorial,Labyrinthine,0.031566315789473685,0.049160655737704916
hyaena_hyaena,Carnivora,1633.075,9125,35070.51,NA,Endotheliochorial,Labyrinthine,0.046565476236302236,NA
crocuta_crocuta,Carnivora,2920,15001.5,63000,NA,Hemochorial,Labyrinthine,0.04634920634920635,NA
genetta_tigrina,Carnivora,213.75,7774.5,1760,NA,Endotheliochorial,Labyrinthine,0.12144886363636363,NA
paradoxurus_hermaphroditus,Carnivora,302.9103,9125,3180,NA,Endotheliochorial,Labyrinthine,0.09525481132075472,NA
arctictis_binturong,Carnivora,793.375,9928,12999.99,NA,Endotheliochorial,Labyrinthine,0.06102889309914854,NA
hemigalus_derbyanus,Carnivora,250,6570,2375,NA,Endotheliochorial,Labyrinthine,0.10526315789473684,NA
felis_silvestris,Carnivora,392.61600000000004,10220,5036.54,3150,Endotheliochorial,Labyrinthine,0.0779535157072117,0.12464000000000001
felis_margarita,Carnivora,287.955,5073.5,2750,NA,Endotheliochorial,Labyrinthine,0.10471090909090909,NA
felis_chaus,Carnivora,406.5,7300,10000,NA,Endotheliochorial,Labyrinthine,0.04065,NA
felis_nigripes,Carnivora,137.51999999999998,5694,2125,NA,Endotheliochorial,Labyrinthine,0.06471529411764705,NA
prionailurus_bengalensis,Carnivora,207.5,6314.5,4150,NA,Endotheliochorial,Labyrinthine,0.05,NA
prionailurus_viverrinus,Carnivora,340,6278,10650,NA,Endotheliochorial,Labyrinthine,0.03192488262910798,NA
lynx_canadensis,Carnivora,650.76,9782,9682.82,NA,Endotheliochorial,Labyrinthine,0.06720769362644353,NA
lynx_lynx,Carnivora,650.25,9782,21150,NA,Endotheliochorial,Labyrinthine,0.03074468085106383,NA
lynx_rufus,Carnivora,758.9999999999999,11801.67,9400,NA,Endotheliochorial,Labyrinthine,0.08074468085106382,NA
puma_concolor,Carnivora,1131.2412,8687,48000,30466.66667,Endotheliochorial,Labyrinthine,0.023567525,0.03713045513816953
acinonyx_jubatus,Carnivora,1342.6464,7482.5,50577.92,NA,Endotheliochorial,Labyrinthine,0.026546097585665843,NA
caracal_caracal,Carnivora,587.58,7409.5,14000,NA,Endotheliochorial,Labyrinthine,0.04197,NA
leptailurus_serval,Carnivora,596.9,8395,11999.96,NA,Endotheliochorial,Labyrinthine,0.04974183247277491,NA
leopardus_pardalis,Carnivora,415,10293,10500,10466.92308,Endotheliochorial,Labyrinthine,0.039523809523809524,0.03964871021102412
leopardus_wiedii,Carnivora,236.13,8775.21,3600,2158.8,Endotheliochorial,Labyrinthine,0.06559166666666666,0.10938021122846024
panthera_leo,Carnivora,3655.5393000000004,10950,149062,143000,Endotheliochorial,Labyrinthine,0.02452361634756008,0.025563211888111892
panthera_onca,Carnivora,1634.6,10353.83,81150,58000,Endotheliochorial,Labyrinthine,0.02014294516327788,0.028182758620689655
panthera_tigris,Carnivora,3375.6949999999997,9599.5,128800,131000,Endotheliochorial,Labyrinthine,0.02620881211180124,0.0257686641221374
neofelis_nebulosa,Carnivora,374.6025,7227,19500,NA,Endotheliochorial,Labyrinthine,0.019210384615384615,NA
nandinia_binotata,Carnivora,112,7741.04,2167.2,NA,Endotheliochorial,Labyrinthine,0.0516795865633075,NA
equus_grevyi,Perissodactyla,39999.99,11384.96,384000,NA,Epitheliochorial,Villous,0.104166640625,NA
equus_zebra,Perissodactyla,29496.68,12118,296000,248100,Epitheliochorial,Villous,0.09965094594594595,0.11889028617492947
diceros_bicornis,Perissodactyla,34999.99,17973.21,995940.5,NA,Epitheliochorial,Villous,0.03514265159414644,NA
ceratotherium_simum,Perissodactyla,48500,18250,2230000,NA,Epitheliochorial,Villous,0.021748878923766816,NA
rhinoceros_unicornis,Perissodactyla,61326.59,17885,1600000,NA,Epitheliochorial,Villous,0.038329118749999995,NA
dicerorhinus_sumatrensis,Perissodactyla,22849.5,12775,1260000,NA,Epitheliochorial,Villous,0.01813452380952381,NA
tapirus_terrestris,Perissodactyla,4507.91,14454,225000,219500,Epitheliochorial,Trabecular,0.020035155555555555,0.020537175398633256
tapirus_pinchaque,Perissodactyla,4720,10402.5,148950,NA,Epitheliochorial,Villous,0.03168848606915072,NA
tapirus_indicus,Perissodactyla,6848.35,13322.5,296250,225000,Epitheliochorial,Villous,0.02311679324894515,0.030437111111111113
capra_ibex,Artiodactyla,3279.3026,8139.5,77000,NA,Epitheliochorial,Villous,0.042588345454545457,NA
hemitragus_jemlahicus,Artiodactyla,2727,7957,35200,45000,Epitheliochorial,Villous,0.0774715909090909,0.0606
oreamnos_americanus,Artiodactyla,4066.6692000000003,7592,77227.7,NA,Epitheliochorial,Villous,0.05265816798894698,NA
ammotragus_lervia,Artiodactyla,5490,7920.5,92500,NA,Epitheliochorial,Villous,0.059351351351351354,NA
ovis_canadensis,Artiodactyla,4239.325500000001,8760,69125,51100,Epitheliochorial,Villous,0.061328397830018096,0.0829613600782779
ovis_dalli,Artiodactyla,3709.9894,8760,70194.13,49066.66667,Epitheliochorial,Villous,0.052853271349042996,0.07561119700573293
capricornis_crispus,Artiodactyla,3499.99,8760,43030.64,38430,Epitheliochorial,Villous,0.08133715882450272,0.09107442102524069
naemorhedus_goral,Artiodactyla,2000,6916.75,28231.59,NA,Epitheliochorial,Villous,0.07084262700046295,NA
ovibos_moschatus,Artiodactyla,10548.5511,10001,312500,NA,Epitheliochorial,Villous,0.033755363520000005,NA
oryx_gazella,Artiodactyla,12055.49,8723.5,37500,NA,Epitheliochorial,Villous,0.32147973333333335,NA
oryx_dammah,Artiodactyla,9706.02,10037.5,177500,NA,Epitheliochorial,Villous,0.05468180281690141,NA
addax_nasomaculatus,Artiodactyla,5633.76,10293,94288.68,NA,Epitheliochorial,Villous,0.05975012058711608,NA
hippotragus_niger,Artiodactyla,16412.18,8121.25,225000,NA,Epitheliochorial,Villous,0.07294302222222222,NA
hippotragus_equinus,Artiodactyla,16412.18,9453.5,233500,NA,Epitheliochorial,Villous,0.07028770877944325,NA
damaliscus_lunatus,Artiodactyla,11000,8614,118798.7,NA,Epitheliochorial,Villous,0.09259360582228594,NA
alcelaphus_buselaphus,Artiodactyla,12500,5828.85,159938.9,NA,Epitheliochorial,Villous,0.07815484538158009,NA
connochaetes_taurinus,Artiodactyla,18044.36,9015.5,180500,NA,Epitheliochorial,Villous,0.09996875346260388,NA
connochaetes_gnou,Artiodactyla,10941.45,7957,132250,NA,Epitheliochorial,Villous,0.08273308128544424,NA
gazella_dorcas,Artiodactyla,1919.3162,8650.5,47386.47,14100,Epitheliochorial,Villous,0.0405034643855092,0.13612171631205675
gazella_spekei,Artiodactyla,1250,5405.04,20000,NA,Epitheliochorial,Villous,0.0625,NA
gazella_leptoceros,Artiodactyla,4615.3,5329,24645.75,NA,Epitheliochorial,Villous,0.18726555288437155,NA
gazella_subgutturosa,Artiodactyla,3221.8115,7300,37740.68,NA,Epitheliochorial,Villous,0.08536707605692319,NA
nanger_granti,Artiodactyla,5215.17,7190.5,61232.23,NA,Epitheliochorial,Villous,0.08517034248140236,NA
eudorcas_thomsonii,Artiodactyla,2500,7300,23197.67,NA,Epitheliochorial,Villous,0.10776944408641041,NA
antilope_cervicapra,Artiodactyla,3386.14,8723.5,37500,NA,Epitheliochorial,Villous,0.09029706666666666,NA
antidorcas_marsupialis,Artiodactyla,3841.48,7300,33571.24,27850,Epitheliochorial,Villous,0.1144277065726497,0.13793464991023338
saiga_tatarica,Artiodactyla,5255.8068,4380,37992,NA,Epitheliochorial,Villous,0.13833982943777637,NA
madoqua_guentheri,Artiodactyla,684,6387.5,4550,NA,Epitheliochorial,Villous,0.15032967032967032,NA
madoqua_kirkii,Artiodactyla,625.82,6314.5,4833.4,NA,Epitheliochorial,Villous,0.12947821409359872,NA
raphicerus_campestris,Artiodactyla,916.51,5110,11333.33,NA,Epitheliochorial,Villous,0.08086855319663329,NA
kobus_leche,Artiodactyla,5100,9271,91722.52,NA,Epitheliochorial,Villous,0.05560248453705807,NA
kobus_ellipsiprymnus,Artiodactyla,12600,11080.79,175333,NA,Epitheliochorial,Villous,0.07186325449287927,NA
cephalophus_rufilatus,Artiodactyla,975.1,5548,12500,NA,Epitheliochorial,Villous,0.07800800000000001,NA
cephalophus_niger,Artiodactyla,1940,5402,18100,NA,Epitheliochorial,Villous,0.10718232044198896,NA
cephalophus_silvicultor,Artiodactyla,4400.72,8212.5,62006.6,NA,Epitheliochorial,Villous,0.07097179977615287,NA
cephalophus_jentinki,Artiodactyla,4581.46,7771.46,69244.92,NA,Epitheliochorial,Villous,0.06616312070257284,NA
cephalophus_dorsalis,Artiodactyla,1611.37,6387.5,11600,11600,Epitheliochorial,Villous,0.1389112068965517,0.1389112068965517
philantomba_monticola,Artiodactyla,709.41,5803.5,4896.05,NA,Epitheliochorial,Villous,0.14489435361158484,NA
oreotragus_oreotragus,Artiodactyla,1130,9453.5,13000,NA,Epitheliochorial,Villous,0.08692307692307692,NA
aepyceros_melampus,Artiodactyla,5238.4,9344,52500,40480,Epitheliochorial,Villous,0.09977904761904761,0.1294071146245059
syncerus_caffer,Artiodactyla,43030.558800000006,10877,646333,NA,Epitheliochorial,Villous,0.06657645331431322,NA
tragelaphus_eurycerus,Artiodactyla,19944.92,7993.5,270998.4,NA,Epitheliochorial,Villous,0.07359792530140398,NA
tragelaphus_spekii,Artiodactyla,4000,8249,87500,NA,Epitheliochorial,Villous,0.045714285714285714,NA
tragelaphus_scriptus,Artiodactyla,3027.79,5584.5,43250.39,NA,Epitheliochorial,Villous,0.070006073933668575,NA
tragelaphus_strepsiceros,Artiodactyla,15366.57,8577.5,206056.4,166300,Epitheliochorial,Villous,0.07457458249294853,0.09240270595309681
tragelaphus_angasii,Artiodactyla,5541.58,6752.5,100666.7,NA,Epitheliochorial,Villous,0.0550487897189438,NA
tragelaphus_imberbis,Artiodactyla,5891.21,7227,82500,NA,Epitheliochorial,Villous,0.07140860606060606,NA
boselaphus_tragocamelus,Artiodactyla,8812.5,7920.5,180000,NA,Epitheliochorial,Villous,0.04895833333333333,NA
cervus_nippon,Artiodactyla,4277.11,9599.5,52999.99,28640,Epitheliochorial,Villous,0.08070020390569885,0.14934043296089383
cervus_elaphus,Artiodactyla,8586.0528,11497.5,160166.7,203625,Epitheliochorial,Villous,0.053606978229557074,0.04216600515653775
rucervus_eldii,Artiodactyla,4721.729799999999,7482.5,95471.61,NA,Epitheliochorial,Villous,0.04945689928136751,NA
elaphurus_davidianus,Artiodactyla,11618.925000000001,10037.5,165989.2,130500,Epitheliochorial,Villous,0.06999807818821947,0.08903390804597702
dama_dama,Artiodactyla,5027.3308,9125,63612.31,40766.66667,Epitheliochorial,Villous,0.07903078507917728,0.12331964348950779
axis_axis,Artiodactyla,3251.5658000000003,7592,45500,50000,Epitheliochorial,Villous,0.07146298461538463,0.065031316
muntiacus_muntjak,Artiodactyla,1604.5263,6862,17611.59,15000,Epitheliochorial,Villous,0.09110627149507795,0.10696842
muntiacus_reevesi,Artiodactyla,1050,8468,13499.94,8900,Epitheliochorial,Villous,0.07777812345832648,0.11797752808988764
odocoileus_virginianus,Artiodactyla,5044.4829,8395,65320,52060,Epitheliochorial,Villous,0.07722723361910594,0.09689748175182482
odocoileus_hemionus,Artiodactyla,4872.1338,8030,57000,NA,Epitheliochorial,Villous,0.08547603157894736,NA
blastocerus_dichotomus,Artiodactyla,4199.99,5000.5,102500,NA,Epitheliochorial,Villous,0.04097551219512195,NA
pudu_puda,Artiodactyla,803.4,7665,9642.62,NA,Epitheliochorial,Villous,0.08331760455146008,NA
rangifer_tarandus,Artiodactyla,6039.682000000001,7920.5,101250,86260,Epitheliochorial,Villous,0.059651180246913585,0.0700171806167401
capreolus_capreolus,Artiodactyla,2163.3044999999997,6387.5,21666.69,20200,Epitheliochorial,Villous,0.09984471555184478,0.10709428217821781
hydropotes_inermis,Artiodactyla,3048.57,5079.58,12760.04,12220,Epitheliochorial,Villous,0.23891539524954467,0.24947381342062194
alces_alces,Artiodactyla,16639.9872,9855,359750,NA,Epitheliochorial,Villous,0.04625430771369006,NA
giraffa_camelopardalis,Artiodactyla,61874.28800000001,14417.5,800000,NA,Epitheliochorial,Villous,0.07734286000000001,NA
okapia_johnstoni,Artiodactyla,18325.61,12227.5,230001.1,NA,Epitheliochorial,Villous,0.07967618415738012,NA
antilocapra_americana,Artiodactyla,6529.382999999999,5657.5,45375,NA,Epitheliochorial,Villous,0.14389824793388428,NA
tragulus_napu,Artiodactyla,372.99,6095.5,3850,NA,Epitheliochorial,Villous,0.09688051948051948,NA
cephalorhynchus_commersonii,Artiodactyla,5834.74,9417,68700,NA,Epitheliochorial,Villous,0.08493071324599709,NA
orcinus_orca,Cetacea,158745.07,36500,4300000,5443200,Epitheliochorial,Villous,0.036917458139534884,0.029163923794826574
delphinus_delphis,Cetacea,6998.9535,10594.12,77818.35,NA,Epitheliochorial,Villous,0.08993962863514839,NA
stenella_coeruleoalba,Cetacea,16950,20987.5,122950,60500,Epitheliochorial,Villous,0.13786091907279382,0.2801652892561983
tursiops_truncatus,Cetacea,24369.6,19345,230000,145833,Epitheliochorial,Villous,0.10595478260869565,0.1671062105284812
phocoena_phocoena,Cetacea,8892.16,7446,52730.93,62000,Epitheliochorial,Villous,0.16863271707895158,0.14342193548387097
delphinapterus_leucas,Cetacea,58140,14600,1380000,NA,Epitheliochorial,Villous,0.042130434782608694,NA
inia_geoffrensis,Artiodactyla,6799.99,11424.5,98500,NA,Epitheliochorial,Villous,0.06903543147208122,NA
megaptera_novaeangliae,Artiodactyla,1299999.99,34675,30000000,NA,Epitheliochorial,Villous,0.043333333,NA
hippopotamus_amphibius,Therapsida,40199.99,22338,2640000,1349750,Epitheliochorial,Villous,0.015227268939393938,0.02978328579366549
sus_scrofa,Artiodactyla,4499.2789,9855,135000,50600,Epitheliochorial,Villous,0.033327991851851854,0.08891855533596839
phacochoerus_aethiopicus,Artiodactyla,2331.8715,6862,73303.76,NA,Epitheliochorial,Villous,0.031811076266756305,NA
potamochoerus_porcus,Artiodactyla,2250,8227.71,71000,NA,Epitheliochorial,Villous,0.03169014084507042,NA
babyrousa_babyrussa,Artiodactyla,1000.9999999999999,8760,92950.09,NA,Epitheliochorial,Villous,0.010769220341798485,NA
pecari_tajacu,Artiodactyla,1125.7246,11497.5,20500,17956.25,Epitheliochorial,Villous,0.05491339512195122,0.0626926334841629
catagonus_wagneri,Artiodactyla,1470.4900000000002,5344.21,35433.2,NA,Epitheliochorial,Villous,0.0415003443098563,NA
vicugna_vicugna,Artiodactyla,6082.92,22435.33,50000,37500,Epitheliochorial,Villous,0.1216584,0.1622112
camelus_dromedarius,Artiodactyla,36751.19,14600,434000,NA,Epitheliochorial,Villous,0.08468016129032259,NA
rousettus_aegyptiacus,Chiroptera,19.8952,8358.5,134,NA,Hemochorial,Labyrinthine,0.14847164179104477,NA
rousettus_leschenaultii,Chiroptera,12.120000000000001,5110,96.57,NA,Hemochorial,Labyrinthine,0.1255048151599876,NA
cynopterus_sphinx,Chiroptera,12.100000000000001,3686.5,37.4,47.84,Hemochorial,Labyrinthine,0.32352941176470595,0.2529264214046823
pteropus_poliocephalus,Chiroptera,70,8614,675,675,Hemochorial,Labyrinthine,0.1037037037037037,0.1037037037037037
pteropus_giganteus,Chiroptera,90.32,14907.21,824.85,900,Hemochorial,Labyrinthine,0.10949869673273928,0.10035555555555555
pteropus_rodricensis,Chiroptera,45,10950,303.09,NA,Hemochorial,Labyrinthine,0.1484707512620014,NA
rhinolophus_rouxii,Chiroptera,2.8314,1825,12.25,NA,Endotheliochorial,Labyrinthine,0.231134693877551,NA
rhinopoma_hardwickii,Chiroptera,2.5,4935.28,12,NA,Endotheliochorial,Labyrinthine,0.20833333333333334,NA
myotis_lucifugus,Chiroptera,2.18,12410,7.15,6.49,Hemochorial,Labyrinthine,0.3048951048951049,0.3359013867488444
tadarida_brasiliensis,Chiroptera,3.3814,5475,12.5,NA,Endotheliochorial,Labyrinthine,0.27051200000000003,NA
chaerephon_plicatus,Chiroptera,4.455,2467,21.83,17.2,Hemochorial,Labyrinthine,0.20407695831424646,0.25901162790697674
artibeus_lituratus,Chiroptera,8.9,7014.08,46.1,77.64533956,Endotheliochorial,Labyrinthine,0.19305856832971802,0.11462375012376082
artibeus_jamaicensis,Chiroptera,10.57,7014.08,46.1,NA,Endotheliochorial,Labyrinthine,0.22928416485900216,NA
carollia_perspicillata,Chiroptera,4.89,6205,16.4,16.48770687,Endotheliochorial,Labyrinthine,0.29817073170731706,0.2965846032171725
leptonycteris_yerbabuenae,Chiroptera,7.1,3686.5,24.26,NA,Endotheliochorial,Labyrinthine,0.29266281945589445,NA
leptonycteris_nivalis,Chiroptera,7.8,3650,22.63,NA,Endotheliochorial,Labyrinthine,0.34467520989836503,NA
phyllostomus_discolor,Chiroptera,7.29,3285,40.05,37.04081633,Endotheliochorial,Labyrinthine,0.18202247191011237,0.19680991733693792
desmodus_rotundus,Chiroptera,6.94,10658,33.18,43.37795276,Endotheliochorial,Labyrinthine,0.20916214587100665,0.15998910871606567
pteronotus_davyi,Chiroptera,1.15,2682.75,9.4,NA,Hemochorial,Labyrinthine,0.12234042553191488,NA
mormoops_megalophylla,Chiroptera,0.91,2728.03,16.05,NA,Hemochorial,Labyrinthine,0.05669781931464175,NA
thyroptera_tricolor,Chiroptera,1.0682,5421.74,4.52,NA,Hemochorial,Labyrinthine,0.23632743362831862,NA
saccopteryx_bilineata,Chiroptera,3.49,2190,7.9,8,Endotheliochorial,Labyrinthine,0.4417721518987342,0.43625
taphozous_melanopogon,Chiroptera,5.8,7300,25.99,NA,Endotheliochorial,Labyrinthine,0.22316275490573298,NA
suncus_murinus,Eulipotyphla,7.441999999999999,1183.21,45.87,59.73,Hemochorial,Labyrinthine,0.16224111619795073,0.12459400636196216
sorex_araneus,Eulipotyphla,2.7552,1168,8.2,7.45,Hemochorial,Labyrinthine,0.336,0.3698255033557047
sorex_minutus,Eulipotyphla,1.3002,730,4.2,3.01,Hemochorial,Labyrinthine,0.30957142857142855,0.4319601328903655
blarina_brevicauda,Eulipotyphla,5.0997,1003.75,20.7,20.23,Hemochorial,Labyrinthine,0.24636231884057974,0.2520860108749382
erinaceus_europaeus,Erinaceomorpha,65.57879999999999,5110,777.95,667,Hemochorial,Labyrinthine,0.08429693425027313,0.0983190404797601
atelerix_albiventris,Erinaceomorpha,35.92,4161,600,178.94,Hemochorial,Labyrinthine,0.05986666666666667,0.20073767743377668
talpa_europaea,Eulipotyphla,12.927600000000002,2555,110.42,75.64,Endotheliochorial,Labyrinthine,0.11707661655497194,0.1709095716552089
scalopus_aquaticus,Eulipotyphla,20.0625,2263,74.6,87.2,Hemochorial,Labyrinthine,0.2689343163538874,0.23007454128440366
solenodon_paradoxus,Eulipotyphla,167.38139999999999,4416.5,900,NA,Hemochorial,Labyrinthine,0.18597933333333333,NA
tupaia_montana,Scandentia,19.36,577.92,225.53,NA,Endotheliochorial,Labyrinthine,0.08584223828315524,NA
tupaia_glis,Scandentia,27.972,4532.08,159,176.5,Endotheliochorial,Labyrinthine,0.1759245283018868,0.15848158640226628
lepus_americanus,Lagomorpha,231.33440000000002,2920,1565.61,1167.3,Hemochorial,Labyrinthine,0.14775991466584912,0.19817904566092695
sylvilagus_aquaticus,Lagomorpha,170.999,3250.1,2127.01,NA,Hemochorial,Labyrinthine,0.0803940743108871,NA
sylvilagus_audubonii,Lagomorpha,103.08,2853.08,791.29,NA,Hemochorial,Labyrinthine,0.13026829607350024,NA
sylvilagus_floridanus,Lagomorpha,170.75,3577,1178.6,1248.6,Hemochorial,Labyrinthine,0.1448752757508909,0.13675316354316835
oryctolagus_cuniculus,Lagomorpha,204.9364,6570,1900,1827,Hemochorial,Labyrinthine,0.10786126315789474,0.11217099069512862
ochotona_princeps,Lagomorpha,33,2670.58,140.2,168.8,Hemochorial,Labyrinthine,0.23537803138373753,0.19549763033175355
cynomys_ludovicianus,Rodentia,67.5132,6570,1125,NA,Hemochorial,Labyrinthine,0.06001173333333333,NA
marmota_flaviventris,Rodentia,150.0276,7738,3709.73,2572,Hemochorial,Labyrinthine,0.040441649392273835,0.058331104199066876
marmota_monax,Rodentia,122.355,5110,3413,NA,Hemochorial,Labyrinthine,0.035849692352768824,NA
ammospermophilus_leucurus,Rodentia,23.2,4088,99.37,88.8,Hemochorial,Labyrinthine,0.23347086645868972,0.26126126126126126
ammospermophilus_harrisii,Rodentia,23.909399999999998,3869,126,NA,Hemochorial,Labyrinthine,0.18975714285714285,NA
paraxerus_cepapi,Rodentia,25.627499999999998,3491.83,222.85,NA,Hemochorial,Labyrinthine,0.11499887816917208,NA
xerus_inauris,Rodentia,42.400000000000006,4745,557.3,550,Hemochorial,Labyrinthine,0.07608110532926612,0.0770909090909091
glaucomys_volans,Rodentia,11.299299999999999,6935,65.4,79.1,Hemochorial,Labyrinthine,0.1727721712538226,0.14284829329962073
glaucomys_sabrinus,Rodentia,16.919999999999998,5183,148,NA,Hemochorial,Labyrinthine,0.11432432432432431,NA
sciurus_carolinensis,Rodentia,45.51,8760,540.33,413,Hemochorial,Labyrinthine,0.08422630614624395,0.11019370460048426
sciurus_vulgaris,Rodentia,39.1169,5402,328.88,325,Hemochorial,Labyrinthine,0.11893973485769886,0.1203596923076923
tamiasciurus_hudsonicus,Rodentia,28.938,4380,210.8,219.4,Hemochorial,Labyrinthine,0.13727703984819734,0.13189608021877847
callosciurus_prevostii,Rodentia,28.9218,7701.5,400,NA,Hemochorial,Villous,0.07230450000000001,NA
funambulus_pennantii,Rodentia,20.535600000000002,1852.38,125.07,NA,Hemochorial,Labyrinthine,0.16419285200287842,NA
aplodontia_rufa,Rodentia,64.736,3650,706.8,NA,Hemochorial,Labyrinthine,0.09159026598754953,NA
myocastor_coypus,Carnivora,1098.4379999999999,4380,7150,6360,Endotheliochorial,Labyrinthine,0.1536276923076923,0.17271037735849054
capromys_pilorides,Rodentia,398.98,5040.04,4683.3,NA,Hemochorial,Labyrinthine,0.08519206542395319,NA
octodon_degus,Rodentia,75.34889999999999,5110,204.84,NA,Hemochorial,Labyrinthine,0.3678427065026361,NA
chinchilla_lanigera,Rodentia,66.9071,7300,485,800,Hemochorial,Labyrinthine,0.13795278350515464,0.083633875
lagostomus_maximus,Rodentia,392,3942,6392,NA,Hemochorial,Labyrinthine,0.06132665832290363,NA
dinomys_branickii,Rodentia,1515.7770999999998,4745,12500,5300,Hemochorial,Labyrinthine,0.12126216799999999,0.28599567924528296
coendou_prehensilis,Rodentia,410.8,9709,3900,NA,Hemochorial,Labyrinthine,0.10533333333333333,NA
erethizon_dorsatum,Rodentia,490.59,8541,8009.73,6818.44444,Hemochorial,Labyrinthine,0.06124925559288515,0.07195042862298369
kerodon_rupestris,Rodentia,125.3088,4708.5,875.5,NA,Hemochorial,Labyrinthine,0.1431282695602513,NA
hydrochoerus_hydrochaeris,Rodentia,5235,5511.5,51572.46,62000,Hemochorial,Labyrinthine,0.10150766513755598,0.08443548387096775
dolichotis_patagonum,Rodentia,1088.4448,5256,12500,NA,Hemochorial,Labyrinthine,0.087075584,NA
galea_musteloides,Rodentia,98.3357,1277.5,337.88,NA,Hemochorial,Labyrinthine,0.29103735053865276,NA
myoprocta_pratti,Rodentia,148.291,5402,914,NA,Hemochorial,Villous,0.16224398249452954,NA
cuniculus_paca,Rodentia,681.5177,6132,9000,NA,Hemochorial,Labyrinthine,0.07572418888888889,NA
bathyergus_janetta,Rodentia,50.787,547.5,627.5,NA,Hemochorial,Labyrinthine,0.08093545816733068,NA
heterocephalus_glaber,Rodentia,16.647,10329.5,35,NA,Hemochorial,Labyrinthine,0.4756285714285714,NA
hystrix_africaeaustralis,Rodentia,641.7389999999999,8431.5,14936.02,NA,Hemochorial,Labyrinthine,0.04296586373076629,NA
atherurus_africanus,Rodentia,219.40500000000003,8364.58,2875.65,NA,Hemochorial,Labyrinthine,0.07629753273173022,NA
ctenodactylus_gundi,Rodentia,56.791,2117,288.8,NA,Hemochorial,Labyrinthine,0.19664473684210523,NA
peromyscus_polionotus,Rodentia,5.5440000000000005,2007.5,14,NA,Hemochorial,Labyrinthine,0.396,NA
peromyscus_maniculatus,Rodentia,7.9926,3041.67,20.5,19.57,Hemochorial,Labyrinthine,0.3898829268292683,0.4084108329075115
peromyscus_leucopus,Rodentia,7.829999999999999,2920,22.3,17.675,Hemochorial,Labyrinthine,0.3511210762331838,0.44299858557284294
peromyscus_eremicus,Rodentia,6.526,2701,21.75,NA,Hemochorial,Labyrinthine,0.30004597701149427,NA
neotoma_albigula,Rodentia,23.989400000000003,3467.5,190.5,NA,Hemochorial,Labyrinthine,0.12592860892388452,NA
neotoma_floridana,Rodentia,36.9252,3467.5,208.18,NA,Hemochorial,Labyrinthine,0.17737150542799499,NA
neotoma_lepida,Rodentia,27.3312,3832.5,113.4,NA,Hemochorial,Labyrinthine,0.241015873015873,NA
neotoma_fuscipes,Rodentia,35.768,304.17,213.26,NA,Hemochorial,Labyrinthine,0.16772015380286975,NA
microtus_xanthognathus,Rodentia,28.5482,1000.25,92.65,NA,Hemochorial,Labyrinthine,0.30812951969778735,NA
myodes_rutilus,Rodentia,11.34,1085.32,25,NA,Hemochorial,Labyrinthine,0.4536,NA
myodes_glareolus,Rodentia,7.869,1794.58,20.8,NA,Hemochorial,Labyrinthine,0.37831730769230765,NA
ondatra_zibethicus,Rodentia,141.17579999999998,3650,997.96,NA,Hemochorial,Labyrinthine,0.14146438735019437,NA
dicrostonyx_groenlandicus,Rodentia,15.027999999999999,1204.5,58.44,NA,Hemochorial,Labyrinthine,0.2571526351813826,NA
lemmus_lemmus,Rodentia,19.916800000000002,1213.63,68.81,68.6,Hemochorial,Labyrinthine,0.28944630140967886,0.29033236151603503
cricetulus_barabensis,Rodentia,10.66,1934.5,22.85,NA,Hemochorial,Labyrinthine,0.4665207877461707,NA
mesocricetus_auratus,Rodentia,20.421499999999998,3650,105,76,Hemochorial,Labyrinthine,0.19449047619047619,0.268703947368421
phodopus_sungorus,Rodentia,10.6896,1426.54,30.87,NA,Hemochorial,Labyrinthine,0.3462779397473275,NA
phodopus_campbelli,Rodentia,8.1652,1426.54,28.75,NA,Hemochorial,Labyrinthine,0.28400695652173913,NA
cricetomys_gambianus,Rodentia,75.5244,3066,1510.7,NA,Hemochorial,Labyrinthine,0.04999298338518567,NA
acomys_cahirinus,Rodentia,13.560300000000002,2731.42,45.2,32,Hemochorial,Labyrinthine,0.30000663716814163,0.42375937500000005
mastomys_natalensis,Rodentia,17.028,1061.54,41.68,9.3,Hemochorial,Labyrinthine,0.4085412667946257,1.8309677419354835
mus_musculus,Rodentia,6.434200000000001,2190,20.5,16.7,Hemochorial,Labyrinthine,0.31386341463414635,0.3852814371257485
bandicota_indica,Rodentia,59.7924,1533,511,503,Hemochorial,Labyrinthine,0.1170105675146771,0.11887157057654076
rattus_norvegicus,Rodentia,51.388,1825,280,310.51,Hemochorial,Labyrinthine,0.18352857142857143,0.16549547518598434
meriones_shawi,Rodentia,24.490499999999997,1700.29,137.8,NA,Hemochorial,Labyrinthine,0.17772496371552973,NA
meriones_unguiculatus,Rodentia,14.25,2299.5,58.1,65.02,Hemochorial,Labyrinthine,0.2452667814113597,0.2191633343586589
calomys_callosus,Rodentia,11.976,416.83,48.6,NA,Hemochorial,Labyrinthine,0.24641975308641975,NA
jaculus_jaculus,Rodentia,6.48,2664.5,57.4,NA,Hemochorial,Labyrinthine,0.11289198606271778,NA
geomys_bursarius,Rodentia,17.3229,4380,186.85,NA,Hemochorial,Labyrinthine,0.09271019534385871,NA
thomomys_bottae,Rodentia,13.856000000000002,2226.5,103.5,85,Hemochorial,Labyrinthine,0.13387439613526572,0.16301176470588238
perognathus_parvus,Rodentia,7.199999999999999,2117,20.1,NA,Hemochorial,Labyrinthine,0.3582089552238805,NA
dipodomys_merriami,Rodentia,7.566999999999999,3540.5,37.81,32.6,Endotheliochorial,Labyrinthine,0.20013224014810893,0.23211656441717787
dipodomys_panamintinus,Rodentia,15.75,1974.04,56.58,NA,Endotheliochorial,Labyrinthine,0.27836691410392367,NA
dipodomys_deserti,Rodentia,13.4232,3285,106.75,NA,Hemochorial,Labyrinthine,0.12574426229508195,NA
dipodomys_ordii,Rodentia,15.7185,3613.5,49.6,NA,Endotheliochorial,Labyrinthine,0.31690524193548386,NA
castor_canadensis,Rodentia,1486.3086,8541,19928.33,15010,Hemochorial,Labyrinthine,0.07458269709504008,0.09902122584943372
pedetes_capensis,Rodentia,253.49,7315.21,2774.63,NA,Hemochorial,Labyrinthine,0.09135992907162396,NA
cercopithecus_mitis,Primates,402,13797,6116.5,3929,Hemochorial,Trabecular,0.06572386168560451,0.1023161109697124
cercopithecus_cephus,Primates,337.19,13140,3399.94,NA,Hemochorial,Trabecular,0.099175279563757,NA
erythrocebus_patas,Primates,621.67,10329.5,7660.5,NA,Hemochorial,Trabecular,0.08115266627504732,NA
cercopithecus_mona,Primates,280.49,11202.46,4240.09,NA,Hemochorial,Trabecular,0.06615189771915218,NA
cercopithecus_neglectus,Primates,259.95,11242,5701,NA,Hemochorial,Trabecular,0.04559726363795825,NA
cercopithecus_diana,Primates,466.9,13614.5,4550,NA,Hemochorial,Trabecular,0.10261538461538461,NA
miopithecus_talapoin,Primates,179.04,11278.5,1362.5,NA,Hemochorial,Trabecular,0.13140550458715597,NA
allenopithecus_nigroviridis,Primates,240.71,10019.25,4690,NA,Hemochorial,Labyrinthine,0.05132409381663113,NA
macaca_nigra,Primates,457.77,12410,7662.2,NA,Hemochorial,Trabecular,0.05974393777244134,NA
macaca_fuscata,Primates,712.2293999999999,14052.5,8882.5,8671.66667,Hemochorial,Trabecular,0.08018343934703068,0.08213293096977399
macaca_mulatta,Primates,471.47,14600,6614,6526.11111,Hemochorial,Trabecular,0.07128364076201996,0.07224363668549309
macaca_fascicularis,Primates,328.76,14235,4569.32,NA,Hemochorial,Trabecular,0.07194943667766758,NA
macaca_radiata,Primates,367.52,10959.13,5132.25,NA,Hemochorial,Trabecular,0.07160991767743193,NA
macaca_silenus,Primates,416.11,14663.88,6570,NA,Hemochorial,Trabecular,0.06333485540334856,NA
papio_papio,Primates,606.3838,16425,18000,NA,Hemochorial,Trabecular,0.03368798888888889,NA
papio_hamadryas,Primates,890,16425,18000,9900,Hemochorial,Villous,0.049444444444444444,0.0898989898989899
papio_anubis,Primates,956.7831,16425,17728.56,11700,Hemochorial,Trabecular,0.053968461059443064,0.08177633333333333
theropithecus_gelada,Primates,464.92,13140,15964.11,NA,Hemochorial,Trabecular,0.029122826139383905,NA
mandrillus_sphinx,Primates,643.5345,16910.45,23000,NA,Hemochorial,Trabecular,0.027979760869565218,NA
trachypithecus_obscurus,Primates,339.18,12373.5,7163.94,NA,Hemochorial,Villous,0.047345455154565785,NA
trachypithecus_francoisi,Primates,572.7456,9599.5,7604.75,NA,Hemochorial,Villous,0.07531419178802722,NA
nasalis_larvatus,Primates,454.5,9161.5,13441.58,NA,Hemochorial,Trabecular,0.03381298924679985,NA
pygathrix_nemaeus,Primates,191.94,9775.92,9875,NA,Hemochorial,Trabecular,0.019436962025316456,NA
semnopithecus_entellus,Primates,509.8266,10685.38,12679.29,NA,Hemochorial,Trabecular,0.04020939658293169,NA
trachypithecus_vetulus,Primates,359.99,9526.5,7081.8,NA,Hemochorial,Villous,0.05083312152277669,NA
colobus_guereza,Primates,444.92,12775,9058.41,NA,Hemochorial,Trabecular,0.04911678760400556,NA
hylobates_lar,Primates,398.86,20805,6194.31,5340,Hemochorial,Villous,0.06439135270917988,0.07469288389513108
symphalangus_syndactylus,Primates,527.34,15695,10869.5,NA,Hemochorial,Villous,0.048515571093426565,NA
pan_troglodytes,Primates,1884.6216000000002,27010,44983.5,33400,Hemochorial,Villous,0.04189584180866318,0.05642579640718563
pan_paniscus,Primates,1399.53,20075,35119.95,31940,Hemochorial,Villous,0.03984999978644617,0.04381747025673137
gorilla_gorilla,Primates,2116.8489,20221,150000,89113.46154,Hemochorial,Villous,0.014112326,0.023754535660696095
pongo_pygmaeus,Primates,1874.388,21900,58941.64,37797.55556,Hemochorial,Villous,0.031800743922293304,0.04959019101181261
saguinus_midas,Primates,79.56,7665,547.18,NA,Hemochorial,Trabecular,0.14540005117146096,NA
saguinus_geoffroyi,Primates,93.28800000000001,9563,453.77,502,Hemochorial,Trabecular,0.20558432686162598,0.1858326693227092
saguinus_oedipus,Primates,77.89999999999999,9563,445.5,473,Hemochorial,Trabecular,0.1748597081930415,0.1646934460887949
saguinus_imperator,Primates,93.1,8650.5,482.15,NA,Hemochorial,Trabecular,0.19309343565280515,NA
leontopithecus_rosalia,Primates,101.1855,11534,623.51,NA,Hemochorial,Trabecular,0.16228368430337928,NA
callithrix_jacchus,Primates,62.1376,8318.96,255.2,324,Hemochorial,Trabecular,0.24348589341692792,0.1917827160493827
callimico_goeldii,Primates,50.5,8103,556.5,NA,Hemochorial,Trabecular,0.09074573225516622,NA
cebus_albifrons,Primates,231.92,16060,2488.59,2130,Hemochorial,Trabecular,0.09319333437810165,0.10888262910798122
cebus_capucinus,Primates,238.36,20075,2655,2783.5,Hemochorial,Trabecular,0.08977777777777779,0.08563319561702892
aotus_trivirgatus,Primates,102.2794,10986.5,872.98,NA,Hemochorial,Villous,0.11716121789731723,NA
ateles_paniscus,Primates,478.64,16790,7887.5,NA,Hemochorial,Trabecular,0.06068335974643423,NA
ateles_fusciceps,Primates,499.99,17520,7267.5,NA,Hemochorial,Trabecular,0.06879807361541108,NA
ateles_geoffroyi,Primates,425.85,17520,7267.5,7653,Hemochorial,Trabecular,0.05859649122807018,0.05564484515876127
alouatta_palliata,Primates,318.29,9125,5659.14,4855,Hemochorial,Villous,0.05624352816859099,0.06555921730175078
alouatta_seniculus,Primates,352.104,9125,6398.31,4030,Hemochorial,Trabecular,0.0550307815657572,0.08737071960297767
alouatta_caraya,Primates,260.6,11826,5462.5,4330,Hemochorial,Villous,0.0477070938215103,0.06018475750577368
microcebus_murinus,Primates,11.519800000000002,6643,66.9,109,Epitheliochorial,Villous,0.17219431988041856,0.10568623853211011
mirza_coquereli,Primates,22.0932,6351,311.2,302,Epitheliochorial,Villous,0.07099357326478149,0.07315629139072848
cheirogaleus_medius,Primates,32.230000000000004,8471.04,294.19,282,Epitheliochorial,Villous,0.10955504945783338,0.11429078014184399
eulemur_mongoz,Primates,66.0228,13213,1915.57,1658,Epitheliochorial,Villous,0.0344663990352741,0.03982074788902292
eulemur_rubriventer,Primates,84.97,7497.71,1765.33,2139,Epitheliochorial,Villous,0.04813264375499199,0.039724170172978024
eulemur_coronatus,Primates,86.715,10950,1699.85,NA,Epitheliochorial,Villous,0.051013324705121044,NA
hapalemur_griseus,Primates,54.24,8504.5,1202.71,NA,Epitheliochorial,Villous,0.04509815333704717,NA
lemur_catta,Artiodactyla,84.138,13614.5,2555,2678,Epitheliochorial,Villous,0.0329307240704501,0.031418222554144885
propithecus_verreauxi,Primates,104.703,11132.5,3588.26,3696,Epitheliochorial,Villous,0.02917932368334513,0.028328733766233766
propithecus_tattersalli,Primates,101.36880000000001,7467.29,3545,3167,Hemochorial,Villous,0.028594866008462626,0.03200783075465741
propithecus_coquereli,Primates,103.4745,11132.5,3622.7,3757,Epitheliochorial,Villous,0.028562812267093608,0.027541788661165825
propithecus_diadema,Primates,136.3399,4036.29,6414.5,NA,Hemochorial,Villous,0.021254953620703093,NA
daubentonia_madagascariensis,Primates,121.79,8869.5,2610.33,2573,Epitheliochorial,Villous,0.046656936096202396,0.04733385153517295
galago_senegalensis,Primates,17.25,6874.17,192.2,199.25,Epitheliochorial,Villous,0.08975026014568159,0.08657465495608532
galago_moholi,Primates,18.1815,6874.17,180,155,Epitheliochorial,Villous,0.10100833333333334,0.1173
otolemur_garnettii,Primates,62.0046,6874.17,1300,734,Epitheliochorial,Villous,0.04769584615384616,0.084474931880109
nycticebus_coucang,Primates,52.4888,9672.5,953.3,1195,Epitheliochorial,Villous,0.05506010699674814,0.0439236820083682
nycticebus_pygmaeus,Primates,22.2768,9672.5,400,376,Epitheliochorial,Villous,0.055692000000000005,0.0592468085106383
loris_tardigradus,Primates,15.07,7044.5,243.71,224.25,Epitheliochorial,Villous,0.06183578843707685,0.06720178372352285
perodicticus_potto,Primates,38.2748,9782,1011,989,Epitheliochorial,Villous,0.03785835806132542,0.0387005055611729
cynocephalus_volans,Dermoptera,35.79,6387.5,1250,NA,Hemochorial,Labyrinthine,0.028631999999999998,NA
