species;order;common_name;invasivness;interdigitation;link_url;;;;;;;;;;;
Chrysochloris_asiatica;Afrosoricida;Cape_golden mole;Hemochorial;Labyrinthine;https://www.sciencedirect.com/science/article/pii/S0143400409002677;;;;;;;;;;;
Echinops_telfairi;Afrosoricida;lesser_hedgehog tenrec;Hemochorial;Labyrinthine;https://www.sciencedirect.com/science/article/pii/S0143400409002677;;;;;;;;;;;
Hemicentetes_semispinosus;Afrosoricida;lowland_streaked tenrec;Hemochorial;Labyrinthine;https://www.sciencedirect.com/science/article/pii/S0143400409002677;;;;;;;;;;;
Limnogale_mergulus;Afrosoricida;web-footed_tenrec;Hemochorial;Labyrinthine;https://www.sciencedirect.com/science/article/pii/S0143400409002677;;;;;;;;;;;
Microgale_cowani;Afrosoricida;Cowan's_shrew tenrec;Hemochorial;Labyrinthine;https://www.sciencedirect.com/science/article/pii/S0143400409002677;;;;;;;;;;;
Oryzorictes_hova;Afrosoricida;mole-like_rice tenrec;Hemochorial;Labyrinthine;https://www.sciencedirect.com/science/article/pii/S0143400409002677;;;;;;;;;;;
Potamogale_velox;Afrosoricida;giant_otter shrew;Hemochorial;Labyrinthine;https://www.sciencedirect.com/science/article/pii/S0143400409002677;;;;;;;;;;;
Setifer_setosus;Afrosoricida;greater_hedgehog tenrec;Hemochorial;Labyrinthine;https://www.sciencedirect.com/science/article/pii/S0143400409002677;;;;;;;;;;;
Tenrec_ecaudatus;Afrosoricida;tailless_tenrec;Hemochorial;Labyrinthine;https://www.sciencedirect.com/science/article/pii/S0143400409002677;;;;;;;;;;;
Addax_nasomaculatus;Artiodactyla;addax;Epitheliochorial;Villous;https://www.sciencedirect.com/science/article/pii/S0143400409002677;;;;;;;;;;;
Aepyceros_melampus;Artiodactyla;impala;Epitheliochorial;Villous;https://www.sciencedirect.com/science/article/pii/S0143400409002677;;;;;;;;;;;
Alcelaphus_buselaphus;Artiodactyla;hartebeest;Epitheliochorial;Villous;http://placentation.ucsd.edu/topifs.htm;;;;;;;;;;;
Alces_alces;Artiodactyla;moose;Epitheliochorial;Villous;https://www.sciencedirect.com/science/article/pii/S0143400409002677;;;;;;;;;;;
Alces_americanus;Artiodactyla;elk;Epitheliochorial;Villous;https://www.sciencedirect.com/science/article/pii/S0143400409002677;;;;;;;;;;;
Ammotragus_lervia;Artiodactyla;Barbary_sheep;Epitheliochorial;Villous;http://www.vivo.colostate.edu/hbooks/pathphys/reprod/placenta/structure.html;;;;;;;;;;;
Antidorcas_marsupialis;Artiodactyla;springbok;Epitheliochorial;Villous;http://placentation.ucsd.edu/springbok.htm;;;;;;;;;;;
Antilocapra_americana;Artiodactyla;pronghorn;Epitheliochorial;Villous;https://www.sciencedirect.com/science/article/pii/S0143400409002677;;;;;;;;;;;
Antilope_cervicapra;Artiodactyla;blackbuck;Epitheliochorial;Villous;https://www.sciencedirect.com/science/article/pii/S0143400409002677;;;;;;;;;;;
Axis_axis;Artiodactyla;chital;Epitheliochorial;Villous;http://placentation.ucsd.edu/deer.html;;;;;;;;;;;
Axis_calamianensis;Artiodactyla;Calamian_deer;Epitheliochorial;Villous;https://www.sciencedirect.com/science/article/pii/S0143400409002677;;;;;;;;;;;
Axis_kuhlii;Artiodactyla;Bawean_deer;Epitheliochorial;Villous;http://placentation.ucsd.edu/deer.html;;;;;;;;;;;
Babyrousa_babyrussa;Artiodactyla;Buru_babirusa;Epitheliochorial;Villous;https://www.sciencedirect.com/science/article/pii/S0143400409002677;;;;;;;;;;;
Babyrousa_celebensis;Artiodactyla;North_Sulawesi babirusa;Epitheliochorial;Villous;https://www.sciencedirect.com/science/article/pii/S0143400409002677;;;;;;;;;;;
Bison_bison;Artiodactyla;American_bison;Epitheliochorial;Villous;https://www.sciencedirect.com/science/article/pii/S0143400409002677;;;;;;;;;;;
Bison_bonasus;Artiodactyla;European_bison;Epitheliochorial;Villous;https://www.sciencedirect.com/science/article/pii/S0143400409002677;;;;;;;;;;;
Blastocerus_dichotomus;Artiodactyla;marsh_deer;Epitheliochorial;Villous;https://www.sciencedirect.com/science/article/pii/S0143400409002677;;;;;;;;;;;
Bos_frontalis;Artiodactyla;gayal;Epitheliochorial;Villous;https://www.sciencedirect.com/science/article/pii/S0143400409002677;;;;;;;;;;;
Bos_gaurus;Artiodactyla;gaur;Epitheliochorial;Villous;https://www.sciencedirect.com/science/article/pii/S0143400409002677;;;;;;;;;;;
Bos_grunniens;Artiodactyla;domestic_yak;Epitheliochorial;Villous;https://www.sciencedirect.com/science/article/pii/S0143400409002677;;;;;;;;;;;
Bos_indicus;Artiodactyla;zebu;Epitheliochorial;Villous;https://www.sciencedirect.com/science/article/pii/S0143400409002677;;;;;;;;;;;
Bos_javanicus;Artiodactyla;banteng;Epitheliochorial;Villous;https://www.sciencedirect.com/science/article/pii/S0143400409002677;;;;;;;;;;;
Bos_taurus;Artiodactyla;cow;Epitheliochorial;Villous;https://www.sciencedirect.com/science/article/pii/S0143400409002677;;;;;;;;;;;
Boselaphus_tragocamelus;Artiodactyla;nilgai;Epitheliochorial;Villous;https://www.sciencedirect.com/science/article/pii/S0143400409002677;;;;;;;;;;;
Bubalus_bubalis;Artiodactyla;water_buffalo;Epitheliochorial;Villous;https://www.sciencedirect.com/science/article/pii/S0143400409002677;;;;;;;;;;;
Bubalus_depressicornis;Artiodactyla;dwarf_buffalo;Epitheliochorial;Villous;http://placentation.ucsd.edu/anoa.htm;;;;;;;;;;;
Bubalus_mindorensis;Artiodactyla;Mindoro_dwarf buffalo;Epitheliochorial;Villous;http://placentation.ucsd.edu/anoa.htm;;;;;;;;;;;
Budorcas_taxicolor;Artiodactyla;takin;Epitheliochorial;Villous;https://www.sciencedirect.com/science/article/pii/S0143400409002677;;;;;;;;;;;
Camelus_bactrianus;Artiodactyla;Bactrian_camel;Epitheliochorial;Villous;http://placentation.ucsd.edu/camfs.htm;;;;;;;;;;;
Camelus_dromedarius;Artiodactyla;dromedary;Epitheliochorial;Villous;http://placentation.ucsd.edu/camfs.htm;;;;;;;;;;;
Capra_cylindricornis;Artiodactyla;East_Caucasian tur;Epitheliochorial;Villous;https://www.sciencedirect.com/science/article/pii/S0143400409002677;;;;;;;;;;;
Capra_falconeri;Artiodactyla;markhor;Epitheliochorial;Villous;http://placentation.ucsd.edu/alpinefs.htm;;;;;;;;;;;
Capra_hircus;Artiodactyla;domestic_goat;Epitheliochorial;Villous;https://www.sciencedirect.com/science/article/pii/S0143400409002677;;;;;;;;;;;
Capra_ibex;Artiodactyla;Alpine_ibex;Epitheliochorial;Villous;https://www.sciencedirect.com/science/article/pii/S0143400409002677;;;;;;;;;;;
Capra_nubiana;Artiodactyla;Nubian_ibex;Epitheliochorial;Villous;https://www.sciencedirect.com/science/article/pii/S0143400409002677;;;;;;;;;;;
Capra_pyrenaica;Artiodactyla;Iberian_ibex;Epitheliochorial;Villous;http://www.vivo.colostate.edu/hbooks/pathphys/reprod/placenta/structure.html;;;;;;;;;;;
Capreolus_capreolus;Artiodactyla;roe_deer;Epitheliochorial;Villous;https://www.sciencedirect.com/science/article/pii/S0143400409002677;;;;;;;;;;;
Capricornis_crispus;Artiodactyla;Japanese_serow;Epitheliochorial;Villous;http://placentation.ucsd.edu/serow.html;;;;;;;;;;;
Catagonus_wagneri;Artiodactyla;Chacoan_peccary;Epitheliochorial;Villous;https://www.sciencedirect.com/science/article/pii/S0143400409002677;;;;;;;;;;;
Cephalophus_dorsalis;Artiodactyla;bay_duiker;Epitheliochorial;Villous;http://placentation.ucsd.edu/duiker.htm;;;;;;;;;;;
Cephalophus_jentinki;Artiodactyla;Jentink's_duiker;Epitheliochorial;Villous;http://placentation.ucsd.edu/duiker.htm;;;;;;;;;;;
Cephalophus_monticola;Artiodactyla;blue_duiker;Epitheliochorial;Villous;http://placentation.ucsd.edu/duiker.htm;;;;;;;;;;;
Cephalophus_niger;Artiodactyla;black_duiker;Epitheliochorial;Villous;http://placentation.ucsd.edu/duiker.htm;;;;;;;;;;;
Cephalophus_rufilatus;Artiodactyla;red-flanked_duiker;Epitheliochorial;Villous;http://placentation.ucsd.edu/duiker.htm;;;;;;;;;;;
Cephalophus_silvicultor;Artiodactyla;yellow-backed_duiker;Epitheliochorial;Villous;http://placentation.ucsd.edu/duiker.htm;;;;;;;;;;;
Cephalorhynchus_commersonii;Artiodactyla;Commerson's_dolphin;Epitheliochorial;Trabecular;https://www.sciencedirect.com/science/article/pii/S0143400409002677;;;;;;;;;;;
Cervus_canadensis;Artiodactyla;wapiti;Epitheliochorial;Villous;https://www.sciencedirect.com/science/article/pii/S0143400409002677;;;;;;;;;;;
Cervus_duvaucelii;Artiodactyla;swamp_deer;Epitheliochorial;Villous;https://www.sciencedirect.com/science/article/pii/S0143400409002677;;;;;;;;;;;
Cervus_elaphus;Artiodactyla;red_deer;Epitheliochorial;Villous;http://placentation.ucsd.edu/deer.html;;;;;;;;;;;
Cervus_eldii;Artiodactyla;Eld's_deer;Epitheliochorial;Villous;http://placentation.ucsd.edu/deer.html;;;;;;;;;;;
Cervus_nippon;Artiodactyla;sika_deer;Epitheliochorial;Villous;https://www.sciencedirect.com/science/article/pii/S0143400409002677;;;;;;;;;;;
Cervus_timorensis;Artiodactyla;Javan_rusa;Epitheliochorial;Villous;https://www.sciencedirect.com/science/article/pii/S0143400409002677;;;;;;;;;;;
Cervus_unicolor;Artiodactyla;sambar;Epitheliochorial;Villous;https://www.sciencedirect.com/science/article/pii/S0143400409002677;;;;;;;;;;;
Connochaetes_gnou;Artiodactyla;black_wildebeest;Epitheliochorial;Villous;https://www.sciencedirect.com/science/article/pii/S0143400409002677;;;;;;;;;;;
Connochaetes_taurinus;Artiodactyla;blue_wildebeest;Epitheliochorial;Villous;http://placentation.ucsd.edu/gnu.html;;;;;;;;;;;
Copra_hircus;Artiodactyla;goat;Epitheliochorial;Villous;https://www.sciencedirect.com/science/article/pii/S0143400409002677;;;;;;;;;;;
Dama_dama;Artiodactyla;fallow_deer;Epitheliochorial;Villous;http://placentation.ucsd.edu/deer.html;;;;;;;;;;;
Damaliscus_lunatus;Artiodactyla;common_tsessebe;Epitheliochorial;Villous;https://www.sciencedirect.com/science/article/pii/S0143400409002677;;;;;;;;;;;
Elaphodus_cephalophus;Artiodactyla;tufted_deer;Epitheliochorial;Villous;https://www.sciencedirect.com/science/article/pii/S0143400409002677;;;;;;;;;;;
Elaphurus_davidianus;Artiodactyla;Pre_David's deer;Epitheliochorial;Villous;http://placentation.ucsd.edu/deer.html;;;;;;;;;;;
Eudorcas_thomsonii;Artiodactyla;Thomson's_gazelle;Epitheliochorial;Villous;https://www.sciencedirect.com/science/article/pii/S0143400409002677;;;;;;;;;;;
Gazella_cuvieri;Artiodactyla;Cuvier's_gazelle;Epitheliochorial;Villous;https://www.sciencedirect.com/science/article/pii/S0143400409002677;;;;;;;;;;;
Gazella_dama;Artiodactyla;dama_gazelle;Epitheliochorial;Villous;https://www.sciencedirect.com/science/article/pii/S0143400409002677;;;;;;;;;;;
Gazella_dorcas;Artiodactyla;dorcas_gazelle;Epitheliochorial;Villous;https://www.sciencedirect.com/science/article/pii/S0143400409002677;;;;;;;;;;;
Gazella_granti;Artiodactyla;Grant's_gazelle;Epitheliochorial;Villous;https://www.sciencedirect.com/science/article/pii/S0143400409002677;;;;;;;;;;;
Gazella_leptoceros;Artiodactyla;rhim_gazelle;Epitheliochorial;Villous;https://www.sciencedirect.com/science/article/pii/S0143400409002677;;;;;;;;;;;
Gazella_marica;Artiodactyla;Arabian_sand gazelle;Epitheliochorial;Villous;http://placentation.ucsd.edu/sgazel.html;;;;;;;;;;;
Gazella_soemmerringii;Artiodactyla;Gazella_soemmerringii;Epitheliochorial;Villous;https://www.sciencedirect.com/science/article/pii/S0143400409002677;;;;;;;;;;;
Gazella_spekei;Artiodactyla;Speke's_gazelle;Epitheliochorial;Villous;https://www.sciencedirect.com/science/article/pii/S0143400409002677;;;;;;;;;;;
Gazella_subgutturosa;Artiodactyla;goitered;Epitheliochorial;Villous;http://placentation.ucsd.edu/persiangaz.html;;;;;;;;;;;
Gazella_thomsonii;Artiodactyla;Thomson's_gazelle;Epitheliochorial;Villous;https://www.sciencedirect.com/science/article/pii/S0143400409002677;;;;;;;;;;;
Giraffa_camelopardalis;Artiodactyla;northern_giraffe;Epitheliochorial;Villous;https://www.sciencedirect.com/science/article/pii/S0143400409002677;;;;;;;;;;;
Giraffa_tippelskirchi;Artiodactyla;Masai_giraffe;Epitheliochorial;Villous;https://www.sciencedirect.com/science/article/pii/S0143400409002677;;;;;;;;;;;
Hemitragus_hylocrius;Artiodactyla;Nilgiri_tahr;Epitheliochorial;Villous;http://placentation.ucsd.edu/tahr.html;;;;;;;;;;;
Hemitragus_jemlahicus;Artiodactyla;Himalayan_tahr;Epitheliochorial;Villous;http://placentation.ucsd.edu/himal.html;;;;;;;;;;;
Hexaprotodon_liberiensis;Artiodactyla;pygmy_hippopotamus;Epitheliochorial;Villous;https://placentation.ucsd.edu/hippofs.htm;;;;;;;;;;;
Hippotragus_equinus;Artiodactyla;roan_antelope;Epitheliochorial;Villous;https://www.sciencedirect.com/science/article/pii/S0143400409002677;;;;;;;;;;;
Hippotragus_niger;Artiodactyla;sable_antelope;Epitheliochorial;Villous;https://www.sciencedirect.com/science/article/pii/S0143400409002677;;;;;;;;;;;
Hydropotes_inermis;Artiodactyla;water_deer;Epitheliochorial;Villous;https://www.sciencedirect.com/science/article/pii/S0143400409002677;;;;;;;;;;;
Inia_geoffrensis;Artiodactyla;Amazon_river dolphin;Epitheliochorial;Trabecular;https://www.sciencedirect.com/science/article/pii/S0143400409002677;;;;;;;;;;;
Kobus_defassa;Artiodactyla;waterbuck;Epitheliochorial;Villous;https://www.sciencedirect.com/science/article/pii/S0143400409002677;;;;;;;;;;;
Kobus_ellipsiprymnus;Artiodactyla;Ellipsen_waterbuck;Epitheliochorial;Villous;http://placentation.ucsd.edu/buck.html;;;;;;;;;;;
Kobus_leche;Artiodactyla;lechwe;Epitheliochorial;Villous;http://placentation.ucsd.edu/buck.html;;;;;;;;;;;
Kobus_megaceros;Artiodactyla;Nile_lechwe;Epitheliochorial;Villous;http://placentation.ucsd.edu/buck.html;;;;;;;;;;;
Lama_glama;Artiodactyla;llama;Epitheliochorial;Villous;https://www.sciencedirect.com/science/article/pii/S0143400409002677;;;;;;;;;;;
Lama_guanicoe;Artiodactyla;guanaco;Epitheliochorial;Villous;http://placentation.ucsd.edu/camfs.htm;;;;;;;;;;;
Lama_pacos;Artiodactyla;alpaca;Epitheliochorial;Villous;https://www.ncbi.nlm.nih.gov/pubmed/12802689;;;;;;;;;;;
Lemur_catta;Artiodactyla;ring-tailed_lemur;Epitheliochorial;Villous;http://placentation.ucsd.edu/ringlemur.html;;;;;;;;;;;
Lissodelphis_borealis;Artiodactyla;northern_right whale dolphin;Epitheliochorial;Trabecular;https://www.sciencedirect.com/science/article/pii/S0143400409002677;;;;;;;;;;;
Litocranius_walleri;Artiodactyla;gerenuk;Epitheliochorial;Villous;http://placentation.ucsd.edu/gerenukfs.htm;;;;;;;;;;;
Madoqua_guentheri;Artiodactyla;Gnther's_dik-dik;Epitheliochorial;Villous;https://www.sciencedirect.com/science/article/pii/S0143400409002677;;;;;;;;;;;
Madoqua_kirkii;Artiodactyla;Kirk's_dik-dik;Epitheliochorial;Villous;https://www.sciencedirect.com/science/article/pii/S0143400409002677;;;;;;;;;;;
Mazama_americana;Artiodactyla;red_brocket;Epitheliochorial;Villous;https://www.sciencedirect.com/science/article/pii/S0143400409002677;;;;;;;;;;;
Megaptera_novaeangliae;Artiodactyla;humpback_whale;Epitheliochorial;Trabecular;https://www.sciencedirect.com/science/article/pii/S0143400409002677;;;;;;;;;;;
Muntiacus_muntjak;Artiodactyla;Indian_muntjac;Epitheliochorial;Villous;https://www.sciencedirect.com/science/article/pii/S0143400409002677;;;;;;;;;;;
Muntiacus_reevesi;Artiodactyla;Reeves's_muntjac;Epitheliochorial;Villous;https://www.sciencedirect.com/science/article/pii/S0143400409002677;;;;;;;;;;;
Naemorhedus_crispus;Artiodactyla;Japanese_serow;Epitheliochorial;Villous;https://www.sciencedirect.com/science/article/pii/S0143400409002677;;;;;;;;;;;
Naemorhedus_goral;Artiodactyla;Himalayan_goral;Epitheliochorial;Villous;https://www.sciencedirect.com/science/article/pii/S0143400409002677;;;;;;;;;;;
Naemorhedus_griseus;Artiodactyla;Chinese_goral;Epitheliochorial;Villous;https://www.sciencedirect.com/science/article/pii/S0143400409002677;;;;;;;;;;;
Nanger_dama;Artiodactyla;dama_gazelle;Epitheliochorial;Villous;https://www.sciencedirect.com/science/article/pii/S0143400409002677;;;;;;;;;;;
Nanger_granti;Artiodactyla;Grant's_gazelle;Epitheliochorial;Villous;https://www.sciencedirect.com/science/article/pii/S0143400409002677;;;;;;;;;;;
Neotragus_moschatus;Artiodactyla;Suni;Hemochorial;Villous;https://www.sciencedirect.com/science/article/pii/S0143400409002677;;;;;;;;;;;
Neotragus_pygmaeus;Artiodactyla;royal_antelope;Epitheliochorial;Villous;https://www.sciencedirect.com/science/article/pii/S0143400409002677;;;;;;;;;;;
Odocoileus_hemionus;Artiodactyla;mule_deer;Epitheliochorial;Villous;https://www.sciencedirect.com/science/article/pii/S0143400409002677;;;;;;;;;;;
Odocoileus_virginianus;Artiodactyla;white-tailed_deer;Epitheliochorial;Villous;https://www.sciencedirect.com/science/article/pii/S0143400409002677;;;;;;;;;;;
Okapia_johnstoni;Artiodactyla;okapi;Epitheliochorial;Villous;http://placentation.ucsd.edu/okapi.htm;;;;;;;;;;;
Oreamnos_americanus;Artiodactyla;mountain_goat;Epitheliochorial;Villous;https://www.sciencedirect.com/science/article/pii/S0143400409002677;;;;;;;;;;;
Oreotragus_oreotragus;Artiodactyla;klipspringer;Epitheliochorial;Villous;http://placentation.ucsd.edu/klipspringer.htm;;;;;;;;;;;
Oryx_dammah;Artiodactyla;scimitar_oryx;Epitheliochorial;Villous;http://placentation.ucsd.edu/scimitarfs.htm;;;;;;;;;;;
Oryx_gazella;Artiodactyla;South_African oryx;Epitheliochorial;Villous;https://www.sciencedirect.com/science/article/pii/S0143400409002677;;;;;;;;;;;
Oryx_leucoryx;Artiodactyla;Arabian_oryx;Epitheliochorial;Villous;https://www.sciencedirect.com/science/article/pii/S0143400409002677;;;;;;;;;;;
Ovibos_moschatus;Artiodactyla;muskox;Epitheliochorial;Villous;https://www.sciencedirect.com/science/article/pii/S0143400409002677;;;;;;;;;;;
Ovis_aries;Artiodactyla;Sheep;Epitheliochorial;Villous;https://www.sciencedirect.com/science/article/pii/S0143400409002677;;;;;;;;;;;
Ovis_canadensis;Artiodactyla;bighorn_sheep;Epitheliochorial;Villous;https://www.sciencedirect.com/science/article/pii/S0143400409002677;;;;;;;;;;;
Ovis_dalli;Artiodactyla;Dall's_sheep;Epitheliochorial;Villous;https://www.sciencedirect.com/science/article/pii/S0143400409002677;;;;;;;;;;;
Ovis_vignei;Artiodactyla;urial;Epitheliochorial;Villous;https://www.sciencedirect.com/science/article/pii/S0143400409002677;;;;;;;;;;;
Pecari_tajacu;Artiodactyla;collared_peccary;Epitheliochorial;Villous;https://www.sciencedirect.com/science/article/pii/S0143400409002677;;;;;;;;;;;
Phacochoerus_aethiopicus;Artiodactyla;desert_warthog;Epitheliochorial;Villous;https://www.sciencedirect.com/science/article/pii/S0143400409002677;;;;;;;;;;;
Phacochoerus_africanus;Artiodactyla;common_warthog;Epitheliochorial;Trabecular;https://www.sciencedirect.com/science/article/pii/S0143400409002677;;;;;;;;;;;
Philantomba_monticola;Artiodactyla;blue_duiker;Epitheliochorial;Villous;https://www.sciencedirect.com/science/article/pii/S0143400409002677;;;;;;;;;;;
Platanista_gangetica;Artiodactyla;South_Asian river dolphin;Epitheliochorial;Trabecular;https://www.sciencedirect.com/science/article/pii/S0143400409002677;;;;;;;;;;;
Platanista_minor;Artiodactyla;South_Asian river dolphin;Epitheliochorial;Trabecular;https://www.sciencedirect.com/science/article/pii/S0143400409002677;;;;;;;;;;;
Potamochoerus_porcus;Artiodactyla;red_river hog;Epitheliochorial;Villous;https://www.sciencedirect.com/science/article/pii/S0143400409002677;;;;;;;;;;;
Pseudois_nayaur;Artiodactyla;blue_sheep;Epitheliochorial;Villous;https://www.sciencedirect.com/science/article/pii/S0143400409002677;;;;;;;;;;;
Pudu_puda;Artiodactyla;pudus;Epitheliochorial;Villous;https://www.sciencedirect.com/science/article/pii/S0143400409002677;;;;;;;;;;;
Rangifer_tarandus;Artiodactyla;reindeer;Epitheliochorial;Villous;https://www.sciencedirect.com/science/article/pii/S0143400409002677;;;;;;;;;;;
Raphicerus_campestris;Artiodactyla;steenbok;Epitheliochorial;Villous;http://placentation.ucsd.edu/steen.htm;;;;;;;;;;;
Rucervus_eldii;Artiodactyla;Eld's_deer;Epitheliochorial;Villous;https://www.sciencedirect.com/science/article/pii/S0143400409002677;;;;;;;;;;;
Saiga_tatarica;Artiodactyla;saiga_antelope;Epitheliochorial;Villous;https://www.sciencedirect.com/science/article/pii/S0143400409002677;;;;;;;;;;;
Sus_cebifrons;Artiodactyla;Visayan_warty pig;Epitheliochorial;Villous;https://www.sciencedirect.com/science/article/pii/S0143400409002677;;;;;;;;;;;
Sus_scrofa;Artiodactyla;wild_boar;Epitheliochorial;Villous;https://www.sciencedirect.com/science/article/pii/S0143400409002677;;;;;;;;;;;
Syncerus_caffer;Artiodactyla;African_buffalo;Epitheliochorial;Villous;http://placentation.ucsd.edu/congo.html;;;;;;;;;;;
Taurotragus_derbianus;Artiodactyla;giant_eland;Epitheliochorial;Villous;http://placentation.ucsd.edu/eland.htm;;;;;;;;;;;
Taurotragus_oryx;Artiodactyla;common_eland;Epitheliochorial;Villous;http://placentation.ucsd.edu/eland.htm;;;;;;;;;;;
Tayassu_tajacu;Artiodactyla;collared_peccary;Epitheliochorial;Villous;https://www.sciencedirect.com/science/article/pii/S0143400409002677;;;;;;;;;;;
Tragelaphus_angasii;Artiodactyla;lowland_nyala;Epitheliochorial;Villous;http://placentation.ucsd.edu/nyala.htm;;;;;;;;;;;
Tragelaphus_eurycerus;Artiodactyla;antelope;Epitheliochorial;Villous;http://placentation.ucsd.edu/bongofs.htm;;;;;;;;;;;
Tragelaphus_imberbis;Artiodactyla;lesser_kudu;Epitheliochorial;Villous;https://www.ncbi.nlm.nih.gov/pubmed/16712927;;;;;;;;;;;
Tragelaphus_oryx;Artiodactyla;common_eland;Epitheliochorial;Villous;https://www.ncbi.nlm.nih.gov/pubmed/16712927;;;;;;;;;;;
Tragelaphus_scriptus;Artiodactyla;harnessed_bushbuck;Epitheliochorial;Villous;http://www.vivo.colostate.edu/hbooks/pathphys/reprod/placenta/structure.html;;;;;;;;;;;
Tragelaphus_spekii;Artiodactyla;sitatunga;Epitheliochorial;Villous;http://placentation.ucsd.edu/sita.html;;;;;;;;;;;
Tragelaphus_strepsiceros;Artiodactyla;greater_kudu;Epitheliochorial;Villous;https://www.ncbi.nlm.nih.gov/pubmed/16712927;;;;;;;;;;;
Tragulus_javanicus;Artiodactyla;Java_mouse-deer;Epitheliochorial;Villous;http://placentation.ucsd.edu/chevro.htm;;;;;;;;;;;
Tragulus_napu;Artiodactyla;greater_mouse-deer;Epitheliochorial;Villous;http://placentation.ucsd.edu/chevro.htm;;;;;;;;;;;
Vicugna_pacos;Artiodactyla;huacayan_alpaca;Epitheliochorial;Villous;https://en.wikipedia.org/wiki/Alpaca;;;;;;;;;;;
Vicugna_vicugna;Artiodactyla;vicua;Epitheliochorial;Trabecular;https://www.sciencedirect.com/science/article/pii/S0143400409002677;;;;;;;;;;;
Acinonyx_jubatus;Carnivora;cheetah;Endotheliochorial;Labyrinthine;https://placentation.ucsd.edu/placenta.html;;;;;;;;;;;
Ailuropoda_melanoleuca;Carnivora;giant_panda;Endotheliochorial;Labyrinthine;https://placentation.ucsd.edu/placenta.html;;;;;;;;;;;
Ailurus_fulgens;Carnivora;red_panda;Endotheliochorial;Labyrinthine;http://placentation.ucsd.edu/panda.html;;;;;;;;;;;
Aonyx_capensis;Carnivora;African_clawless otter;Endotheliochorial;Labyrinthine;https://www.sciencedirect.com/science/article/pii/S0143400409002677;;;;;;;;;;;
Aonyx_cinerea;Carnivora;Asian_small-clawed otter;Endotheliochorial;Labyrinthine;http://placentation.ucsd.edu/clotter.htm;;;;;;;;;;;
Aonyx_cinereus;Carnivora;Asian_small-clawed otter;Endotheliochorial;Labyrinthine;http://placentation.ucsd.edu/clotter.htm;;;;;;;;;;;
Arctictis_binturong;Carnivora;binturong;Endotheliochorial;Labyrinthine;https://placentation.ucsd.edu/placenta.html;;;;;;;;;;;
Arctocephalus_pusillus;Carnivora;brown_fur seal;Endotheliochorial;Labyrinthine;https://www.sciencedirect.com/science/article/pii/S0143400409002677;;;;;;;;;;;
Arctocephalus_townsendi;Carnivora;Guadalupe_fur seal;Endotheliochorial;Labyrinthine;https://placentation.ucsd.edu/placenta.html;;;;;;;;;;;
Bassariscus_astutus;Carnivora;ringtail;Endotheliochorial;Labyrinthine;https://placentation.ucsd.edu/placenta.html;;;;;;;;;;;
Bassariscus_sumichrasti;Carnivora;cacomistle;Endotheliochorial;Labyrinthine;https://placentation.ucsd.edu/placenta.html;;;;;;;;;;;
Bradypus_griseus;Carnivora;sloth_bear;Endotheliochorial;Labyrinthine;https://www.sciencedirect.com/science/article/pii/S0143400409002677;;;;;;;;;;;
Callorhinus_ursinus;Carnivora;northern_fur seal;Endotheliochorial;Labyrinthine;https://www.sciencedirect.com/science/article/pii/S0143400409002677;;;;;;;;;;;
Canis_latrans;Carnivora;coyote;Endotheliochorial;Labyrinthine;https://placentation.ucsd.edu/placenta.html;;;;;;;;;;;
Canis_lupus;Carnivora;wolf;Endotheliochorial;Labyrinthine;https://www.sciencedirect.com/science/article/pii/S0143400409002677;;;;;;;;;;;
Canis_mesomelas;Carnivora;black-backed_jackal;Endotheliochorial;Labyrinthine;https://placentation.ucsd.edu/placenta.html;;;;;;;;;;;
Canis_rufus;Carnivora;red_wolf;Endotheliochorial;Labyrinthine;https://placentation.ucsd.edu/placenta.html;;;;;;;;;;;
Caracal_caracal;Carnivora;caracal;Endotheliochorial;Labyrinthine;https://placentation.ucsd.edu/placenta.html;;;;;;;;;;;
Chrysocyon_brachyurus;Carnivora;maned_wolf;Endotheliochorial;Labyrinthine;https://placentation.ucsd.edu/placenta.html;;;;;;;;;;;
Conepatus_semistriatus;Carnivora;striped_hog-nosed skunk;Endotheliochorial;Labyrinthine;https://placentation.ucsd.edu/placenta.html;;;;;;;;;;;
Crocuta_crocuta;Carnivora;spotted_hyena;Hemochorial;Labyrinthine;https://www.sciencedirect.com/science/article/pii/S0143400409002677;;;;;;;;;;;
Crossarchus_obscurus;Carnivora;common_kusimanse;Endotheliochorial;Labyrinthine;https://placentation.ucsd.edu/placenta.html;;;;;;;;;;;
Cryptoprocta_ferox;Carnivora;fossa;Endotheliochorial;Labyrinthine;https://placentation.ucsd.edu/placenta.html;;;;;;;;;;;
Cystophora_cristata;Carnivora;hooded_seal;Endotheliochorial;Labyrinthine;https://www.int-res.com/abstracts/dao/v106/n3/p187-196/;;;;;;;;;;;
Eira_barbara;Carnivora;tayra;Endotheliochorial;Labyrinthine;https://placentation.ucsd.edu/placenta.html;;;;;;;;;;;
Enhydra_lutris;Carnivora;sea_otter;Endotheliochorial;Labyrinthine;http://placentation.ucsd.edu/seaotter.htm;;;;;;;;;;;
Eumetopias_jubatus;Carnivora;Steller_sea lion;Endotheliochorial;Labyrinthine;https://placentation.ucsd.edu/placenta.html;;;;;;;;;;;
Felis_catus;Carnivora;cat;Endotheliochorial;Labyrinthine;http://placentation.ucsd.edu/cat.html;;;;;;;;;;;
Felis_chaus;Carnivora;jungle_cat;Endotheliochorial;Labyrinthine;http://placentation.ucsd.edu/cat.html;;;;;;;;;;;
Felis_margaritaat;Carnivora;sand_cat;Endotheliochorial;Labyrinthine;http://placentation.ucsd.edu/cat.html;;;;;;;;;;;
Felis_nigripes;Carnivora;black-footed_cat;Endotheliochorial;Labyrinthine;http://placentation.ucsd.edu/cat.html;;;;;;;;;;;
Felis_silvestris;Carnivora;European_wildcat;Endotheliochorial;Labyrinthine;http://placentation.ucsd.edu/cat.html;;;;;;;;;;;
Genetta_tigrina;Carnivora;Cape_genet;Endotheliochorial;Labyrinthine;https://placentation.ucsd.edu/placenta.html;;;;;;;;;;;
Gulo_gulo;Carnivora;wolverine;Endotheliochorial;Labyrinthine;https://www.sciencedirect.com/science/article/pii/S0143400409002677;;;;;;;;;;;
Halichoerus_grypus;Carnivora;grey_seal;Endotheliochorial;Labyrinthine;https://placentation.ucsd.edu/placenta.html;;;;;;;;;;;
Helarctos_malayanus;Carnivora;sun_bear;Endotheliochorial;Labyrinthine;https://placentation.ucsd.edu/placenta.html;;;;;;;;;;;
Helogale_hirtula;Carnivora;Ethiopian_dwarf mongoose;Endotheliochorial;Labyrinthine;https://placentation.ucsd.edu/placenta.html;;;;;;;;;;;
Hemigalus_derbyanus;Carnivora;banded_palm civet;Endotheliochorial;Labyrinthine;https://placentation.ucsd.edu/placenta.html;;;;;;;;;;;
Hyaena_brunnea;Carnivora;brown_hyena;Endotheliochorial;Labyrinthine;https://placentation.ucsd.edu/placenta.html;;;;;;;;;;;
Hyaena_hyaena;Carnivora;striped_hyena;Endotheliochorial;Labyrinthine;https://placentation.ucsd.edu/placenta.html;;;;;;;;;;;
Hydrictis_maculicollis;Carnivora;spotted-necked_otter;Endotheliochorial;Labyrinthine;https://placentation.ucsd.edu/placenta.html;;;;;;;;;;;
Hydrurga_leptonyx;Carnivora;leopard_seal;Endotheliochorial;Labyrinthine;https://www.sciencedirect.com/science/article/pii/S0143400409002677;;;;;;;;;;;
Leopardus_geoffroyi;Carnivora;Geoffroy's_cat;Endotheliochorial;Labyrinthine;https://books.google.com/books?id=0mmQDwAAQBAJ&pg=PA202&lpg=PA202&dq=margay+placenta&source=bl&ots=_wRnuhoQDV&sig=ACfU3U3Ujc6go9Yd84NAOqiMTtAhJaLK8Q&hl=en&sa=X&ved=2ahUKEwj7vsak1_nkAhWFpp4KHVadD8c4ChDoATAGegQICRAC#v=onepage&q=margay%20placenta&f=false (page 202);;;;;;;;;;;
Leopardus_pajeros;Carnivora;Pampas_cat;Endotheliochorial;Labyrinthine;https://books.google.com/books?id=0mmQDwAAQBAJ&pg=PA202&lpg=PA202&dq=margay+placenta&source=bl&ots=_wRnuhoQDV&sig=ACfU3U3Ujc6go9Yd84NAOqiMTtAhJaLK8Q&hl=en&sa=X&ved=2ahUKEwj7vsak1_nkAhWFpp4KHVadD8c4ChDoATAGegQICRAC#v=onepage&q=margay%20placenta&f=false (page 202);;;;;;;;;;;
Leopardus_pardalis;Carnivora;ocelot;Endotheliochorial;Labyrinthine;https://books.google.com/books?id=0mmQDwAAQBAJ&pg=PA202&lpg=PA202&dq=margay+placenta&source=bl&ots=_wRnuhoQDV&sig=ACfU3U3Ujc6go9Yd84NAOqiMTtAhJaLK8Q&hl=en&sa=X&ved=2ahUKEwj7vsak1_nkAhWFpp4KHVadD8c4ChDoATAGegQICRAC#v=onepage&q=margay%20placenta&f=false (page 202);;;;;;;;;;;
Leopardus_wiedii;Carnivora;margay;Endotheliochorial;Labyrinthine;https://books.google.com/books?id=0mmQDwAAQBAJ&pg=PA202&lpg=PA202&dq=margay+placenta&source=bl&ots=_wRnuhoQDV&sig=ACfU3U3Ujc6go9Yd84NAOqiMTtAhJaLK8Q&hl=en&sa=X&ved=2ahUKEwj7vsak1_nkAhWFpp4KHVadD8c4ChDoATAGegQICRAC#v=onepage&q=margay%20placenta&f=false (page 202);;;;;;;;;;;
Leptailurus_serval;Carnivora;serval;Endotheliochorial;Labyrinthine;https://placentation.ucsd.edu/placenta.html;;;;;;;;;;;
Leptonychotes_weddellii;Carnivora;Weddell_seal;Endotheliochorial;Labyrinthine;https://www.sciencedirect.com/science/article/pii/S0143400409002677;;;;;;;;;;;
Lobodon_carcinophagus;Carnivora;crabeater_seal;Endotheliochorial;Labyrinthine;https://www.sciencedirect.com/science/article/pii/S0143400409002677;;;;;;;;;;;
Lontra_canadensis;Carnivora;North_American river otter;Endotheliochorial;Labyrinthine;https://placentation.ucsd.edu/placenta.html;;;;;;;;;;;
Lutra_cinerea;Carnivora;Asian_small-clawed otter;Endotheliochorial;Labyrinthine;https://placentation.ucsd.edu/placenta.html;;;;;;;;;;;
Lycaon_pictus;Carnivora;African_wild dog;Endotheliochorial;Labyrinthine;https://placentation.ucsd.edu/placenta.html;;;;;;;;;;;
Lynx_canadensis;Carnivora;Canada_lynx;Endotheliochorial;Labyrinthine;https://placentation.ucsd.edu/placenta.html;;;;;;;;;;;
Lynx_lynx;Carnivora;Eurasian_lynx;Endotheliochorial;Labyrinthine;https://placentation.ucsd.edu/placenta.html;;;;;;;;;;;
Lynx_rufus;Carnivora;bobcat;Endotheliochorial;Labyrinthine;https://placentation.ucsd.edu/placenta.html;;;;;;;;;;;
Martes_americana;Carnivora;American_pine marten;Endotheliochorial;Labyrinthine;http://www.vivo.colostate.edu/hbooks/pathphys/reprod/placenta/structure.html;;;;;;;;;;;
Martes_zibellina;Carnivora;sable;Endotheliochorial;Labyrinthine;http://www.vivo.colostate.edu/hbooks/pathphys/reprod/placenta/structure.html;;;;;;;;;;;
Melursus_ursinus;Carnivora;sloth_bear;Hemochorial;Labyrinthine;http://placentation.ucsd.edu/slbear.htm;;;;;;;;;;;
Mirounga_angustirostris;Carnivora;northern_elephant seal;Endotheliochorial;Labyrinthine;https://placentation.ucsd.edu/placenta.html;;;;;;;;;;;
Mungos_mungo;Carnivora;banded_mongoose;Endotheliochorial;Labyrinthine;https://placentation.ucsd.edu/placenta.html;;;;;;;;;;;
Mustela_putorius;Carnivora;European_polecat;Endotheliochorial;Labyrinthine;https://www.sciencedirect.com/science/article/pii/S0143400409002677;;;;;;;;;;;
Mustela_vison;Carnivora;American_mink;Endotheliochorial;Labyrinthine;https://www.sciencedirect.com/science/article/pii/S0143400409002677;;;;;;;;;;;
Myocastor_coypus;Carnivora;coypu;Hemochorial;Labyrinthine;https://www.sciencedirect.com/science/article/pii/S0143400409002677;;;;;;;;;;;
Nandinia_binotata;Carnivora;African_palm civet;Endotheliochorial;Labyrinthine;https://placentation.ucsd.edu/placenta.html;;;;;;;;;;;
Nasua_narica;Carnivora;white-nosed_coati;Endotheliochorial;Labyrinthine;http://placentation.ucsd.edu/nasua.html;;;;;;;;;;;
Nasua_nasua;Carnivora;South_American coati;Endotheliochorial;Labyrinthine;http://placentation.ucsd.edu/nasua.html;;;;;;;;;;;
Neofelis_nebulosa;Carnivora;clouded_leopard;Endotheliochorial;Labyrinthine;https://placentation.ucsd.edu/placenta.html;;;;;;;;;;;
Neovison_vison;Carnivora;American_mink;Endotheliochorial;Labyrinthine;https://www.sciencedirect.com/science/article/pii/S0143400409002677;;;;;;;;;;;
Odobenus_rosmarus;Carnivora;walrus;Endotheliochorial;Labyrinthine;http://placentation.ucsd.edu/walrusfs.htm;;;;;;;;;;;
Otaria_flavescens;Carnivora;South_American sea lion;Endotheliochorial;Labyrinthine;https://placentation.ucsd.edu/placenta.html;;;;;;;;;;;
Otocolobus_manul;Carnivora;Pallas's_cat;Endotheliochorial;Labyrinthine;https://placentation.ucsd.edu/placenta.html;;;;;;;;;;;
Otocyon_megalotis;Carnivora;bat-eared_fox;Endotheliochorial;Labyrinthine;https://placentation.ucsd.edu/placenta.html;;;;;;;;;;;
Panthera_leo;Carnivora;lion;Endotheliochorial;Labyrinthine;http://placentation.ucsd.edu/lionfs.htm;;;;;;;;;;;
Panthera_onca;Carnivora;jaguar;Endotheliochorial;Labyrinthine;https://www.sciencedirect.com/science/article/pii/S0143400409002677;;;;;;;;;;;
Panthera_tigris;Carnivora;tiger;Endotheliochorial;Labyrinthine;https://www.sciencedirect.com/science/article/pii/S0143400409002677;;;;;;;;;;;
Panthera_uncia;Carnivora;snow_leopard;Endotheliochorial;Labyrinthine;https://www.sciencedirect.com/science/article/pii/S0143400409002677;;;;;;;;;;;
Paradoxurus_hermaphroditus;Carnivora;Asian_palm civet;Endotheliochorial;Labyrinthine;https://www.sciencedirect.com/science/article/pii/S0143400409002677;;;;;;;;;;;
Pekania_pennanti;Carnivora;fisher;Endotheliochorial;Labyrinthine;https://placentation.ucsd.edu/placenta.html;;;;;;;;;;;
Phoca_largha;Carnivora;spotted_seal;Endotheliochorial;Labyrinthine;http://placentation.ucsd.edu/seal.htm;;;;;;;;;;;
Phoca_vitulina;Carnivora;harbor_seal;Endotheliochorial;Labyrinthine;http://placentation.ucsd.edu/seal.htm;;;;;;;;;;;
Poecilogale_albinucha;Carnivora;African_striped weasel;Endotheliochorial;Labyrinthine;https://placentation.ucsd.edu/placenta.html;;;;;;;;;;;
Potos_flavus;Carnivora;kinkajou;Endotheliochorial;Labyrinthine;https://placentation.ucsd.edu/placenta.html;;;;;;;;;;;
Prionailurus_bengalensis);Carnivora;leopard_cat;Endotheliochorial;Labyrinthine;https://placentation.ucsd.edu/placenta.html;;;;;;;;;;;
Prionailurus_viverrinus;Carnivora;fishing_cat;Endotheliochorial;Labyrinthine;https://placentation.ucsd.edu/placenta.html;;;;;;;;;;;
Procyon_lotor;Carnivora;raccoon;Endotheliochorial;Labyrinthine;https://www.sciencedirect.com/science/article/pii/S0143400409002677;;;;;;;;;;;
Proteles_cristata;Carnivora;aardwolf;Endotheliochorial;Labyrinthine;http://www.vivo.colostate.edu/hbooks/pathphys/reprod/placenta/structure.html;;;;;;;;;;;
Pteronura_brasiliensis;Carnivora;giant_otter;Endotheliochorial;Labyrinthine;https://placentation.ucsd.edu/placenta.html;;;;;;;;;;;
Puma_concolor;Carnivora;cougar;Endotheliochorial;Labyrinthine;https://placentation.ucsd.edu/placenta.html;;;;;;;;;;;
Puma_yagouaroundi;Carnivora;jaguarundi;Endotheliochorial;Labyrinthine;https://placentation.ucsd.edu/placenta.html;;;;;;;;;;;
Pusa_hispida;Carnivora;ringed_seal;Endotheliochorial;Labyrinthine;https://placentation.ucsd.edu/placenta.html;;;;;;;;;;;
Speothos_venaticus;Carnivora;bush_dog;Endotheliochorial;Labyrinthine;https://placentation.ucsd.edu/placenta.html;;;;;;;;;;;
Spilogale_pygmaea;Carnivora;pygmy_spotted skunk;Endotheliochorial;Labyrinthine;https://placentation.ucsd.edu/placenta.html;;;;;;;;;;;
Suricata_suricatta;Carnivora;meerkat;Endotheliochorial;Labyrinthine;https://placentation.ucsd.edu/placenta.html;;;;;;;;;;;
Taxidea_taxus;Carnivora;American_badger;Endotheliochorial;Labyrinthine;http://www.vivo.colostate.edu/hbooks/pathphys/reprod/placenta/structure.html;;;;;;;;;;;
Tremarctos_ornatus;Carnivora;spectacled_bear;Endotheliochorial;Labyrinthine;https://www.ncbi.nlm.nih.gov/pubmed/6721184;;;;;;;;;;;
Uncia_uncia;Carnivora;snow_leopard;Endotheliochorial;Labyrinthine;https://placentation.ucsd.edu/placenta.html;;;;;;;;;;;
Urocyon_cinereoargenteus;Carnivora;gray_fox;Endotheliochorial;Labyrinthine;https://placentation.ucsd.edu/placenta.html;;;;;;;;;;;
Urocyon_littoralis;Carnivora;island_fox;Endotheliochorial;Labyrinthine;https://placentation.ucsd.edu/placenta.html;;;;;;;;;;;
Ursus_americanus;Carnivora;American_black bear;Endotheliochorial;Labyrinthine;http://www.vivo.colostate.edu/hbooks/pathphys/reprod/placenta/structure.html;;;;;;;;;;;
Ursus_arctos;Carnivora;brown_bear;Endotheliochorial;Labyrinthine;http://www.vivo.colostate.edu/hbooks/pathphys/reprod/placenta/structure.html;;;;;;;;;;;
Ursus_maritimus;Carnivora;polar_bear;Endotheliochorial;Labyrinthine;http://www.vivo.colostate.edu/hbooks/pathphys/reprod/placenta/structure.html;;;;;;;;;;;
Ursus_thibetanus;Carnivora;Asian_black bear;Endotheliochorial;Labyrinthine;http://www.vivo.colostate.edu/hbooks/pathphys/reprod/placenta/structure.html;;;;;;;;;;;
Viverra_civettina;Carnivora;Malabar_large-spotted civet;Endotheliochorial;Labyrinthine;https://www.sciencedirect.com/science/article/pii/S0143400409002677;;;;;;;;;;;
Viverricula_indica;Carnivora;small_Indian civet;Endotheliochorial;Labyrinthine;https://placentation.ucsd.edu/placenta.html;;;;;;;;;;;
Vulpes_lagopus;Carnivora;Arctic_fox;Endotheliochorial;Labyrinthine;https://placentation.ucsd.edu/placenta.html;;;;;;;;;;;
Vulpes_macrotis;Carnivora;kit_fox;Endotheliochorial;Labyrinthine;https://placentation.ucsd.edu/placenta.html;;;;;;;;;;;
Vulpes_velox;Carnivora;swift_fox;Endotheliochorial;Labyrinthine;https://placentation.ucsd.edu/placenta.html;;;;;;;;;;;
Vulpes_vulpes;Carnivora;red_fox;Endotheliochorial;Labyrinthine;https://www.sciencedirect.com/science/article/pii/S0143400409002677;;;;;;;;;;;
Vulpes_zerda;Carnivora;fennec_fox;Endotheliochorial;Labyrinthine;https://placentation.ucsd.edu/placenta.html;;;;;;;;;;;
Zalophus_californianus;Carnivora;California_sea lion;Endotheliochorial;Labyrinthine;https://www.sciencedirect.com/science/article/pii/S0143400409002677;;;;;;;;;;;
Delphinapterus_leucas;Cetacea;beluga_whale;Epitheliochorial;Villous;https://placentation.ucsd.edu/hippofs.htm;;;;;;;;;;;
Delphinus_delphis;Cetacea;short-beaked_common dolphin;Epitheliochorial;Villous;https://placentation.ucsd.edu/placenta.html;;;;;;;;;;;
Delphinus_delphis;Cetacea;killer_whale;Epitheliochorial;Villous;http://placentation.ucsd.edu/killerwhale.htm;;;;;;;;;;;
Phocoena_phocoena;Cetacea;harbour_porpoise;Epitheliochorial;Trabecular;https://pmc.ncbi.nlm.nih.gov/articles/PMC3934202/;;;;;;;;;;;
Sotalia_fluviatilis;Cetacea;tucuxi;Epitheliochorial;Villous;https://www.ncbi.nlm.nih.gov/pubmed/17597550;;;;;;;;;;;
Stenella_coeruleoalba;Cetacea;striped_dolphin;Epitheliochorial;Villous;https://placentation.ucsd.edu/placenta.html;;;;;;;;;;;
Tasmacetus_shepherdi;Cetacea;Shepherd's_beaked whale;Epitheliochorial;Villous;https://placentation.ucsd.edu/placenta.html;;;;;;;;;;;
Tursiops_truncatus;Cetacea;common_bottlenose dolphin;Epitheliochorial;Villous;https://placentation.ucsd.edu/hippofs.htm;;;;;;;;;;;
Tragelaphus_sylvaticus;Cetartiodactyla;Cape_bushbuck;Epitheliochorial;Villous;https://www.ncbi.nlm.nih.gov/pubmed/16712927;;;;;;;;;;;
Acerodon_jubatus;Chiroptera;giant_golden-crowned flying fox;Hemochorial;Labyrinthine;https://onlinelibrary.wiley.com/doi/epdf/10.1002/jez.b.21216;;;;;;;;;;;
Acerodon_lucifer;Chiroptera;giant_golden-crowned flying fox;Hemochorial;Labyrinthine;https://onlinelibrary.wiley.com/doi/epdf/10.1002/jez.b.21216;;;;;;;;;;;
Artibeus_jamaicensis;Chiroptera;Mexican_fruit bat;Endotheliochorial;Labyrinthine;https://pmc.ncbi.nlm.nih.gov/articles/PMC13084540/;;;;;;;;;;;
Artibeus_lituratus;Chiroptera;great_fruit-eating bat;Endotheliochorial;Labyrinthine;https://www.sciencedirect.com/science/article/pii/S0012160624002161;;;;;;;;;;;
Carollia_perspicillata;Chiroptera;Seba's_short-tailed bat;Endotheliochorial;Labyrinthine;https://www.sciencedirect.com/science/article/pii/S0143400409002677;;;;;;;;;;;
Chaerephon_plicata;Chiroptera;wrinkle-lipped_free-tailed bat;Hemochorial;Labyrinthine;https://www.sciencedirect.com/science/article/pii/S0143400409002677;;;;;;;;;;;
Chrotopterus_auritus;Chiroptera;big-eared_woolly bat;Endotheliochorial;Labyrinthine;https://www.sciencedirect.com/science/article/pii/S0012160624002161;;;;;;;;;;;
Cynopterus_sphinx;Chiroptera;greater_short-nosed fruit bat;Hemochorial;Labyrinthine;https://www.sciencedirect.com/science/article/pii/S0143400409002677;;;;;;;;;;;
Desmodus_rotundus;Chiroptera;common_vampire bat;Endotheliochorial;Labyrinthine;https://placentation.ucsd.edu/vampirebat.htm;;;;;;;;;;;
Epomophorus_wahlbergi;Chiroptera;Wahlberg's_epauletted fruit bat;Hemochorial;Labyrinthine;https://www.sciencedirect.com/science/article/pii/S0012160624002161;;;;;;;;;;;
Furipterus_horrens;Chiroptera;thumbless_bat;Hemochorial;Labyrinthine;https://www.sciencedirect.com/science/article/pii/S0143400409002677;;;;;;;;;;;
Glossophaga_soricina;Chiroptera;Pallas's_long-tongued bat;Endotheliochorial;Labyrinthine;https://link.springer.com/article/10.1007/BF03050914;;;;;;;;;;;
Leptonycteris_nivalis;Chiroptera;greater_long-nosed bat;Endotheliochorial;Labyrinthine;https://www.sciencedirect.com/science/article/pii/S0012160624002161;;;;;;;;;;;
Leptonycteris_yerbabuenae;Chiroptera;lesser_long-nosed bat;Endotheliochorial;Labyrinthine;https://www.sciencedirect.com/science/article/pii/S0012160624002161;;;;;;;;;;;
Macrotus_californicus;Chiroptera;California_leaf-nosed bat;Hemochorial;Labyrinthine;https://onlinelibrary.wiley.com/doi/epdf/10.1002/ar.1091820208;;;;;;;;;;;
Megaderma_lyra;Chiroptera;greater_false vampire bat;Hemochorial;Labyrinthine;https://www.sciencedirect.com/science/article/pii/S0143400409002677;;;;;;;;;;;
Miniopterns_schreibersi;Chiroptera;common_bent-wing bat;Hemochorial;Labyrinthine;https://www.sciencedirect.com/science/article/pii/S0143400409002677;;;;;;;;;;;
Molossus_ater;Chiroptera;black_mastiff bat;Hemochorial;Labyrinthine;https://www.sciencedirect.com/science/article/pii/S0143400409002677;;;;;;;;;;;
Mormoops_megalophylla;Chiroptera;ghost-faced_bat;Hemochorial;Labyrinthine;https://www.sciencedirect.com/science/article/pii/S0143400409002677;;;;;;;;;;;
Myotis_lucifugus;Chiroptera;little_brown bat;Hemochorial;Labyrinthine;https://www.sciencedirect.com/science/article/pii/S0143400409002677;;;;;;;;;;;
Myzopoda_aurita;Chiroptera;Madagascar_sucker-footed bat;Endotheliochorial;Labyrinthine;https://www.sciencedirect.com/science/article/pii/S0143400409002677;;;;;;;;;;;
Natalus_tumidirostris;Chiroptera;Trinidadian_funnel-eared bat;Endotheliochorial;Labyrinthine;https://www.sciencedirect.com/science/article/pii/S0143400409002677;;;;;;;;;;;
Phyllostomus_discolor;Chiroptera;pale_spear-nosed bat;Endotheliochorial;Labyrinthine;https://www.sciencedirect.com/science/article/pii/S0012160624002161;;;;;;;;;;;
Pteronotus_davyi;Chiroptera;Davy's_(lesser) naked-backed bat;Hemochorial;Labyrinthine;https://www.sciencedirect.com/science/article/pii/S0143400409002677;;;;;;;;;;;
Pteronotus_parnellii;Chiroptera;Parnell's_mustached bat;Hemochorial;Labyrinthine;https://www.sciencedirect.com/science/article/pii/S0143400409002677;;;;;;;;;;;
Pteropus_giganteus;Chiroptera;Indian_flying fox;Hemochorial;Labyrinthine;https://www.researchgate.net/publication/230228374_Development_and_placentation_of_the_Indian_fruit_bat_Pteropus_giganteus_giganteus_Brunnich;;;;;;;;;;;
Pteropus_hypomelanus;Chiroptera;small_flying fox;Hemochorial;Labyrinthine;https://journals.plos.org/plosone/article?id=10.1371/journal.pone.0067584;;;;;;;;;;;
Pteropus_poliocephalus;Chiroptera;grey-headed_flying fox;Hemochorial;Labyrinthine;https://www.researchgate.net/publication/230228374_Development_and_placentation_of_the_Indian_fruit_bat_Pteropus_giganteus_giganteus_Brunnich;;;;;;;;;;;
Pteropus_rodricensis;Chiroptera;Rodrigues_flying fox;Hemochorial;Labyrinthine;https://www.researchgate.net/publication/230228374_Development_and_placentation_of_the_Indian_fruit_bat_Pteropus_giganteus_giganteus_Brunnich;;;;;;;;;;;
Rhinolophus_rouxii;Chiroptera;rufous_horseshoe bat;Endotheliochorial;Labyrinthine;https://www.sciencedirect.com/science/article/pii/S0143400409002677;;;;;;;;;;;
Rhinopoma_hardwickei;Chiroptera;esser_mouse-tailed bat;Endotheliochorial;Labyrinthine;https://www.sciencedirect.com/science/article/pii/S0143400409002677;;;;;;;;;;;
Rousettus_aegyptiacus;Chiroptera;Egyptian_fruit bat;Hemochorial;Labyrinthine;https://www.sciencedirect.com/science/article/pii/S0143400409002677;;;;;;;;;;;
Rousettus_lanosus;Chiroptera;long-haired_rousette;Hemochorial;Labyrinthine;https://www.sciencedirect.com/science/article/pii/S0143400409002677;;;;;;;;;;;
Rousettus_leschenaulti;Chiroptera;Leschenault's_rousette;Hemochorial;Labyrinthine;https://www.sciencedirect.com/science/article/pii/S0143400409002677;;;;;;;;;;;
Saccopteryx_bilineata;Chiroptera;greater_sac-winged bat;Endotheliochorial;Labyrinthine;https://www.sciencedirect.com/science/article/pii/S0143400409002677;;;;;;;;;;;
Tadarida_brasiliensis;Chiroptera;Mexican_free-tailed bat;Endotheliochorial;Labyrinthine;http://placentation.ucsd.edu/freetailedbat.htm;;;;;;;;;;;
Taphozous_melanopogon;Chiroptera;black-bearded_tomb bat;Endotheliochorial;Labyrinthine;https://www.sciencedirect.com/science/article/pii/S0143400409002677;;;;;;;;;;;
Thyroptera_tricolor;Chiroptera;Spixs_disk-winged bat;Hemochorial;Labyrinthine;https://www.sciencedirect.com/science/article/pii/S0143400409002677;;;;;;;;;;;
Chaetophractus_vellerosus;Cingulata;screaming_hairy armadillo;Hemochorial;Trabecular;https://www.ncbi.nlm.nih.gov/pmc/articles/PMC3447719/;;;;;;;;;;;
Chaetophractus_villosus;Cingulata;big_hairy armadillo;Hemochorial;Trabecular;https://www.sciencedirect.com/science/article/pii/S0143400409002677;;;;;;;;;;;
Dasypus_hybridus;Cingulata;southern_long-nosed armadillo;Hemochorial;Trabecular;https://www.sciencedirect.com/science/article/pii/S0143400409002677;;;;;;;;;;;
Dasypus_novemcinctus;Cingulata;nine-banded_armadillo;Hemochorial;Trabecular;http://placentation.ucsd.edu/arm.html;;;;;;;;;;;
Euphractus_sexcinctus;Cingulata;six-banded_armadillo;Hemochorial;Trabecular;https://www.sciencedirect.com/science/article/pii/S0143400409002677;;;;;;;;;;;
Tolypeutes_tricinctus;Cingulata;Brazilian_three-banded armadillo;Endotheliochorial;Trabecular;http://placentation.ucsd.edu/3bandedarmadillofs.htm;;;;;;;;;;;
Cynocephalus_volans;Dermoptera;Philippine_flying lemur;Hemochorial;Labyrinthine;https://www.sciencedirect.com/science/article/pii/S0143400409002677;;;;;;;;;;;
Atelerix_albiventris;Erinaceomorpha;four-toed_hedgehog;Hemochorial;Labyrinthine;https://onlinelibrary.wiley.com/doi/pdf/10.1002/jmor.20289;;;;;;;;;;;
Erinaceus_europaeus;Erinaceomorpha;European_hedgehog;Hemochorial;Labyrinthine;https://www.sciencedirect.com/science/article/pii/S014340041630529X;;;;;;;;;;;
Blarina_brevicauda;Eulipotyphla;northern_short-tailed shrew;Hemochorial;Labyrinthine;https://www.sciencedirect.com/science/article/pii/S0143400409002677;;;;;;;;;;;
Scalopus_aquaticus;Eulipotyphla;common_mole;Epitheliochorial;Villous;https://www.sciencedirect.com/science/article/pii/S0143400409002677;;;;;;;;;;;
Solenodon_paradoxus;Eulipotyphla;Hispaniolan_solenodon;Hemochorial;Labyrinthine;https://www.sciencedirect.com/science/article/pii/S0143400409002677;;;;;;;;;;;
Sorex_araneus;Eulipotyphla;common_shrew;Hemochorial;Labyrinthine;https://www.sciencedirect.com/science/article/pii/S0143400409002677;;;;;;;;;;;
Sorex_fumeus;Eulipotyphla;smoky_shrew;Hemochorial;Labyrinthine;https://www.sciencedirect.com/science/article/pii/S0143400409002677;;;;;;;;;;;
Sorex_minutus;Eulipotyphla;Eurasian_pygmy shrew;Hemochorial;Labyrinthine;https://www.sciencedirect.com/science/article/pii/S0143400409002677;;;;;;;;;;;
Suncus_murinus;Eulipotyphla;Asian_house shrew;Hemochorial;Labyrinthine;https://www.sciencedirect.com/science/article/pii/S0143400409002677;;;;;;;;;;;
Talpa_europaea;Eulipotyphla;European_mole;Endotheliochorial;Labyrinthine;https://www.sciencedirect.com/science/article/pii/S0143400409002677;;;;;;;;;;;
Heterohyrax_brucei;Hyracoidea;yellow-spotted_rock hyrax;Hemochorial;Labyrinthine;https://www.sciencedirect.com/science/article/pii/S0143400409002677;;;;;;;;;;;
Procavia_capensis;Hyracoidea;rock_hyrax;Hemochorial;Labyrinthine;https://www.sciencedirect.com/science/article/pii/S0143400409002677;;;;;;;;;;;
Brachylagus_idahoensis;Lagomorpha;pygmy_rabbit;Hemochorial;Labyrinthine;https://greatbasin.wr.usgs.gov/docs/pyra_oliver_rpt2004.pdf;;;;;;;;;;;
Lepus_americanus;Lagomorpha;snowshoe_hare;Hemochorial;Labyrinthine;https://placentation.ucsd.edu/placenta.html;;;;;;;;;;;
Ochotona_princeps;Lagomorpha;American_pika;Hemochorial;Labyrinthine;https://www.sciencedirect.com/science/article/pii/S0143400409002677;;;;;;;;;;;
Oryctolagus_cuniculus;Lagomorpha;European_rabbit;Hemochorial;Labyrinthine;https://www.sciencedirect.com/science/article/pii/S0143400409002677;;;;;;;;;;;
Sylvilagus_aquaticus;Lagomorpha;swamp_rabbit;Hemochorial;Labyrinthine;https://placentation.ucsd.edu/placenta.html;;;;;;;;;;;
Sylvilagus_audubonii;Lagomorpha;desert_cottontail;Hemochorial;Labyrinthine;https://placentation.ucsd.edu/placenta.html;;;;;;;;;;;
Sylvilagus_floridanus;Lagomorpha;eastern_cottontail;Hemochorial;Labyrinthine;https://placentation.ucsd.edu/placenta.html;;;;;;;;;;;
Sylvilagus_transitionalis;Lagomorpha;New_England cottontail;Hemochorial;Labyrinthine;https://placentation.ucsd.edu/placenta.html;;;;;;;;;;;
Elephantulus_brachyrhynchus;Macroscelidea;short-snouted_elephant shrew;Hemochorial;Labyrinthine;https://books.google.com/books?id=yQzSe71g2AcC&pg=PA702&lpg=PA702&dq=Elephantulus+brachyrhynchus+placenta&source=bl&ots=lmr1jpn5EJ&sig=ACfU3U0YoCEQH4YQOzSyd1zk1KbtTw0Neg&hl=en&sa=X&ved=2ahUKEwjH4JekmIPlAhWFnp4KHQ6DAfMQ6AEwEXoECAoQAg#v=onepage&q=Elephantulus%20brachyrhynchus%20placenta&f=false;;;;;;;;;;;
Elephantulus_myurus;Macroscelidea;eastern_rock elephant shrew;Hemochorial;Labyrinthine;https://www.sciencedirect.com/science/article/pii/S0143400409002677;;;;;;;;;;;
Elephantulus_rufescens;Macroscelidea;rufous_elephant shrew;Hemochorial;Labyrinthine;https://www.sciencedirect.com/science/article/pii/S0143400409002677;;;;;;;;;;;
Macroscelides_proboscideus;Macroscelidea;round-eared_elephant shrew;Hemochorial;Labyrinthine;https://www.sciencedirect.com/science/article/pii/S0012160624002161;;;;;;;;;;;
Petrodromus_tetradactylus;Macroscelidea;four-toed_elephant shrew;Hemochorial;Labyrinthine;https://www.sciencedirect.com/science/article/pii/S0143400409002677;;;;;;;;;;;
Rhynchocyon_chrysopygus;Macroscelidea;golden-rumped_elephant shrew;Hemochorial;Labyrinthine;https://www.sciencedirect.com/science/article/pii/S0143400409002677;;;;;;;;;;;
Rhynchocyon_petersi;Macroscelidea;black_and rufous elephant shrew;Hemochorial;Labyrinthine;http://placentation.ucsd.edu/elepshrew.htm;;;;;;;;;;;
Diceros;Perissodactyla;hook-lipped_rhinoceros;Epitheliochorial;Villous;http://placentation.ucsd.edu/blkrhino.htm;;;;;;;;;;;
Ceratotherium_simum;Perissodactyla;white_rhinoceros;Epitheliochorial;Villous;http://placentation.ucsd.edu/wrhino.html;;;;;;;;;;;
Dicerorhinus_sumatrensis;Perissodactyla;Sumatran_rhinoceros;Epitheliochorial;Villous;https://placentation.ucsd.edu/placenta.html;;;;;;;;;;;
Diceros_bicornis;Perissodactyla;black_rhinoceros;Epitheliochorial;Villous;http://placentation.ucsd.edu/blkrhino.htm;;;;;;;;;;;
Equus_africanus;Perissodactyla;African_wild donkey;Epitheliochorial;Villous;http://placentation.ucsd.edu/somal.htm;;;;;;;;;;;
Equus_asinus;Perissodactyla;Wild_ass;Epitheliochorial;Villous;https://placentation.ucsd.edu/somal.htm;;;;;;;;;;;
Equus_burchellii;Perissodactyla;Burchell's_zebra;Epitheliochorial;Trabecular;https://www.sciencedirect.com/science/article/pii/S0143400409002677;;;;;;;;;;;
Equus_caballus;Perissodactyla;horse;Epitheliochorial;Trabecular;https://www.sciencedirect.com/science/article/pii/S0143400409002677;;;;;;;;;;;
Equus_ferus;Perissodactyla;wild_horse;Epitheliochorial;Villous;http://placentation.ucsd.edu/somal.htm;;;;;;;;;;;
Equus_grevyi;Perissodactyla;Grvy's_zebra;Epitheliochorial;Villous;http://placentation.ucsd.edu/zeb.htm;;;;;;;;;;;
Equus_hemionus;Perissodactyla;onager;Epitheliochorial;Villous;http://placentation.ucsd.edu/kiang.html;;;;;;;;;;;
Equus_kiang;Perissodactyla;kiang;Epitheliochorial;Trabecular;https://www.sciencedirect.com/science/article/pii/S0143400409002677;;;;;;;;;;;
Equus_quagga;Perissodactyla;plains_zebra;Epitheliochorial;Villous;http://placentation.ucsd.edu/somal.htm;;;;;;;;;;;
Equus_zebra;Perissodactyla;mountain_zebra;Epitheliochorial;Villous;http://placentation.ucsd.edu/zeb.htm;;;;;;;;;;;
Rhinoceros_unicornis;Perissodactyla;Indian_rhinoceros;Epitheliochorial;Villous;http://placentation.ucsd.edu/rhino.html;;;;;;;;;;;
Tapirus_bairdii;Perissodactyla;Baird's_tapir;Epitheliochorial;Villous;http://placentation.ucsd.edu/tapirfs.html;;;;;;;;;;;
Tapirus_indicus;Perissodactyla;Malayan_tapir;Epitheliochorial;Villous;http://placentation.ucsd.edu/tapirfs.html;;;;;;;;;;;
Tapirus_pinchaque;Perissodactyla;mountain_tapir;Epitheliochorial;Villous;http://placentation.ucsd.edu/tapirfs.html;;;;;;;;;;;
Tapirus_terrestris;Perissodactyla;South_American tapir;Epitheliochorial;Trabecular;https://www.sciencedirect.com/science/article/pii/S0143400409002677;;;;;;;;;;;
Manis_tricuspis;Pholidota;tree_pangolin;Epitheliochorial;Villous;http://placentation.ucsd.edu/pangolinfs.htm;;;;;;;;;;;
Bradypus_pygmaeus;Pilosa;pygmy_three-toed sloth;Endotheliochorial;Trabecular;http://placentation.ucsd.edu/sloth.htm;;;;;;;;;;;
Bradypus_torquatus;Pilosa;maned_sloth;Endotheliochorial;Labyrinthine;https://www.sciencedirect.com/science/article/pii/S0143400409002677;;;;;;;;;;;
Bradypus_tridactylus;Pilosa;pale-throated_sloth;Endotheliochorial;Labyrinthine;http://placentation.ucsd.edu/sloth.htm;;;;;;;;;;;
Bradypus_variegatus;Pilosa;brown-throated_sloth;Endotheliochorial;Labyrinthine;https://www.sciencedirect.com/science/article/pii/S0143400409002677;;;;;;;;;;;
Choloepus_didactylus;Pilosa;Linnaeus's_two-toed sloth;Endotheliochorial;Trabecular;http://placentation.ucsd.edu/chol.html;;;;;;;;;;;
Choloepus_hoffmanni;Pilosa;Hoffmann's_two-toed sloth;Endotheliochorial;Trabecular;http://placentation.ucsd.edu/chol.html;;;;;;;;;;;
Cyclopes_didactylus;Pilosa;silky_anteater;Hemochorial;Trabecular;https://www.sciencedirect.com/science/article/pii/S0143400409002677;;;;;;;;;;;
Myrmecophaga_tridactyla;Pilosa;giant_anteater;Hemochorial;Trabecular;http://placentation.ucsd.edu/antfs.htm;;;;;;;;;;;
Tamandua_tetradactyla;Pilosa;southern_tamandua;Hemochorial;Trabecular;https://www.sciencedirect.com/science/article/pii/S0143400409002677;;;;;;;;;;;
Allenopithecus_nigroviridis;Primates;Allen's_swamp monkey;Hemochorial;Labyrinthine;https://www.sciencedirect.com/science/article/pii/S0012160624002161;;;;;;;;;;;
Allochrocebus_lhoesti;Primates;mountain_monkey;Hemochorial;Trabecular;https://www.sciencedirect.com/science/article/pii/S0143400409002677;;;;;;;;;;;
Alouatta_caraya;Primates;black_howler;Hemochorial;Villous;http://placentation.ucsd.edu/howlerfs.htm;;;;;;;;;;;
Alouatta_palliata;Primates;mantled_howler;Hemochorial;Villous;http://placentation.ucsd.edu/howlerfs.htm;;;;;;;;;;;
Alouatta_seniculus;Primates;Colombian_red howler;Hemochorial;Trabecular;http://placentation.ucsd.edu/howler.html;;;;;;;;;;;
Aotus_trivirgatus;Primates;three-striped_night monkey;Hemochorial;Villous;https://www.pnas.org/doi/10.1073/pnas.0511344103;;;;;;;;;;;
Arctocebus_aureus;Primates;golden_angwantibo;Epitheliochorial;Villous;https://pmc.ncbi.nlm.nih.gov/articles/PMC4305173/;;;;;;;;;;;
Ateles;Primates;Spider_monkey;Hemochorial;Villous;http://placentation.ucsd.edu/mon.html;;;;;;;;;;;
Ateles_fusciceps;Primates;black-headed_spider monkey;Hemochorial;Trabecular;http://placentation.ucsd.edu/mon.html;;;;;;;;;;;
Ateles_geoffroyi;Primates;Geoffroys_spider monkey;Hemochorial;Trabecular;http://placentation.ucsd.edu/mon.html;;;;;;;;;;;
Ateles_paniscus;Primates;red-faced_spider monkey;Hemochorial;Trabecular;http://placentation.ucsd.edu/mon.html;;;;;;;;;;;
Cacajao_calvus;Primates;bald_uakari;Hemochorial;Villous;https://www.pnas.org/doi/10.1073/pnas.0511344103;;;;;;;;;;;
Cacajao_melanocephalus;Primates;golden-backed_uakari;Hemochorial;Villous;https://www.pnas.org/doi/10.1073/pnas.0511344103;;;;;;;;;;;
Callicebus_donacophilus;Primates;white-eared_titi;Hemochorial;Villous;https://www.ncbi.nlm.nih.gov/pmc/articles/PMC3482116/;;;;;;;;;;;
Callicebus_modestus;Primates;Rio_Beni titi;Hemochorial;Villous;https://www.ncbi.nlm.nih.gov/pmc/articles/PMC3482116/;;;;;;;;;;;
Callicebus_moloch;Primates;red-bellied_titi;Hemochorial;Villous;https://www.ncbi.nlm.nih.gov/pmc/articles/PMC3482116/;;;;;;;;;;;
Callicebus_oenanthe;Primates;Rio_Mayo titi;Hemochorial;Villous;https://www.ncbi.nlm.nih.gov/pmc/articles/PMC3482116/;;;;;;;;;;;
Callimico_goeldii;Primates;Goeldi's_marmoset;Hemochorial;Trabecular;https://www.sciencedirect.com/science/article/pii/S0143400409002677;;;;;;;;;;;
Callithrix_geoffroyi;Primates;white-headed_marmoset;Hemochorial;Trabecular;https://www.ncbi.nlm.nih.gov/pmc/articles/PMC3482116/;;;;;;;;;;;
Callithrix_jacchus;Primates;common_marmoset;Hemochorial;Trabecular;https://www.sciencedirect.com/science/article/pii/S0143400409002677;;;;;;;;;;;
Callithrix_kuhlii;Primates;Wied's_marmoset;Hemochorial;Trabecular;https://www.ncbi.nlm.nih.gov/pmc/articles/PMC3482116/;;;;;;;;;;;
Callithrix_penicillata;Primates;black-tufted_marmoset;Hemochorial;Trabecular;https://www.ncbi.nlm.nih.gov/pmc/articles/PMC3482116/;;;;;;;;;;;
Callithrix_pygmaea;Primates;pygmy_marmoset;Hemochorial;Trabecular;https://www.ncbi.nlm.nih.gov/pmc/articles/PMC3482116/;;;;;;;;;;;
Cebuella_pygmaea;Primates;western_pygmy marmoset;Hemochorial;Trabecular;https://www.pnas.org/doi/10.1073/pnas.0511344103;;;;;;;;;;;
Cebus_albifrons;Primates;Humboldt's_white-fronted capuchin;Hemochorial;Trabecular;http://placentation.ucsd.edu/capuchin.htm;;;;;;;;;;;
Cebus_apella;Primates;tufted_capuchin;Hemochorial;Trabecular;http://placentation.ucsd.edu/capuchin.htm;;;;;;;;;;;
Cebus_capucinus;Primates;Colombian_white-faced capuchin;Hemochorial;Trabecular;http://placentation.ucsd.edu/capuchin.htm;;;;;;;;;;;
Cebus_imitator;Primates;Panamanian_white-faced capuchin;Hemochorial;Trabecular;http://placentation.ucsd.edu/capuchin.htm;;;;;;;;;;;
Cercocebus_agilis;Primates;agile_mangabey;Hemochorial;Trabecular;https://www.ncbi.nlm.nih.gov/pmc/articles/PMC3482116/;;;;;;;;;;;
Cercocebus_chrysogaster;Primates;golden-bellied_mangabey;Hemochorial;Trabecular;https://www.ncbi.nlm.nih.gov/pmc/articles/PMC3482116/;;;;;;;;;;;
Cercocebus_torquatus;Primates;collared_mangabey;Hemochorial;Trabecular;https://www.ncbi.nlm.nih.gov/pmc/articles/PMC3482116/;;;;;;;;;;;
Cercopithecus_ascanius;Primates;red-tailed_monkey;Hemochorial;Trabecular;http://placentation.ucsd.edu/lesserspotnosedmonkey.htm;;;;;;;;;;;
Cercopithecus_cephus;Primates;moustached_guenon;Hemochorial;Trabecular;http://placentation.ucsd.edu/kolb.html;;;;;;;;;;;
Cercopithecus_diana;Primates;Diana_monkey;Hemochorial;Trabecular;http://placentation.ucsd.edu/kolb.html;;;;;;;;;;;
Cercopithecus_hamlyni;Primates;Hamlyn's_monkey;Hemochorial;Trabecular;http://placentation.ucsd.edu/kolb.html;;;;;;;;;;;
Cercopithecus_lhoesti;Primates;L'Hoest's_monkey;Hemochorial;Trabecular;https://www.sciencedirect.com/science/article/pii/S0143400409002677;;;;;;;;;;;
Cercopithecus_mitis;Primates;blue_monkey;Hemochorial;Trabecular;http://placentation.ucsd.edu/kolb.html;;;;;;;;;;;
Cercopithecus_mona;Primates;mona_monkey;Hemochorial;Trabecular;http://placentation.ucsd.edu/lesserspotnosedmonkey.htm;;;;;;;;;;;
Cercopithecus_neglectus;Primates;De_Brazza's monkey;Hemochorial;Trabecular;http://placentation.ucsd.edu/lesserspotnosedmonkey.htm;;;;;;;;;;;
Cercopithecus_nictitans;Primates;greater_spot-nosed monkey;Hemochorial;Trabecular;http://placentation.ucsd.edu/lesserspotnosedmonkey.htm;;;;;;;;;;;
Cercopithecus_petaurista;Primates;lesser_spot-nosed monkey;Hemochorial;Trabecular;http://placentation.ucsd.edu/lesserspotnosedmonkey.htm;;;;;;;;;;;
Cercopithecus_pogonias;Primates;crested_mona monkey;Hemochorial;Trabecular;http://placentation.ucsd.edu/lesserspotnosedmonkey.htm;;;;;;;;;;;
Cheirogaleus_medius;Primates;fat-tailed_dwarf lemur;Epitheliochorial;Villous;https://pmc.ncbi.nlm.nih.gov/articles/PMC4305173/;;;;;;;;;;;
Chlorocebus_aethiops;Primates;grivet;Hemochorial;Trabecular;https://www.sciencedirect.com/science/article/pii/S0143400409002677;;;;;;;;;;;
Chlorocebus_pygerythrus;Primates;vervet_monkey;Hemochorial;Trabecular;https://www.pnas.org/doi/10.1073/pnas.0511344103;;;;;;;;;;;
Chlorocebus_sabaeus;Primates;green_monkey;Hemochorial;Trabecular;https://www.pnas.org/doi/10.1073/pnas.0511344103;;;;;;;;;;;
Colobus_angolensis;Primates;Angola_colobus;Hemochorial;Trabecular;http://placentation.ucsd.edu/colob.htm;;;;;;;;;;;
Colobus_guereza;Primates;mantled_guereza;Hemochorial;Trabecular;http://placentation.ucsd.edu/colob.htm;;;;;;;;;;;
Daubentonia_madagascariensis;Primates;aye-aye;Epitheliochorial;Villous;https://pmc.ncbi.nlm.nih.gov/articles/PMC4305173/;;;;;;;;;;;
Erythrocebus_patas;Primates;patas_monkey;Hemochorial;Trabecular;http://placentation.ucsd.edu/patas.html;;;;;;;;;;;
Eulemur_albifrons;Primates;white-headed_lemur;Epitheliochorial;Villous;http://placentation.ucsd.edu/brlemur.htm;;;;;;;;;;;
Eulemur_collaris;Primates;collared_brown lemur;Epitheliochorial;Villous;http://placentation.ucsd.edu/brlemur.htm;;;;;;;;;;;
Eulemur_coronatus;Primates;crowned_lemur;Epitheliochorial;Villous;http://placentation.ucsd.edu/brlemur.htm;;;;;;;;;;;
Eulemur_fulvus;Primates;common_brown lemur;Epitheliochorial;Villous;http://placentation.ucsd.edu/brlemur.htm;;;;;;;;;;;
Eulemur_macaco;Primates;black_lemur;Epitheliochorial;Villous;http://placentation.ucsd.edu/brlemur.htm;;;;;;;;;;;
Eulemur_mongoz;Primates;mongoose_lemur;Epitheliochorial;Villous;http://placentation.ucsd.edu/brlemur.htm;;;;;;;;;;;
Eulemur_rubriventer;Primates;red-bellied_lemur;Epitheliochorial;Villous;http://placentation.ucsd.edu/brlemur.htm;;;;;;;;;;;
Eulemur_rufus;Primates;red_lemur;Epitheliochorial;Villous;http://placentation.ucsd.edu/brlemur.htm;;;;;;;;;;;
Eulemur_sanfordi;Primates;Sanford's_brown lemur;Epitheliochorial;Villous;http://placentation.ucsd.edu/brlemur.htm;;;;;;;;;;;
Galago_moholi;Primates;Mohol_bushbaby;Epitheliochorial;Villous;https://www.ncbi.nlm.nih.gov/pubmed/16174532;;;;;;;;;;;
Galago_senegalensis;Primates;Senegal_bushbaby;Epitheliochorial;Villous;https://www.ncbi.nlm.nih.gov/pubmed/16174532;;;;;;;;;;;
Gorilla_gorilla;Primates;western_gorilla;Hemochorial;Villous;https://www.sciencedirect.com/science/article/pii/S0143400409002677;;;;;;;;;;;
Hapalemur_alaotrensis;Primates;Lac_Alaotra bamboo lemur;Epitheliochorial;Villous;https://www.sciencedirect.com/topics/agricultural-and-biological-sciences/varecia;;;;;;;;;;;
Hapalemur_griseus;Primates;eastern_lesser bamboo lemur;Epitheliochorial;Villous;https://www.sciencedirect.com/topics/agricultural-and-biological-sciences/varecia;;;;;;;;;;;
Homo_sapiens;Primates;Humans;Hemochorial;Villous;https://www.sciencedirect.com/science/article/pii/S0143400409002677;;;;;;;;;;;
Hylobates_agilis;Primates;agile_gibbon;Hemochorial;Villous;http://www.vivo.colostate.edu/hbooks/pathphys/reprod/placenta/structure.html;;;;;;;;;;;
Hylobates_concolor;Primates;black_crested gibbon;Hemochorial;Villous;http://www.vivo.colostate.edu/hbooks/pathphys/reprod/placenta/structure.html;;;;;;;;;;;
Hylobates_gabriellae;Primates;yellow-cheeked_crested gibbon;Hemochorial;Villous;http://www.vivo.colostate.edu/hbooks/pathphys/reprod/placenta/structure.html;;;;;;;;;;;
Hylobates_hoolock;Primates;hoolock_gibbons;Hemochorial;Villous;http://www.vivo.colostate.edu/hbooks/pathphys/reprod/placenta/structure.html;;;;;;;;;;;
Hylobates_lar;Primates;lar_gibbon;Hemochorial;Villous;http://www.vivo.colostate.edu/hbooks/pathphys/reprod/placenta/structure.html;;;;;;;;;;;
Hylobates_leucogenys;Primates;northern_white-cheeked gibbon;Hemochorial;Villous;http://www.vivo.colostate.edu/hbooks/pathphys/reprod/placenta/structure.html;;;;;;;;;;;
Hylobates_pileatus;Primates;pileated_gibbon;Hemochorial;Villous;http://www.vivo.colostate.edu/hbooks/pathphys/reprod/placenta/structure.html;;;;;;;;;;;
Indri_indri;Primates;indri;Epitheliochorial;Villous;https://www.sciencedirect.com/science/article/pii/S0143400409002677;;;;;;;;;;;
Lagothrix_cana;Primates;gray_woolly monkey;Hemochorial;Villous;http://placentation.ucsd.edu/woolly.htm;;;;;;;;;;;
Lagothrix_lagotricha;Primates;brown_woolly monkey;Hemochorial;Trabecular;http://placentation.ucsd.edu/woolly.htm;;;;;;;;;;;
Leontopithecus_chrysomelas;Primates;golden-headed_lion tamarin;Hemochorial;Trabecular;http://placentation.ucsd.edu/tam.html;;;;;;;;;;;
Leontopithecus_midas;Primates;lion_tamrin;Hemochorial;Trabecular;http://placentation.ucsd.edu/tam.html;;;;;;;;;;;
Leontopithecus_rosalia;Primates;golden_liontamarin;Hemochorial;Trabecular;http://placentation.ucsd.edu/tam.html;;;;;;;;;;;
Lophocebus_aterrimus;Primates;black_crested mangabey;Hemochorial;Villous;https://www.pnas.org/doi/10.1073/pnas.0511344103;;;;;;;;;;;
Loris_tardigradus;Primates;red_slender loris;Epitheliochorial;Villous;https://www.sciencedirect.com/science/article/pii/S0143400409002677;;;;;;;;;;;
Macaca_fascicularis;Primates;crab-eating_macaque;Hemochorial;Trabecular;http://placentation.ucsd.edu/macfs.html;;;;;;;;;;;
Macaca_fuscata;Primates;Japanese_macaque;Hemochorial;Trabecular;http://placentation.ucsd.edu/macfs.html;;;;;;;;;;;
Macaca_mulatta;Primates;rhesus_macaque;Hemochorial;Trabecular;https://www.sciencedirect.com/science/article/pii/S0143400409002677;;;;;;;;;;;
Macaca_nigra;Primates;Celebes_crested macaque;Hemochorial;Trabecular;http://placentation.ucsd.edu/macfs.html;;;;;;;;;;;
Macaca_radiata;Primates;bonnet_macaque;Hemochorial;Trabecular;http://placentation.ucsd.edu/macfs.html;;;;;;;;;;;
Macaca_silenus;Primates;lion-tailed_macaque;Hemochorial;Trabecular;https://www.sciencedirect.com/science/article/pii/S0143400409002677;;;;;;;;;;;
Mandrillus_sphinx;Primates;mandrill;Hemochorial;Trabecular;https://www.sciencedirect.com/science/article/pii/S0143400409002677;;;;;;;;;;;
Microcebus_murinus;Primates;gray_mouse lemur;Epitheliochorial;Villous;https://www.sciencedirect.com/science/article/pii/S0143400409002677;;;;;;;;;;;
Miopithecus_talapoin;Primates;Angolan_talapoin;Hemochorial;Trabecular;https://www.sciencedirect.com/science/article/pii/S0143400409002677;;;;;;;;;;;
Mirza_coquereli;Primates;Coquerel's_giant mouse lemur;Epitheliochorial;Villous;https://pmc.ncbi.nlm.nih.gov/articles/PMC4305173/;;;;;;;;;;;
Nasalis_larvatus;Primates;proboscis_monkey;Hemochorial;Trabecular;https://www.sciencedirect.com/science/article/pii/S0143400409002677;;;;;;;;;;;
Nomascus_gabriellae;Primates;olden-cheeked_crested gibbon;Hemochorial;Villous;https://www.pnas.org/doi/10.1073/pnas.0511344103;;;;;;;;;;;
Nycticebus_coucang;Primates;Sunda_slow loris;Epitheliochorial;Villous;http://placentation.ucsd.edu/pygmylorisfs.htm;;;;;;;;;;;
Nycticebus_pygmaeus;Primates;pygmy_slow loris;Epitheliochorial;Villous;http://placentation.ucsd.edu/pygmylorisfs.htm;;;;;;;;;;;
Otolemur_crassicaudatus;Primates;brown_greater galago;Epitheliochorial;Villous;https://www.sciencedirect.com/science/article/pii/S0143400409002677;;;;;;;;;;;
Otolemur_garnettii;Primates;northern_greater galago;Epitheliochorial;Villous;https://en.wikipedia.org/wiki/Northern_greater_galago;;;;;;;;;;;
Pan_paniscus;Primates;bonobo;Hemochorial;Villous;https://www.sciencedirect.com/science/article/pii/S0143400409002677;;;;;;;;;;;
Pan_troglodytes;Primates;chimpanzee;Hemochorial;Villous;http://placentation.ucsd.edu/bono.html;;;;;;;;;;;
Papio_anubis;Primates;olive_baboon;Hemochorial;Trabecular;https://www.pnas.org/doi/10.1073/pnas.0511344103;;;;;;;;;;;
Papio_hamadryas;Primates;hamadryas_baboon;Hemochorial;Villous;https://pmc.ncbi.nlm.nih.gov/articles/PMC4506850/;;;;;;;;;;;
Papio_papio;Primates;Guinea_baboon;Hemochorial;Trabecular;https://www.pnas.org/doi/10.1073/pnas.0511344103;;;;;;;;;;;
Perodicticus_potto;Primates;potto;Epitheliochorial;Villous;https://pmc.ncbi.nlm.nih.gov/articles/PMC4305173/;;;;;;;;;;;
Pithecia_pithecia;Primates;white-faced_saki;Hemochorial;Villous;http://placentation.ucsd.edu/saki.html;;;;;;;;;;;
Pongo_abelii;Primates;Sumatran_orangutan;Hemochorial;Villous;https://www.sciencedirect.com/science/article/pii/S0143400409002677;;;;;;;;;;;
Pongo_pygmaeus;Primates;Bornean_orangutan;Hemochorial;Villous;https://www.sciencedirect.com/science/article/pii/S0143400409002677;;;;;;;;;;;
Propithecus_coquereli;Primates;Coquerel'ssifaka;Epitheliochorial;Villous;http://placentation.ucsd.edu/coquerel_fs.htm;;;;;;;;;;;
Propithecus_diadema;Primates;diademed_sifaka;Hemochorial;Villous;http://placentation.ucsd.edu/coquerel_fs.htm;;;;;;;;;;;
Propithecus_tattersalli;Primates;golden-crowned_sifaka;Hemochorial;Villous;http://placentation.ucsd.edu/coquerel_fs.htm;;;;;;;;;;;
Propithecus_verreauxi;Primates;Verreaux's_sifaka;Epitheliochorial;Villous;http://placentation.ucsd.edu/coquerel_fs.htm;;;;;;;;;;;
Pygathrix_nemaeus;Primates;red-shanked_douc;Hemochorial;Trabecular;http://placentation.ucsd.edu/douc.html;;;;;;;;;;;
Saguinus_bicolor;Primates;pied_tamarin;Hemochorial;Trabecular;http://www.vivo.colostate.edu/hbooks/pathphys/reprod/placenta/structure.html;;;;;;;;;;;
Saguinus_fuscicollis;Primates;brown-mantled_tamarin;Hemochorial;Trabecular;http://www.vivo.colostate.edu/hbooks/pathphys/reprod/placenta/structure.html;;;;;;;;;;;
Saguinus_geoffroyi;Primates;Geoffroy's_tamarin;Hemochorial;Trabecular;https://www.sciencedirect.com/science/article/pii/S0143400409002677;;;;;;;;;;;
Saguinus_imperator;Primates;emperor_tamarin;Hemochorial;Trabecular;http://www.vivo.colostate.edu/hbooks/pathphys/reprod/placenta/structure.html;;;;;;;;;;;
Saguinus_midas;Primates;red-handed_tamarin;Hemochorial;Trabecular;http://www.vivo.colostate.edu/hbooks/pathphys/reprod/placenta/structure.html;;;;;;;;;;;
Saguinus_oedipus;Primates;cotton-top_tamarin;Hemochorial;Trabecular;http://www.vivo.colostate.edu/hbooks/pathphys/reprod/placenta/structure.html;;;;;;;;;;;
Saguinus_ursula;Primates;black_tamarin;Hemochorial;Trabecular;http://www.vivo.colostate.edu/hbooks/pathphys/reprod/placenta/structure.html;;;;;;;;;;;
Saimiri_boliviensis;Primates;black-capped_squirrel monkey;Hemochorial;Trabecular;https://www.ncbi.nlm.nih.gov/pmc/articles/PMC3482116/;;;;;;;;;;;
Saimiri_sciureus;Primates;Guianan_squirrel monkey;Hemochorial;Trabecular;http://placentation.ucsd.edu/sqmonkey.html;;;;;;;;;;;
Semnopithecus_entellus;Primates;northern_plains gray langur;Hemochorial;Trabecular;https://www.sciencedirect.com/science/article/pii/S0143400409002677;;;;;;;;;;;
Semnopithecus_hypoleucos;Primates;black-footed_gray langur;Hemochorial;Trabecular;https://www.pnas.org/doi/10.1073/pnas.0511344103;;;;;;;;;;;
Symphalangus_syndactylus;Primates;siamang;Hemochorial;Villous;https://www.pnas.org/doi/10.1073/pnas.0511344103;;;;;;;;;;;
Tarsius_spectrum;Primates;spectral_tarsier;Hemochorial;Trabecular;https://www.sciencedirect.com/science/article/pii/S0143400409002677;;;;;;;;;;;
Theropithecus_gelada;Primates;gelada;Hemochorial;Trabecular;https://www.pnas.org/doi/10.1073/pnas.0511344103;;;;;;;;;;;
Trachypithecus_auratus;Primates;East_Javan langur;Hemochorial;Trabecular;http://placentation.ucsd.edu/silvered_leaf_monkey_fs.htm;;;;;;;;;;;
Trachypithecus_cristatus;Primates;silvery_lutung;Hemochorial;Trabecular;http://placentation.ucsd.edu/silvered_leaf_monkey_fs.htm;;;;;;;;;;;
Trachypithecus_delacouri;Primates;Delacour's_langur;Hemochorial;Trabecular;https://bioone.org/journals/Mammalian-Species/volume-43/issue-1/880.1/Trachypithecus-delacouri-Primates-Cercopithecidae/10.1644/880.1.full;;;;;;;;;;;
Trachypithecus_francoisi;Primates;Franois'_langur;Hemochorial;Trabecular;http://placentation.ucsd.edu/Francois.htm;;;;;;;;;;;
Trachypithecus_germaini;Primates;Germain's_langur;Hemochorial;Trabecular;http://placentation.ucsd.edu/silvered_leaf_monkey_fs.htm;;;;;;;;;;;
Trachypithecus_obscurus;Primates;dusky_leaf monkey;Hemochorial;Trabecular;https://www.sciencedirect.com/science/article/pii/S0143400409002677;;;;;;;;;;;
Trachypithecus_selangorensis;Primates;Selangor_silvered langur;Hemochorial;Trabecular;http://placentation.ucsd.edu/silvered_leaf_monkey_fs.htm;;;;;;;;;;;
Trachypithecus_vetulus;Primates;purple-faced_langur;Hemochorial;Villous;http://placentation.ucsd.edu/silvered_leaf_monkey_fs.htm;;;;;;;;;;;
Varecia_rubra;Primates;red_ruffed lemur;Epitheliochorial;Villous;http://placentation.ucsd.edu/lem.html;;;;;;;;;;;
Varecia_variegata;Primates;black-and-white_ruffed lemur;Epitheliochorial;Villous;http://placentation.ucsd.edu/lem.html;;;;;;;;;;;
elephas;Proboscidea;Asian_Elephant;Hemochorial;Labyrinthine;https://www.sciencedirect.com/science/article/pii/S0012160624002161;;;;;;;;;;;
Elephas_maximus;Proboscidea;Asian_elephant;Endotheliochorial;Labyrinthine;https://www.sciencedirect.com/science/article/pii/S0143400409002677;;;;;;;;;;;
Loxodonta_africana;Proboscidea;African_bush elephant;Endotheliochorial;Labyrinthine;https://www.ncbi.nlm.nih.gov/pubmed/12828919;;;;;;;;;;;
Acomys_cahirinus;Rodentia;Cairo_spiny mouse;Hemochorial;Labyrinthine;https://www.sciencedirect.com/science/article/pii/S0143400409002677;;;;;;;;;;;
Agouti_paca;Rodentia;lowland_paca;Hemochorial;Labyrinthine;https://placentation.ucsd.edu/placenta.html;;;;;;;;;;;
Ammospermophilus_harrisii;Rodentia;Harris's_antelope squirrel;Hemochorial;Labyrinthine;https://placentation.ucsd.edu/placenta.html;;;;;;;;;;;
Ammospermophilus_leucurus;Rodentia;white-tailed_antelope squirrel;Hemochorial;Labyrinthine;https://placentation.ucsd.edu/placenta.html;;;;;;;;;;;
Ammospermophilus_nelsoni;Rodentia;San_Joaquin antelope squirrel;Hemochorial;Labyrinthine;https://placentation.ucsd.edu/placenta.html;;;;;;;;;;;
Anomalurus_beecrofti;Rodentia;Beecroft's_flying squirrel;Hemochorial;Trabecular;https://www.sciencedirect.com/science/article/pii/S0143400409002677;;;;;;;;;;;
Anomalurus_derbianus;Rodentia;Lord_Derby's scaly-tailed squirrel;Hemochorial;Trabecular;https://www.sciencedirect.com/science/article/pii/S0143400409002677;;;;;;;;;;;
Aplodontia_rufa;Rodentia;mountain_beaver;Hemochorial;Labyrinthine;https://www.sciencedirect.com/science/article/pii/S0143400409002677;;;;;;;;;;;
Arvicola_terrestris;Rodentia;European_water vole;Hemochorial;Labyrinthine;https://www.sciencedirect.com/science/article/pii/S0143400409002677;;;;;;;;;;;
Atherurus_africanus;Rodentia;African_brush-tailed porcupine;Hemochorial;Labyrinthine;https://www.sciencedirect.com/science/article/pii/S0143400409002677;;;;;;;;;;;
Bandicota_indica;Rodentia;greater_bandicoot rat;Hemochorial;Labyrinthine;https://www.sciencedirect.com/science/article/pii/S0143400409002677;;;;;;;;;;;
Bathyergus_janetta;Rodentia;Namaqua_dune mole-rat;Hemochorial;Labyrinthine;https://www.sciencedirect.com/science/article/pii/S0143400409002677;;;;;;;;;;;
Callosciurus_prevostii;Rodentia;Prevost's_squirrel;Hemochorial;Villous;https://placentation.ucsd.edu/placenta.html;;;;;;;;;;;
Callosciurus_quinquestriatus;Rodentia;Anderson's_squirrel;Hemochorial;Labyrinthine;https://placentation.ucsd.edu/placenta.html;;;;;;;;;;;
Callospermophilus_lateralis;Rodentia;golden-mantled_ground squirrel;Hemochorial;Labyrinthine;https://placentation.ucsd.edu/placenta.html;;;;;;;;;;;
Calomys_callosus;Rodentia;large_vesper mouse;Hemochorial;Labyrinthine;https://www.sciencedirect.com/science/article/pii/S0143400409002677;;;;;;;;;;;
Capromys_pilorides;Rodentia;Desmarest's_hutia;Hemochorial;Labyrinthine;https://placentation.ucsd.edu/placenta.html;;;;;;;;;;;
Castor_canadensis;Rodentia;North_American beaver;Hemochorial;Labyrinthine;http://placentation.ucsd.edu/beav.html;;;;;;;;;;;
Cavia_fulgida;Rodentia;shiny_guinea pig;Hemochorial;Labyrinthine;http://placentation.ucsd.edu/guinea.htm;;;;;;;;;;;
Cavia_porcellus;Rodentia;guinea_pig;Hemochorial;Labyrinthine;https://www.sciencedirect.com/science/article/pii/S0143400409002677;;;;;;;;;;;
Cavia_tschudii;Rodentia;montane_guinea pig;Hemochorial;Labyrinthine;http://placentation.ucsd.edu/guinea.htm;;;;;;;;;;;
Chaetodipus_fallax;Rodentia;San_Diego pocket mouse;Hemochorial;Labyrinthine;https://www.sciencedirect.com/science/article/pii/S0143400409002677;;;;;;;;;;;
Chinchilla_brevicaudata;Rodentia;short-tailed_chinchilla;Hemochorial;Labyrinthine;http://www.vivo.colostate.edu/hbooks/pathphys/reprod/placenta/structure.html;;;;;;;;;;;
Chinchilla_chinchilla;Rodentia;short-tailed_chinchilla;Hemochorial;Labyrinthine;http://www.vivo.colostate.edu/hbooks/pathphys/reprod/placenta/structure.html;;;;;;;;;;;
Chinchilla_lanigera;Rodentia;long-tailed_chinchilla;Hemochorial;Labyrinthine;https://royalsocietypublishing.org/doi/full/10.1098/rsos.161098;;;;;;;;;;;
Clethrionomys_rutilus;Rodentia;northern_red-backed vole;Hemochorial;Labyrinthine;https://www.sciencedirect.com/science/article/pii/S0143400409002677;;;;;;;;;;;
Coendou_mexicanus;Rodentia;Mexican_hairy dwarf porcupine;Hemochorial;Labyrinthine;https://placentation.ucsd.edu/placenta.html;;;;;;;;;;;
Coendou_prehensilis;Rodentia;Brazilian_porcupine;Hemochorial;Labyrinthine;https://placentation.ucsd.edu/placenta.html;;;;;;;;;;;
Coendou_rothschildi;Rodentia;Rothschild's_porcupine;Hemochorial;Labyrinthine;https://placentation.ucsd.edu/placenta.html;;;;;;;;;;;
Crateromys_heaneyi;Rodentia;golden-mantled_ground squirrel;Hemochorial;Labyrinthine;https://placentation.ucsd.edu/placenta.html;;;;;;;;;;;
Cricetomys_gambianus;Rodentia;Gambian_pouched rat;Hemochorial;Labyrinthine;https://placentation.ucsd.edu/placenta.html;;;;;;;;;;;
Cricetulus_barabensis;Rodentia;Chinese_striped hamster;Hemochorial;Labyrinthine;https://placentation.ucsd.edu/placenta.html;;;;;;;;;;;
Cricetulus_longicaudatus;Rodentia;long-tailed_dwarf hamster;Hemochorial;Labyrinthine;https://placentation.ucsd.edu/placenta.html;;;;;;;;;;;
Ctenodactylus_gundi;Rodentia;common_gundi;Hemochorial;Labyrinthine;https://www.sciencedirect.com/science/article/pii/S0143400409002677;;;;;;;;;;;
Cuniculus_paca;Rodentia;lowland_paca;Hemochorial;Labyrinthine;https://placentation.ucsd.edu/placenta.html;;;;;;;;;;;
Cynomys_ludovicianus;Rodentia;black-tailed_prairie dog;Hemochorial;Labyrinthine;https://onlinelibrary.wiley.com/doi/pdf/10.1002/jez.a.10292;;;;;;;;;;;
Dasyprocta_azarae;Rodentia;South_Americanagouti;Hemochorial;Labyrinthine;https://www.sciencedirect.com/science/article/pii/S0143400409002677;;;;;;;;;;;
Dasyprocta_leporina;Rodentia;red-rumped_agouti;Hemochorial;Labyrinthine;https://www.sciencedirect.com/science/article/pii/S0143400409002677;;;;;;;;;;;
Dasyprocta_punctata;Rodentia;Central_American agouti;Hemochorial;Labyrinthine;https://www.sciencedirect.com/science/article/pii/S0143400409002677;;;;;;;;;;;
Dicrostonyx_groenlandicus;Rodentia;northern_collared lemming;Hemochorial;Labyrinthine;https://www.sciencedirect.com/science/article/pii/S0143400409002677;;;;;;;;;;;
Dinomys_branick;Rodentia;pacarana;Hemochorial;Labyrinthine;https://www.sciencedirect.com/science/article/pii/S0143400409002677;;;;;;;;;;;
Dipodomys_deserti;Rodentia;desert_kangaroo rat;Hemochorial;Labyrinthine;https://www.sciencedirect.com/science/article/pii/S0143400409002677;;;;;;;;;;;
Dipodomys_merriami;Rodentia;Merriam's_kangaroo rat;Endotheliochorial;Labyrinthine;https://www.sciencedirect.com/science/article/pii/S0143400409002677;;;;;;;;;;;
Dipodomys_ordii;Rodentia;Ord's_kangaroo rat;Endotheliochorial;Labyrinthine;https://www.sciencedirect.com/science/article/pii/S0143400409002677;;;;;;;;;;;
Dipodomys_panamintinus;Rodentia;Panamint_kangaroo rat;Endotheliochorial;Labyrinthine;https://www.sciencedirect.com/science/article/pii/S0143400409002677;;;;;;;;;;;
Dolichotis_patagonum;Rodentia;Patagonian_mara;Hemochorial;Labyrinthine;https://placentation.ucsd.edu/placenta.html;;;;;;;;;;;
Erethizon_dorsatum;Rodentia;North_American porcupine;Hemochorial;Labyrinthine;https://www.sciencedirect.com/science/article/pii/S0143400409002677;;;;;;;;;;;
Fukomys_damarensis;Rodentia;Damaraland_mole-rat;Hemochorial;Villous;https://placentation.ucsd.edu/placenta.html;;;;;;;;;;;
Fukomys_mechowii;Rodentia;Mechow's_mole-rat;Hemochorial;Labyrinthine;https://placentation.ucsd.edu/placenta.html;;;;;;;;;;;
Funambulus_pennantii;Rodentia;northern_palm squirrel;Hemochorial;Labyrinthine;https://www.sciencedirect.com/science/article/pii/S0143400409002677;;;;;;;;;;;
Galea_musteloides;Rodentia;common_yellow-toothed cavy;Hemochorial;Labyrinthine;https://www.sciencedirect.com/science/article/pii/S0143400409002677;;;;;;;;;;;
Geomys_bursarius;Rodentia;plains_pocket gopher;Hemochorial;Labyrinthine;https://www.sciencedirect.com/science/article/pii/S0143400409002677;;;;;;;;;;;
Glaucomys_sabrinus;Rodentia;northern_flying squirrel;Hemochorial;Labyrinthine;https://placentation.ucsd.edu/placenta.html;;;;;;;;;;;
Glaucomys_volans;Rodentia;southern_flying squirrel;Hemochorial;Labyrinthine;https://www.sciencedirect.com/science/article/pii/S0143400409002677;;;;;;;;;;;
Heterocephalus_glaber;Rodentia;naked_mole-rat;Hemochorial;Labyrinthine;https://placentation.ucsd.edu/placenta.html;;;;;;;;;;;
Hydrochaeris_hydrochaeris;Rodentia;capybara;Hemochorial;Labyrinthine;https://www.sciencedirect.com/science/article/pii/S0143400409002677;;;;;;;;;;;
Hydrochoerus_hydrochaeris;Rodentia;capybara;Hemochorial;Labyrinthine;https://www.sciencedirect.com/science/article/pii/S0143400409002677;;;;;;;;;;;
Hylopetes_winstoni;Rodentia;Sumatran_flying squirrel;Hemochorial;Labyrinthine;https://placentation.ucsd.edu/placenta.html;;;;;;;;;;;
Hystrix_africaeaustralis;Rodentia;Cape_porcupine;Hemochorial;Labyrinthine;https://www.sciencedirect.com/science/article/pii/S0143400409002677;;;;;;;;;;;
Hystrix_cristata;Rodentia;crested_porcupine;Hemochorial;Labyrinthine;https://www.sciencedirect.com/science/article/pii/S0143400409002677;;;;;;;;;;;
Hystrix_indica;Rodentia;Indian_crested porcupine;Hemochorial;Labyrinthine;https://placentation.ucsd.edu/placenta.html;;;;;;;;;;;
Ictidomys_tridecemlineatus;Rodentia;thirteen-lined_ground squirrel;Hemochorial;Labyrinthine;https://placentation.ucsd.edu/placenta.html;;;;;;;;;;;
Jaculus_jaculus;Rodentia;lesser_jerboa;Hemochorial;Labyrinthine;https://www.sciencedirect.com/science/article/pii/S0143400409002677;;;;;;;;;;;
Kerodon_rupestris;Rodentia;rock_cavy;Hemochorial;Labyrinthine;https://www.sciencedirect.com/science/article/pii/S0143400409002677;;;;;;;;;;;
Lagostomus_maximus;Rodentia;plains_viscacha;Hemochorial;Labyrinthine;https://www.sciencedirect.com/science/article/pii/S0143400409002677;;;;;;;;;;;
Lemmus_lemmus;Rodentia;Norway_lemming;Hemochorial;Labyrinthine;https://www.sciencedirect.com/science/article/pii/S0143400409002677;;;;;;;;;;;
Marmota_flaviventris;Rodentia;yellow-bellied_marmot;Hemochorial;Labyrinthine;https://www.sciencedirect.com/science/article/pii/S0143400409002677;;;;;;;;;;;
Marmota_monax;Rodentia;groundhog;Hemochorial;Labyrinthine;https://www.sciencedirect.com/science/article/pii/S0143400409002677;;;;;;;;;;;
Mastomys_natalensis;Rodentia;Natal_multimammate mouse;Hemochorial;Labyrinthine;https://placentation.ucsd.edu/placenta.html;;;;;;;;;;;
Meriones_shawi;Rodentia;Shaw's_jird;Hemochorial;Labyrinthine;https://www.sciencedirect.com/science/article/pii/S0143400409002677;;;;;;;;;;;
Meriones_unguiculatus;Rodentia;Mongolian_gerbil;Hemochorial;Labyrinthine;https://www.sciencedirect.com/science/article/pii/S0143400409002677;;;;;;;;;;;
Mesocricetus_auratus;Rodentia;golden_hamster;Hemochorial;Labyrinthine;https://www.sciencedirect.com/science/article/pii/S0143400409002677;;;;;;;;;;;
Microdipodops_megacephalus;Rodentia;dark_kangaroo mouse;Endotheliochorial;Labyrinthine;https://www.sciencedirect.com/science/article/pii/S0143400409002677;;;;;;;;;;;
Microtus_xanthognathus;Rodentia;taiga_vole;Hemochorial;Labyrinthine;https://www.sciencedirect.com/science/article/pii/S0143400409002677;;;;;;;;;;;
Mus_musculus;Rodentia;house_mouse;Hemochorial;Labyrinthine;https://www.sciencedirect.com/science/article/pii/S0143400409002677;;;;;;;;;;;
Myodes_glareolus;Rodentia;bank_vole;Hemochorial;Labyrinthine;https://www.sciencedirect.com/science/article/pii/S0143400409002677;;;;;;;;;;;
Myodes_rutilus;Rodentia;northern_red-backed vole;Hemochorial;Labyrinthine;https://www.sciencedirect.com/science/article/pii/S0143400409002677;;;;;;;;;;;
Myoprocta_pratti;Rodentia;green_acouchi;Hemochorial;Villous;https://onlinelibrary.wiley.com/doi/pdf/10.1002/jez.a.10292;;;;;;;;;;;
Neotoma_albigula;Rodentia;white-throated_woodrat;Hemochorial;Labyrinthine;https://placentation.ucsd.edu/placenta.html;;;;;;;;;;;
Neotoma_floridana;Rodentia;eastern_woodrat;Hemochorial;Labyrinthine;https://placentation.ucsd.edu/placenta.html;;;;;;;;;;;
Neotoma_fuscipes;Rodentia;dusky-footed_woodrat;Hemochorial;Labyrinthine;https://placentation.ucsd.edu/placenta.html;;;;;;;;;;;
Neotoma_lepida;Rodentia;desert_woodrat;Hemochorial;Labyrinthine;https://placentation.ucsd.edu/placenta.html;;;;;;;;;;;
Octodon_degus;Rodentia;common_degu;Hemochorial;Labyrinthine;http://placentation.ucsd.edu/degu.htm;;;;;;;;;;;
Ondatra_zibethicus;Rodentia;muskrat;Hemochorial;Labyrinthine;http://placentation.ucsd.edu/muskratfs.htm;;;;;;;;;;;
Otospermophilus_beecheyi;Rodentia;California_ground squirrel;Hemochorial;Labyrinthine;https://placentation.ucsd.edu/placenta.html;;;;;;;;;;;
Paraxerus_cepapi;Rodentia;Smith's_bush squirrel;Hemochorial;Labyrinthine;http://www.vivo.colostate.edu/hbooks/pathphys/reprod/placenta/structure.html;;;;;;;;;;;
Pedetes_capensis;Rodentia;South_African springhare;Hemochorial;Labyrinthine;https://www.sciencedirect.com/science/article/pii/S0143400409002677;;;;;;;;;;;
Perognathus_parvus;Rodentia;Great_Basin pocket mouse;Hemochorial;Labyrinthine;https://www.sciencedirect.com/science/article/pii/S0143400409002677;;;;;;;;;;;
Peromyscus_eremicus;Rodentia;cactus_mouse;Hemochorial;Labyrinthine;https://www.sciencedirect.com/science/article/pii/S0143400409002677;;;;;;;;;;;
Peromyscus_leucopus;Rodentia;white-footed_mouse;Hemochorial;Labyrinthine;https://www.sciencedirect.com/science/article/pii/S0143400409002677;;;;;;;;;;;
Peromyscus_maniculatus;Rodentia;deer_mouse;Hemochorial;Labyrinthine;https://www.sciencedirect.com/science/article/pii/S0143400409002677;;;;;;;;;;;
Peromyscus_polionotus;Rodentia;oldfield_mouse;Hemochorial;Labyrinthine;https://www.sciencedirect.com/science/article/pii/S0143400409002677;;;;;;;;;;;
Petromns_typicus;Rodentia;dassie_rat;Hemochorial;Labyrinthine;https://www.sciencedirect.com/science/article/pii/S0143400409002677;;;;;;;;;;;
Phodopus_campbelli;Rodentia;Campbell's_dwarf hamster;Hemochorial;Labyrinthine;http://placentation.ucsd.edu/siberianham.htm;;;;;;;;;;;
Phodopus_sungorus;Rodentia;winter_white dwarf hamster;Hemochorial;Labyrinthine;https://www.sciencedirect.com/science/article/pii/S0143400409002677;;;;;;;;;;;
Rattus_norvegicus;Rodentia;brown_rat;Hemochorial;Labyrinthine;https://www.sciencedirect.com/science/article/pii/S0143400409002677;;;;;;;;;;;
Ratufa_affinis;Rodentia;cream-coloured_giant squirrel;Hemochorial;Labyrinthine;https://placentation.ucsd.edu/placenta.html;;;;;;;;;;;
Sciurus_carolinensis;Rodentia;Geoffroy's_tamarin;Hemochorial;Labyrinthine;https://www.sciencedirect.com/science/article/pii/S0143400409002677;;;;;;;;;;;
Sciurus_niger;Rodentia;fox_squirrel;Hemochorial;Labyrinthine;https://www.sciencedirect.com/science/article/pii/S0143400409002677;;;;;;;;;;;
Sciurus_vulgaris;Rodentia;red_squirrel;Hemochorial;Labyrinthine;https://www.sciencedirect.com/science/article/pii/S0143400409002677;;;;;;;;;;;
Sekeetamys_calurus;Rodentia;bushy-tailed_jird;Hemochorial;Labyrinthine;https://placentation.ucsd.edu/placenta.html;;;;;;;;;;;
Spalax_ehrenbergi;Rodentia;Middle_East blind mole-rat;Hemochorial;Labyrinthine;https://placentation.ucsd.edu/placenta.html;;;;;;;;;;;
Spalax_giganteus;Rodentia;giant_mole-rat;Hemochorial;Labyrinthine;https://placentation.ucsd.edu/placenta.html;;;;;;;;;;;
Spermophilus_citellus;Rodentia;European_ground squirrel;Hemochorial;Labyrinthine;https://www.sciencedirect.com/science/article/pii/S0143400409002677;;;;;;;;;;;
Spermophilus_elegans;Rodentia;Wyoming_ground squirrel;Hemochorial;Labyrinthine;https://www.sciencedirect.com/science/article/pii/S0143400409002677;;;;;;;;;;;
Spermophilus_franklinii;Rodentia;Franklin's_ground squirrel;Hemochorial;Labyrinthine;https://www.sciencedirect.com/science/article/pii/S0143400409002677;;;;;;;;;;;
Spermophilus_richardsonii;Rodentia;Richardson's_ground squirrel;Hemochorial;Labyrinthine;https://www.sciencedirect.com/science/article/pii/S0143400409002677;;;;;;;;;;;
Spermophilus_tridecemlineatus;Rodentia;thirteen-lined_ground squirrel;Hemochorial;Labyrinthine;https://www.sciencedirect.com/science/article/pii/S0143400409002677;;;;;;;;;;;
Sphiggurus_villosus;Rodentia;Paraguaian_hairy dwarf porcupine;Hemochorial;Labyrinthine;https://placentation.ucsd.edu/placenta.html;;;;;;;;;;;
Tamias_amoenus;Rodentia;yellow-pine_chipmunk;Hemochorial;Labyrinthine;https://www.sciencedirect.com/science/article/pii/S0143400409002677;;;;;;;;;;;
Tamias_quadrivittatus;Rodentia;Colorado_chipmunk;Hemochorial;Labyrinthine;https://www.sciencedirect.com/science/article/pii/S0143400409002677;;;;;;;;;;;
Tamias_striatus;Rodentia;eastern_chipmunk;Hemochorial;Labyrinthine;https://www.sciencedirect.com/science/article/pii/S0143400409002677;;;;;;;;;;;
Tamiasciurus_hudsonicus;Rodentia;American_red squirrel;Hemochorial;Labyrinthine;https://www.sciencedirect.com/science/article/pii/S0143400409002677;;;;;;;;;;;
Thomomys_bottae;Rodentia;Botta's_pocket gopher;Hemochorial;Labyrinthine;https://www.sciencedirect.com/science/article/pii/S0143400409002677;;;;;;;;;;;
Urocitellus_columbianus;Rodentia;Columbian_ground squirrel;Hemochorial;Labyrinthine;https://placentation.ucsd.edu/placenta.html;;;;;;;;;;;
Urocitellus_endemicus;Rodentia;southern_Idaho ground squirrel;Hemochorial;Labyrinthine;https://placentation.ucsd.edu/placenta.html;;;;;;;;;;;
Urocitellus_richardsonii;Rodentia;Richardson's_ground squirrel;Hemochorial;Labyrinthine;https://placentation.ucsd.edu/placenta.html;;;;;;;;;;;
Xerus_inauris;Rodentia;Cape_ground squirrel;Hemochorial;Labyrinthine;https://www.sciencedirect.com/science/article/pii/S0143400409002677;;;;;;;;;;;
Zapus_hudsonius;Rodentia;meadow_jumping mouse;Hemochorial;Labyrinthine;https://www.sciencedirect.com/science/article/pii/S0143400409002677;;;;;;;;;;;
Anathana_ellioti;Scandentia;Madras_treeshrew;Endotheliochorial;Labyrinthine;https://placentation.ucsd.edu/placenta.html;;;;;;;;;;;
Dendrogale_murina;Scandentia;northern_smooth-tailed treeshrew;Endotheliochorial;Labyrinthine;https://www.sciencedirect.com/science/article/pii/S0143400409002677;;;;;;;;;;;
Tupaia_belangeri;Scandentia;northern_treeshrew;Endotheliochorial;Labyrinthine;https://www.sciencedirect.com/science/article/pii/S0143400409002677;;;;;;;;;;;
Tupaia_glis;Scandentia;common_treeshrew;Endotheliochorial;Labyrinthine;https://www.sciencedirect.com/science/article/pii/S0143400409002677;;;;;;;;;;;
Tupaia_gracilis;Scandentia;slender_treeshrew;Endotheliochorial;Labyrinthine;https://www.sciencedirect.com/science/article/pii/S0143400409002677;;;;;;;;;;;
Tupaia_javanica;Scandentia;Horsfield's_treeshrew;Endotheliochorial;Labyrinthine;https://www.sciencedirect.com/science/article/pii/S0143400409002677;;;;;;;;;;;
Tupaia_longipes;Scandentia;long-footed_treeshrew;Endotheliochorial;Labyrinthine;https://www.sciencedirect.com/science/article/pii/S0143400409002677;;;;;;;;;;;
Tupaia_minor;Scandentia;pygmy_treeshrew;Endotheliochorial;Labyrinthine;https://www.sciencedirect.com/science/article/pii/S0143400409002677;;;;;;;;;;;
Tupaia_montana;Scandentia;mountain_treeshrew;Endotheliochorial;Labyrinthine;https://www.sciencedirect.com/science/article/pii/S0143400409002677;;;;;;;;;;;
Tupaia_palawanensis;Scandentia;Palawan_treeshrew;Endotheliochorial;Labyrinthine;https://www.sciencedirect.com/science/article/pii/S0143400409002677;;;;;;;;;;;
Tupaia_picta;Scandentia;painted_treeshrew;Endotheliochorial;Labyrinthine;https://www.sciencedirect.com/science/article/pii/S0143400409002677;;;;;;;;;;;
Tupaia_tana;Scandentia;large_treeshrew;Hemochorial;Labyrinthine;https://onlinelibrary.wiley.com/doi/epdf/10.1002/ar.1091320403;;;;;;;;;;;
Urogale_everetti;Scandentia;Mindanao_treeshrew;Endotheliochorial;Labyrinthine;https://www.sciencedirect.com/science/article/pii/S0143400409002677;;;;;;;;;;;
Trichechus_inunguis;Sirenia;Amazonian_manatee;Endotheliochorial;Labyrinthine;https://www.sciencedirect.com/science/article/pii/S0143400409002677;;;;;;;;;;;
Trichechus_manatus;Sirenia;West_Indian manatee;Endotheliochorial;Labyrinthine;https://www.semanticscholar.org/paper/Placentation-in-the-Amazonian-manatee-(Trichechus-Carter-Miglino/9dc0558666ba7e53bdf3908a3a907ee06524bca1;;;;;;;;;;;
Hippopotamus_amphibius;Therapsida;hippopotamus;Epitheliochorial;Villous;https://placentation.ucsd.edu/hippo.htm;;;;;;;;;;;
Orycteropus_afer;Tubulidentata;aardvark;Endotheliochorial;Labyrinthine;http://placentation.ucsd.edu/aard.html;;;;;;;;;;;
